pub,pubLabel
http://rdfh.ch/0112/RYxIrK54SK6mp6AYCmM0-Q,pub_test
http://rdfh.ch/0112/0J2SMGqyQv6NBEzYA3EVgg,"pub_Auberjonois René_Avant les autruches, après les iguanes…, Lettres à Gustave Roud, 1922-1954_1999"
http://rdfh.ch/0112/FkUAfEe-QdC-7o9XLGE1ng,pub_Boller Willy_Hokusai. Un maître de l’estampe japonaise_Clairefontaine_1955
http://rdfh.ch/0112/qzxoeVLtSnCGc2qUjgjmrA,"pub_Brentano, Hölderlin, Novalis_Lettres sur le romantisme allemand_1974"
http://rdfh.ch/0112/bNtAin75QwKTPJBejYPHSQ,"pub_Brock-Sulzer Elisabeth_Gotthard Schuh, Instants volés, Instants donnés_1956"
http://rdfh.ch/0112/Gq6_k3rcTK2lkbbcRJxwkg,"pub_Chappaz Maurice, Jaccottet Philippe, Chessex Jacques_Adieu à Gustave Roud_1977"
http://rdfh.ch/0112/Klfs7481Sw-q7UXwMfPmLg,"pub_Chessex Jacques_Après la journée des lettres vaudoises, Signification d'une fête_1957"
http://rdfh.ch/0112/ASmsuPt5S-Gz_UlA-dZWTg,"pub_Collectif_Gustave Roud, la plume et le regard_2015"
http://rdfh.ch/0112/11bg5QLsR6-EbugX4m7qdA,"pub_Collectif_Gustave Roud, le monde des signes et l'univers des choses_2015"
http://rdfh.ch/0112/EPipawlYRuSizXzbDkgBDg,pub_Collectif_Hommage à Gustave Roud_1957
http://rdfh.ch/0112/tu-LzwEFTpymTqUAkSkV2g,"pub_Fischer Hans_Pitchi, le petit chat qui désirait toujours autre chose. Une histoire un peu triste, mais qui finit bien_1948"
http://rdfh.ch/0112/sq-7aGgsSDultOS-YbXbuw,pub_Geiser Bernhard_L'Œuvre gravé de Picasso_1955
http://rdfh.ch/0112/hw0_PrZeSHWWs69Iz7PXnA,"pub_Rome, Peintres et écrivains_1954"
http://rdfh.ch/0112/ci_KcPFDRV-6xOT-hDZBYQ,"pub_Nietzsche Friedrich, Rilke Rainer Maria, Goethe Johann Wolfgang_Venise, album d’artistes_Mermod_1945"
http://rdfh.ch/0112/IGTyFNIjR4SnXrsNTGNu9Q,pub_Grimm _La Coquinaille. Un conte des frères Grimm dessiné par Hans Fischer et mis en français par Gustave Roud_1948
http://rdfh.ch/0112/CTQxl0YhTO6EYKSmRWETaA,"pub_Gsteiger Manfred_Westwind, Aufsätze zur Literatur der romanischen Schweiz_1968"
http://rdfh.ch/0112/ama6KAkxRi2YP4YLke65Hw,pub_Gudmundsson Kristmann_Rive bleue_1944
http://rdfh.ch/0112/v2yo565fSyiy3AQov4g5mA,pub_Heym Georg_Campagne perdue_1972
http://rdfh.ch/0112/sE0pGZmtQWG_uaF1cUiYQw,pub_Hölderlin Friedrich_Poèmes de Hölderlin. Version française de Gustave Roud_1942
http://rdfh.ch/0112/KzSSYE1qRtWFlC56xG0QMQ,pub_Hölderlin Friedrich_Quelques poèmes des temps obscurs_2006
http://rdfh.ch/0112/hSCCMqFYT5Wi15RAmoUp_Q,pub_Hölderlin Friedrich_Oeuvres_1967
http://rdfh.ch/0112/9AXMNrhMSDu9o7U8WKj4Rw,pub_Béguin Albert_L'Âme romantique et le rêve_1939
http://rdfh.ch/0112/nMjMvpxPQzqn5c7ku80_1Q,"pub_Hollaert Grietje_La Manière de Gustave Roud, Radiographie d'un style_1991"
http://rdfh.ch/0112/jmRt7XVURDWZjMsXvfqqlQ,pub_Huttinger Edouard_La Peinture hollandaise au XVIIe siècle_1956
http://rdfh.ch/0112/obd_3esZRvyLYFGRCI8elQ,pub_Jaccottet Philippe_Gustave Roud_1968
http://rdfh.ch/0112/rVpBuBzJSr6Rx3gs2KaZKg,"pub_Jaquier Claire_Gustave Roud et la tentation du romantisme, Fables et figures de l'esthétique littéraire romande 1930-1940_1987"
http://rdfh.ch/0112/dlF6_EtoQNCqfW5b1X5tfg,"pub_Oeschger Johannes_Dormi, che vuoi di più?_1957"
http://rdfh.ch/0112/FudT_6M1R12vTO_G-E6sKg,pub_Keller Urs_Gustave Roud ou la recherche d'un paradis terrestre_1971
http://rdfh.ch/0112/B6RtyVSoRsCock270UKaVg,pub_Kobilijac Ursula_Echoes of Germanic Poetry in the Work of Gustave Roud_1993
http://rdfh.ch/0112/06tpyn6xSWm8faF9vuhg9Q,pub_Lejeune Robert_Honoré Daumier_1953
http://rdfh.ch/0112/CDmxEKV_TmSdCXMVvg830A,pub_Novalis_Hymnes à la Nuit_1966
http://rdfh.ch/0112/SSAYbZMpTpWX9J-OwM0Cgg,pub_Novalis_Les Disciples à Saïs. Hymnes à la nuit. Journal. Nouvelle version française de Gustave Roud_1948-10-15
http://rdfh.ch/0112/G3WIK8HtRoWVpjlvl1JeQw,pub_Novalis_Les Disciples à Saïs. Hymnes à la nuit. Journal. Version française de Gustave Roud_2002
http://rdfh.ch/0112/HuQQBKDARDOqeBG_7Zze8Q,pub_Rilke Rainer Maria_Arrière-automne à Venise_2008
http://rdfh.ch/0112/eEg9sxDATrWK37Z3OzbTag,"pub_Rilke Rainer Maria_Lettres à un jeune poète, précédées d'Orphée et suivies de deux essais sur la poésie_1945-12-05"
http://rdfh.ch/0112/0HFhNe5USDCfR7pbJHeowA,pub_Rilke Rainer Maria_Lettres à un jeune poète. Précédées d’Orphée et suivies de deux essais sur la poésie_1990
http://rdfh.ch/0112/lGH290p3SBeWML2lB_y1AA,pub_Roud Gustave_Poésie_1950-09-15
http://rdfh.ch/0112/IFC0nd9wQrmOhWsf-UBT2A,pub_Roud Gustave_Journal_1982
http://rdfh.ch/0112/6TMK1ux1S6iDMQYo2FZ_eQ,"pub_Roud Gustave_Journal, Carnets, cahiers et feuillets, 1916-1971 _2004"
http://rdfh.ch/0112/K2OVZydJS42GUsMJvKhP-A,pub_Roud Gustave_Adieu_1927
http://rdfh.ch/0112/t5NxkeItSUyrc3AYEcAuwA,pub_Roud Gustave_Adieu_1944
http://rdfh.ch/0112/Y22dveUORt-sucZQtyRgDA,pub_Roud Gustave_Adieu  Requiem_1997
http://rdfh.ch/0112/_CWQItLmRciQ_ALN0F03JA,pub_Roud Gustave_Air de la solitude_1945-03
http://rdfh.ch/0112/0lSWJ67sSTGd0NmGDmDNlQ,pub_Roud Gustave_Air de la solitude_1988
http://rdfh.ch/0112/L37z2AfAQimP_B7E9jvLYw,pub_Roud Gustave_Air de la solitude et autres écrits_2002
http://rdfh.ch/0112/4WTPiaeqS_6uLd0Qwhl7UQ,pub_Roud Gustave_Air de la solitude suivi de Campagne perdue_1995
http://rdfh.ch/0112/pKBOXI-GSEyVBBECW1Xgkw,pub_Roud Gustave_Campagne perdue_1972-04-15
http://rdfh.ch/0112/BbnLAVeaS8ChIeTqMi4wbQ,pub_Roud Gustave_Écrits_1950-09-15
http://rdfh.ch/0112/rZGaOv3fS4apqO0svSKKxw,pub_Roud Gustave_Écrits II_1978
http://rdfh.ch/0112/l4W4K1uOSsGJ-mQSj5CZkA,pub_Roud Gustave_Essai pour un paradis_1933-05
http://rdfh.ch/0112/tjXDi9_VQRS711AETwDeZg,pub_Roud Gustave_Essai pour un paradis_1978
http://rdfh.ch/0112/LGyTg8HSTNaCaCAknTAVWw,pub_Roud Gustave_Essai pour un paradis suivi du Petit Traité de la marche en plaine_1984
http://rdfh.ch/0112/MBnQ02C1Q2aIC8iIEA3NMg,pub_Roud Gustave_Feuillets_1929-10
http://rdfh.ch/0112/Lm5gHz3MSKKve-sKPBdlnw,pub_Roud Gustave_Haut-Jorat_2001
http://rdfh.ch/0112/tox6BvZGSkuSmn8kuIPqzw,pub_Roud Gustave_Haut-Jorat_1949-12-31
http://rdfh.ch/0112/ZcDPoKScRc2FeVeaOdZBtQ,"pub_Roud Gustave_Haut-Jorat, Texte & photographies_1978"
http://rdfh.ch/0112/svsVDi4xTe6o2KqoLQ37CA,pub_Roud Gustave_Ici ce conte_1997
http://rdfh.ch/0112/xT56jykER8-mlgxi-jFXsA,pub_Roud Gustave_Le Repos du cavalier_1958-10
http://rdfh.ch/0112/hfgoD_TORjCLAL-YvToVNA,pub_Roud Gustave_Le Repos du cavalier_2003
http://rdfh.ch/0112/8orv4B4cRN6qGPNl_RilQQ,pub_Roud Gustave_Les Fleurs et les Saisons_1991
http://rdfh.ch/0112/TQcAaNeDT1e2CmEFtJePSA,"pub_Roud Gustave_Petit traité de la marche en plaine suivi de lettres, dialogues et morceaux_1932-06"
http://rdfh.ch/0112/MMrSn9vvQ_GYYHZ0gV4-gQ,pub_Roud Gustave_Poésie_2003
http://rdfh.ch/0112/D2oSkK2-QA-gw4ZVemxIBQ,pub_Roud Gustave_Pour un moissonneur_1941-04-07
http://rdfh.ch/0112/Sp_Gcm6fTsGBuYitYex_SA,pub_Roud Gustave_Requiem_1967
http://rdfh.ch/0112/SuhMzriYT6KaPVAjcWSRTw,pub_Roud Gustave_Écrits_1978
http://rdfh.ch/0112/Cmv7mfvTTlecXLyGhwIbhQ,pub_Roud Gustave_Écrits II_1950-10-15
http://rdfh.ch/0112/fKUjvoFvQtOFKMs0Jhlkfw,pub_Roud Gustave_Écrits III_1978
http://rdfh.ch/0112/BVuwL5z4QwmyWM9pHGkh8Q,pub_Roud Gustave_Deux poëmes du temps de la moisson
http://rdfh.ch/0112/MSofPXEmTXWfL5xweBMzjg,pub_Roud Gustave_Entretiens_2017
http://rdfh.ch/0112/rhNYWbgLSAOfYDMj5yDlXQ,pub_Roud Gustave_Étoile_1952-10
http://rdfh.ch/0112/lj_nowgdQF-RK_Tf8lf1Xw,pub_Roud Gustave_Fernand contre le ciel_1958-03-16
http://rdfh.ch/0112/5qcC8SJTSx6QX5sLI2l_0Q,pub_Roud Gustave_Lectures_1988
http://rdfh.ch/0112/npU6_4X5Ti62qwmNzGvldg,pub_Roud Gustave_Salut à quelques peintres_1999
http://rdfh.ch/0112/ltiZBNNYTpuiK0r-I-d69Q,pub_Roud Gustave_Vues sur Rimbaud_2010
http://rdfh.ch/0112/9KkV4gN2Sqi0DkrHzFuYIA,"pub_Roud Gustave_Écrit à Carrouge, précédé de Calendrier_2001"
http://rdfh.ch/0112/oegsYsuhRyut2j_vDHeagA,"pub_Roud Gustave, Béguin Albert_Lettres sur le romantisme allemand_1974"
http://rdfh.ch/0112/d7xa60KtToy9uOjMby8A5w,"pub_Roud Gustave, Chappaz Maurice_Correspondance 1939-1976_1993"
http://rdfh.ch/0112/fFi3Z-CqSiWAhBFJD9vWag,"pub_Roud Gustave, Chessex Jacques_Correspondance 1953-1976_2011"
http://rdfh.ch/0112/uRD2U3IrS6-fkDd9pkUYYQ,"pub_Roud Gustave, Jaccottet Philippe_Correspondance 1942-1976_2002"
http://rdfh.ch/0112/P-SG5f2HTjOUfXPKbGvmKQ,"pub_Roud Gustave, Martin Vio_Correspondance littéraire et amoureuse_1994"
http://rdfh.ch/0112/Fb0gIqR5QoOqUqIEm-rMCA,"pub_Roud Gustave, Nicole Georges_Correspondance 1920-1959_2009"
http://rdfh.ch/0112/9h0IX5d3QOWDufGRh1l2eQ,"pub_Roud Gustave, Palézieux Gérard de_Halte en juin_2001"
http://rdfh.ch/0112/M5STmjaVQPO5EKiPfj3CpA,"pub_Roud Gustave, Palézieux Gérard de_Image sans emploi_2002"
http://rdfh.ch/0112/5aSSdAs4QTmLsQnYKOwdSA,"pub_Roud Gustave, Simond Daniel_Avec Ramuz_1967"
http://rdfh.ch/0112/dhZWTY2BQe6Y09hoQqK4EA,pub_Salem Gilbert_Gustave Roud_1986
http://rdfh.ch/0112/Zwq7so30Q52F08dNB6bBNQ,pub_Santschi Madeleine_Gustave Roud: Petits riens_1988
http://rdfh.ch/0112/V8v1RLYBShyAvU0BYLS3_w,"pub_Schnyder Peter_Les Chemins de Gustave Roud, Actes du colloque international organisé par le Centre de recherche sur l'Europe littéraire_2004"
http://rdfh.ch/0112/nPSvKyswSwmA26j7_YishA,"pub_Schuh Gotthard_Îles des dieux. Java, Sumatra, Bali_1954"
http://rdfh.ch/0112/MRJVTpi7SESNfSRSURF5fg,pub_Titus-Carmel Gérard_Gustave Roud: une solitude dans les saisons_2005
http://rdfh.ch/0112/7YYBzA7qQnW3_wzgeJAi2g,pub_Trakl Georg_Vingt-quatre poèmes_1978
http://rdfh.ch/0112/GBIUsHfVTFaIl1dxu_aJWg,"pub_Vincent Gilbert_Gustave Roud, Point de vue d'un homme discret_1981"
http://rdfh.ch/0112/rvQPOJXdSemdR4ArvaVnwQ,pub_Weber-Perret Myrian_Ecrivains romands 1900-1950_1951
http://rdfh.ch/0112/TG2iIQ0YSMW8OFTab_JQxQ,pub_Le romantisme allemand_Les cahiers du sud_1937
http://rdfh.ch/0112/zGshA2KbSUqTa7bQekkfnw,"pub_Oeschger Johannes_[Calendriers des années 1960, 1961, 1962 et 1971]_J.R. Geigy"
http://rdfh.ch/0112/8dPZBZnUT_CcT9rEIVXqgg,pub_Schuh Gotthard_Instants volés instants donnés_1956
http://rdfh.ch/0112/-NrOEbYlTZeBRt3rJZwUQQ,pub_Wyrsch Jakob_États dépressifs_Acta psychosomatica_1958-12
http://rdfh.ch/0112/a7ahy40HS-e-wTz6-Lss7A,"pub_Roud Gustave_Moissons_l’Almanach des champs, 1er mai-1er novembre 1930_1930"
http://rdfh.ch/0112/wMmv6FGkSl6TcktgAWuo5Q,"pub_Roud Gustave_""Bain d'un faucheur"" et ""Extrême automne""_Anthologie de la poésie française, le XXe siècle_1967"
http://rdfh.ch/0112/hV7sUZH7T3i_6Ep3GxbfNw,"pub_Roud Gustave_[Voies étranges du souvenir…]_C. F. Ramuz, [Questions]_1967"
http://rdfh.ch/0112/tluze2qMQEO6rRiwyuNuwQ,"pub_Roud Gustave_La Présence perdue_C. F. Ramuz, Chant de Pâques_1951"
http://rdfh.ch/0112/rCwUIq1FTimBlDx57mJULQ,"pub_Roud Gustave_Petite lettre au maître ymagier Max Roth_C. F. Ramuz, Le Passage du poète, un carré présenté par Gustave Roud_1960"
http://rdfh.ch/0112/0YjP0OkJSKOoZ0dttLDFjQ,pub_Boulanger Mousse_Promenade avec Gustave Roud_Calligrammes_1987
http://rdfh.ch/0112/BcH6JHuOT3KogEuedqI8zA,"pub_Roud Gustave_Croyez-moi, la poésie…_Camp de dessin. Expressions, Recherches_1969"
http://rdfh.ch/0112/EKIQhRCpRKSze00bHM_HJg,"pub_Roud Gustave_[Peut-être la brève présentation…]_Catherine Colomb, Œuvres_1968"
http://rdfh.ch/0112/CnomPqx2S7aBNDkaPNo-NQ,"pub_Roud Gustave_Préface [Peut-être la brève présentation…]_Catherine Colomb, Œuvres complètes_1993"
http://rdfh.ch/0112/fyf5GfsIQuK0AlBZ_DFyPA,pub_Roud Gustave_La petite gare_CFF. Pour un anniversaire (1847-1947)_1947
http://rdfh.ch/0112/3fwoCl67SeeXu4UkUlny2A,"pub_Roud Gustave_L'Aveuglement_Daniel Maggetti, Lectures conseillées, Une anthologie_2002"
http://rdfh.ch/0112/TevXH-2nRFum3wzx3-ycYQ,"pub_Roud Gustave_Labour ancien_De Ronsard à Breton, recueil d'essais, hommages à Marcel Raymond_1967-06"
http://rdfh.ch/0112/zqflqkoWTsmDU0g7kuCfwA,pub_Schwendimann Max A._Gustave Roud_Der Bund_1968-01-26
http://rdfh.ch/0112/L2q1hxgbQTKIc2b0e9Km2w,"pub_Roud Gustave_Petite lettre à Jean-David Lecoultre_Don Quichotte de la Manche, caballero andante. Carré réalisé d'après le carton de Jean-David Lecoultre et présenté par Gustave Roud_1959-12"
http://rdfh.ch/0112/68CfJfzMQYeQ_siCsrOY9w,"pub_Roud Gustave_[""Car, hélas ! la passion aveugle…""]_Exposition Jean Louis Clerc_1947-11"
http://rdfh.ch/0112/ZZ9ss5nWSpqFbC9-LkshBA,"pub_Roud Gustave_Préface_Félix Vallotton, Corbehaut_1970"
http://rdfh.ch/0112/fv5w-wbkQ5G2D9t5fWcGYg,pub_Hölderlin Friedrich_Grèce Âges de la vie_Lettres françaises_1967-05
http://rdfh.ch/0112/zisLNV5LRVOIqz4oYdpzYg,pub_Roud Gustave_Reconnaissance de dette_Galerie Paul Vallotton S.A. Lausanne _1973
http://rdfh.ch/0112/CVT01VvoQB2zjcu4bkgVZA,pub_Roud Gustave_Une toile un visage_Gaston Vaudou_1958-09-30
http://rdfh.ch/0112/r0QROaNoRimi25evt0EeiA,"pub_Roud Gustave_Bûcherons au travail dans le Jorat et La fenaison_Henri Rebeaud, Le Canton de Vaud_1952"
http://rdfh.ch/0112/HHbPZNR0QiWE9qsO1ksRrw,pub_Roud Gustave_Portraits de fleurs_Herbier des plantes suisses de Rosalie de Constant _1961
http://rdfh.ch/0112/76die0vgQkqlUdoiAUCTvQ,pub_Roud Gustave_Hommage_Hommage à C. F. Landry_1969
http://rdfh.ch/0112/v026xn1LS-OfzzcpQLpM9w,pub_Roud Gustave_Hommage_Hommage à C. F. Ramuz_1938
http://rdfh.ch/0112/OUftYHgfRheiszbDwGM9Dw,pub_Roud Gustave_Petit rappel amical d'une découverte_Hommage à Jaques Berger_1963
http://rdfh.ch/0112/O2yrWk8VTIW8leZbzCVJvg,pub_Roud Gustave_Mémoire_Inno-Reflets_1967
http://rdfh.ch/0112/tMFBPKCOQSepscmDMh3ToQ,"pub_Roud Gustave_[Que de vies attendent le regard d'autrui…]_Jean Clerc, Sculpteur, 1908-1933_1943-11-12"
http://rdfh.ch/0112/fESZRpdcTvi80cQBa_p_Zg,pub_Roud Gustave_Le mystère Lecoultre_Jean Lecoultre_Dix pochoirs_1959
http://rdfh.ch/0112/VKgn8WduRnWXkSTTdmEmJA,"pub_Roud Gustave, Paulhan Jean_Correspondance Jean Paulhan – Gustave Roud_Jean Paulhan, C. F. Ramuz, Gustave Roud, Le Patron, le pauvre homme, le solitaire. Lettres, articles et documents_2007"
http://rdfh.ch/0112/v5JoQiOARNO6lrirRHZv3g,"pub_Hölderlin Friedrich_Le Rhin_Jean Paulhan, C. F. Ramuz, Gustave Roud, Le Patron, le pauvre homme, le solitaire. Lettres, articles et documents_2007"
http://rdfh.ch/0112/tsdZFPk4RSyqMZXjl3LUEw,pub_Roud Gustave_Le Haut-Jorat_Jorat_1974
http://rdfh.ch/0112/cu1iDmTpQauBSLw_wUqdAA,"pub_Roud Gustave_La vie artistique, L'aula décorée par M. Rivier_L'Aula du Palais de Rumine, le décor de Louis Rivier_1987"
http://rdfh.ch/0112/tpJxqYZYT1C7vJ6O-g4hog,pub_Roud Gustave_Lutteur _La Terre Vaudoise_1938-10-22
http://rdfh.ch/0112/gvBg_3xSTNGd_EtW_9pjag,pub_Roud Gustave_Itinéraire…_La Vallée de la Broye_1953
http://rdfh.ch/0112/9qtgSdlXQr6vzDrx5qUKvQ,"pub_Anex Georges_Gustave Roud, ce voyageur jamais arrivé_La Vie protestante_1967-04-07"
http://rdfh.ch/0112/gHaDrDwISxWPAibrJpZfSA,"pub_Roud Gustave_Paysan vaudois. Labour d'automne à la charrue brabant. Pour assurer l'alimentation du peuple suisse : les semailles_Le paysan suisse, sa patrie et son oeuvre : conditions et évolution de l'agriculture suisse au vingtième siècle_1939"
http://rdfh.ch/0112/sqndl9LVQkqex3s6Yn_pzQ,"pub_Roud Gustave_Lieu de toutes les rencontres, cette ville encore proche…_Lausanne_1952"
http://rdfh.ch/0112/KL4wfiWITaiD_vOSfjpOYQ,pub_B. L._Le retour de Gustave Roud_Le Commerçant_1968-03
http://rdfh.ch/0112/umr3pNDvSZG4fXAMuxRsaQ,"pub_Roud Gustave_Mirage d'hiver _Littératures de langue française hors de France , Anthologie didactique_1976"
http://rdfh.ch/0112/-1iEsqtuS-SowC2an_DyRA,pub_Roud Gustave_Deux poèmes du temps de la moisson_Nos plumes et nos presses: anthologie des écrivains et des imprimeurs_1934
http://rdfh.ch/0112/S0FK89T3Qn6dnCNGXdOPMw,"pub_Roud Gustave_[La lente conquête qu'un peintre entreprend…]_Palézieux. Catalogue de l'exposition au Musée Jenisch, Vevey, du 21 mai au 6 août 1989_1989"
http://rdfh.ch/0112/8JxZz3sVSvGE0V6kGiqeoQ,"pub_Roud Gustave_Bain d'un faucheur, Le cerisier_Poètes d'aujourd'hui_1947"
http://rdfh.ch/0112/osvcO4dMQlaJ0TuFr0toKw,"pub_Hölderlin Friedrich_""Prière aux Parques"", ""Le cimetière""_Poètes d'aujourd'hui_1947"
http://rdfh.ch/0112/SIR_JxgsTtSRmq-rCEfa-A,"pub_Roud Gustave_Des Cahiers vaudois à Aujourd'hui_Préface à C.F. Ramuz, Lettres _1959"
http://rdfh.ch/0112/Ql1TFJKzSQScWDYVVJ1oaw,pub_Roud Gustave_Deux feuillets de journal_Présence de Ramuz_1951-10
http://rdfh.ch/0112/JlVveuZERyWZQEE9s6jZ8w,"pub_Depoissier Claude_Auteurs de chez nous, ""Requiem"" de Gustave Roud_Radio, Je vois tout_1968-02-15"
http://rdfh.ch/0112/dMp8epgqR-iRRKRRiGf9Xw,"pub_s.n.a._""Requiem"" par Gustave Roud_Radio, Je vois tout_1968-02-15"
http://rdfh.ch/0112/sM68ZNt3RQOOFsjryoHklQ,"pub_Roud Gustave_Deux feuillets de journal, Hommage, Au temps d'Aujourd'hui, Poétique, La Présence perdue, Voilà vingt ans s'éteignait le grand Ramuz_Ramuz vu par ses amis: Adrien Bovy, Charles-Albert Cingria, Edmond Gilliard, Paul Budry, Ernest Ansermet, René Auberjonois, Albert Muret, Elie Gagenbin, Henri-Louis Mermod, Gustave Roud_1988"
http://rdfh.ch/0112/a5QWH0mQQDuRtCOwq4u4wA,"pub_Roud Gustave, Simond Daniel_Pareil à un bel arbre_Ramuz, Charles Ferdinand, Œuvres complètes_1967"
http://rdfh.ch/0112/dZcs2PW1Sm23BBkXEyAQ7g,"pub_Pache Roger_Mes relations d'amitié avec Gustave Roud,_Rencontres et Souvenirs, 1914-1984_1985"
http://rdfh.ch/0112/r0hbAb2iTTqz7MPMMlX_Sw,"pub_Roud Gustave_Sur Auberjonois_Rétrospective Auberjonois , au Musée cantonal des Beaux-Arts de Lausanne, du 6 septembre au 19 octobre 1958_1958"
http://rdfh.ch/0112/Rp6lMnWNRPCYGJvf7c8WGg,pub_Rilke Rainer Maria_Lettre sur Muzot. Deux lettres à Mademoiselle X_Rilke en Valais_1946
http://rdfh.ch/0112/heJB9NoGSli01V97qUKuLw,"pub_Roud Gustave_Air de la solitude_S. Corinna Bille, Maurice Chappaz_1953-01"
http://rdfh.ch/0112/wrAkfs1jThKfzcLUbZ6DSg,"pub_Roud Gustave_Sur la poésie de Maurice Chappaz_S. Corinna Bille, Maurice Chappaz_1953-01"
http://rdfh.ch/0112/3OqIoHajTpeYyi0dmjlusw,"pub_Roud Gustave_Bain d'un faucheur_Siegfried Lang, Schweizer Dichtung im Querschnitt_1938"
http://rdfh.ch/0112/ZTm9miD6TPWUvxIUvmBEYw,"pub_Roud Gustave_Le Peintre Steven-Paul Robert_Steven-Paul Robert, 1896, ""Les Cahiers d'Art-Documents""_1966"
http://rdfh.ch/0112/Cdu3LVlkSlK1r9AXLEuATQ,"pub_Bucher Werner_Ein welscher Dichter, der zu entdecken wäre_Tages-Anzeiger_1972-10-27"
http://rdfh.ch/0112/ZlV1kOL1TzCl93o4LqMIOw,pub_Roud Gustave_D'une marche de nuit ancienne_Annuaire_1959
http://rdfh.ch/0112/O6I6JpAjRl6b0iMnx41Ngg,"pub_Roud Gustave_Appel d'hiver_Poésie 1, La poésie française de Suisse_1973-05"
http://rdfh.ch/0112/IL7aVmtsRbKKuUnuV1i35Q,pub_[Traductions de poèmes de Hölderlin et Brentano]_Le romantisme allemand_Les cahiers du sud_1937
http://rdfh.ch/0112/SSiKOfNTTgGJMwqX3yY2qw,pub_Roud Gustave_[Traductions de poèmes de Hölderlin et Brentano]_Le romantisme allemand_1949
http://rdfh.ch/0112/xe38MqRXRvqKu8K4JuSo5g,"pub_Humeau Edmond_Hommage à Roud_Arts (rubrique ""Courrier des lettres"")_1950-11-10"
http://rdfh.ch/0112/v3cyx-15Rzi2wFg3NhBqDw,pub_Sueur D. Yves_Gustave Roud: La poésie de la terre
http://rdfh.ch/0112/Q1N5R8enT1Oggg6CSg_Btw,"pub_Roud Gustave_Seconde victoire de Catherine Colomb, écrivain suisse. L’envoûtement mystérieux des Esprits de la terre_Arts_1953"
http://rdfh.ch/0112/IqZRdWezT92nMehY8YhJ5Q,pub_FAKE
http://rdfh.ch/0112/5-OU_iV8Q0moSPVha7JnTg,pub_Traductions éparses_Cahiers Gustave Roud_1982
http://rdfh.ch/0112/WOUd5GvRSwmEffmO498xwg,pub_FAKE
http://rdfh.ch/0112/5zRZKkKeTNizba9QZL7xcQ,pub_FAKE
http://rdfh.ch/0112/LjgsnWG9Rv6mJuwpR0r2qg,pub_FAKE
http://rdfh.ch/0112/kf2nEJedRR6M6pgRqN5OhA,pub_Gustave Roud de Philippe Jaccotet_La_Gazette_littéraire_1968-06-01
http://rdfh.ch/0112/d_3GSxyeTvG8-AbkfS6zRg,pub_A. L._Gustave Roud_Le_Messager_social
http://rdfh.ch/0112/gKS1sf3HR5S_0Szwia4Y9A,pub_Acatos Sylvio_Gustave Roud: la lumière et l'ombre_Construire_1972-09-20
http://rdfh.ch/0112/yuE8h_CzTMa_3SzVlbM94A,pub_Altwegg Jürg_Adieu Gustave Roud_National_Zeitung
http://rdfh.ch/0112/vhXNGFdFRv-JYmF_uXPS7g,pub_Anet Daniel_Écoutons mieux Gustave Roud_Le_Messager_social_1968-03-25
http://rdfh.ch/0112/8kgDtJl2Q8iWyY9PS_Xo2Q,"pub_Anex Georges_C'est arrivé en 1967, ""Requiem"" de Gustave Roud_Gazette_de_Lausanne_1967-12-30"
http://rdfh.ch/0112/M8xV0Ab2QhGU0zLUlm4D9w,"pub_Anex Georges, Roud Gustave_En hommage à Gustave Roud_La_Nouvelle_Revue_Française_1957-10"
http://rdfh.ch/0112/2u_UifZ_Tgek2D9Wl0PxZA,"pub_ATS_Pour les 70 ans de Gustave Roud, Outre le Prix de Lausanne une édition de ses œuvres_Feuille_d_Avis_de_Lausanne_1967-03-16"
http://rdfh.ch/0112/oKm73VI9RlS16-zNlelRRQ,pub_Auberjonois René_Extraits des lettres d'Auberjonois_Schweizer_Kunst_1958-09
http://rdfh.ch/0112/M3a2D-hMTYue_MPY7t2oaA,pub_Aubert Claude_Présentation du poète Gustave Roud_Le_Journal_de_Genève_1945-09-08
http://rdfh.ch/0112/QamaIGIgRVaCUhXNhIvhKg,pub_Aubert Claude_Présentation du poète Gustave Roud_Journal_de_Genève_1945-09-08
http://rdfh.ch/0112/_nN9lb1tTYWj0O5XCB54iQ,"pub_B. Gr._Un grand événement littéraire, Pierre Seghers vient d'éditer un ""Gustave Roud"", présenté par Philippe Jaccottet_La_Nouvelle_Revue_de_Lausanne_1968-03-11"
http://rdfh.ch/0112/VFmBff6JQL2Um0b0ZbOIdQ,pub_Béguin Albert_Gustave Roud ou la poésie en quête du paradis terrestre_Labyrinthe
http://rdfh.ch/0112/KsHgBevdQ86zLZExONG6rg,"pub_Bergé René_Gustave Roud, l'exercice de la solitude_Pour_l_Art_1951-01"
http://rdfh.ch/0112/6xDU2NfrTSGKrOTfKg5xWQ,pub_Blanc Maurice_Un poète de la terre vaudoise_Illustré_1942-10-22
http://rdfh.ch/0112/B3wykZUiSTC9y3tM9J-7oA,pub_Boller Willy_Les surimonos d'Hokusaï_La_Guilde_du_Livre_1955-10
http://rdfh.ch/0112/nJWSlpFzS3efy-iLRLfEZA,pub_Boller Willy_La Vie et l'Œuvre de Hokusaï_La_Guilde_du_Livre_1955-11
http://rdfh.ch/0112/QBDCo0auSoe_eWJcPvtMqQ,pub_Boller Willy_La technique de l'estampe en couleurs_La_Guilde_du_Livre_1955-12
http://rdfh.ch/0112/X_hq9l2NRqGHq7QphbKgGA,"pub_Bonnard Olivier_Gustave Roud, Campagne perdue _Gazette_de_Lausanne_1972-09-16"
http://rdfh.ch/0112/_THC-mQdQ36WjwpNlywR3g,pub_Borgeaud Georges_La montée à Carrouge_Repères_1982
http://rdfh.ch/0112/o61t990DQXWmOjZHIA_D9w,"pub_Boulanger Mousse_Gustave Roud, 1897-1976_Voix_des_lettres_1986-12"
http://rdfh.ch/0112/k9ijTqEjRqaf8JfmLRET5A,"pub_Bounoure Gabriel_Adieu, par Gustave Roud_La_Nouvelle_Revue_Française_1928-08-01"
http://rdfh.ch/0112/tyX1jsWBSA2MosAa9GRYIQ,"pub_Brentano Clemens_Myrte bien-aimé, murmure…_Pour_l_Art_1949-07"
http://rdfh.ch/0112/2uuJTEMaQO6GIiCr6XI7vg,pub_Bridel Yves_Gustave Roud_Feuille_centrale_de_Zofingue_1953-03
http://rdfh.ch/0112/Dgp1ud3NTmmBKzO9o--8HQ,"pub_Bucher Werner_Begegnung mit Gustave Roud, dem Dichter des Jorat_Neue_Zürcher_Nachrichten_1968-02-17"
http://rdfh.ch/0112/Jqcm_Z4LQwW6tX5a9Gf57w,"pub_Chastonay Jacques de_Une fatalité de solitude, Gustave Roud_Dialogue_1967-05"
http://rdfh.ch/0112/EEtHi2wGQMaDBgwOODRXTA,"pub_Chessex Jacques_Gustave Roud, par Jacques Chessex_La_Gazette_littéraire_1956-07-21"
http://rdfh.ch/0112/gGPUXwpOTAydlmBpPePR2Q,pub_Chessex Jacques_Ode à Gustave Roud_Gazette_de_Lausanne_1976-11-13
http://rdfh.ch/0112/7_AO1yZhQ2yOai7_CtdLsQ,"pub_Clerc Charly_Aus dem westschweizerischen Literaturkreis, Gustave Roud_Neue_Zürcher_Zeitung_1957-08-04"
http://rdfh.ch/0112/uvf1c2OVQ32mQ1-yAXMVTg,"pub_Collectif_Approches de l'œuvre de Roud, Actes du Colloque de Lausanne_Cahiers_Gustave_Roud_1987"
http://rdfh.ch/0112/kApmAa-4Tby41iNoPjPFZQ,pub_Collectif_Gustave Roud _Europe_2002
http://rdfh.ch/0112/TmSFlYhSTxGImXCmiJcphQ,pub_Collectif_Gustave Roud et Philippe Jaccottet: quelle filiation littéraire ?_Cahiers_Gustave_Roud_2014
http://rdfh.ch/0112/QdnYe4roTYSjqfWnyrWmPg,pub_Collectif_En hommage à Gustave Roud_Pour_l_Art_1957-05
http://rdfh.ch/0112/zKzBr6V4TMeO8Ky9zNLEEQ,pub_Collectif_Hommage à Gustave Roud_La_Gazette_littéraire_1957-06-15
http://rdfh.ch/0112/g72paRsaSQeBqLPTLM_qVg,"pub_Collectif_Gustave Roud a septante ans aujourd'hui, L'hommage de quelques amis_Feuille_d_Avis_de_Lausanne_1967-04-20"
http://rdfh.ch/0112/vjXMHo3CQQmPtP5lxlEvUA,pub_Collectif_Pages spéciales Gustave Roud_La_Gazette_littéraire_1967-04-22
http://rdfh.ch/0112/5GX7h6_NSJiLbayvMpwWpg,pub_Collectif_[Cahier spécial en hommage à Gustave Roud]_La_Gazette_littéraire_1967-04-22
http://rdfh.ch/0112/VWGQymvlTDG6VjDnNLCH4w,pub_Collectif_[Cahier spécial en hommage à Gustave Roud]_La_Gazette_littéraire_1967-04-22
http://rdfh.ch/0112/dv8pmymNSZCUvozuF0u9vQ,pub_Collectif_Hommages à Gustave Roud_Gazette_de_Lausanne_1976-11-20
http://rdfh.ch/0112/lNKDwG60SFCV4ESHye98PA,pub_Collectif_Autour de Gustave Roud_Solaire_1977-06
http://rdfh.ch/0112/rLliu8AWS3eGhiCMXIFePg,pub_Cornuz Jeanlouis_Écrits de Gustave Roud_Feuille_d_Avis_de_Lausanne_1950-11-18
http://rdfh.ch/0112/szvU99O8Q2yehTw5Zfcn6A,pub_d'Aguila Carlos_En ce pays_Le_Démocrate_et_Feuille_d_Avis_du_district_de_Payerne_1967-12-13
http://rdfh.ch/0112/G_8AB26GQlSvAXUb4nQbDg,pub_Delapierre Roger_Le prix de la Ville de Lausanne au poète joratien Gustave Roud_Journal_de_Genève_1967-04-14
http://rdfh.ch/0112/9-vZPw0tSPKW2BQQ1zNGbg,"pub_Deriex Suzanne_Gustave Roud, ou l'approche d'un paradis_Feuille_d_Avis_de_Vevey_1967-03-07"
http://rdfh.ch/0112/RzXT9ID4SmqJDIEtB3o7-g,pub_Deriex Suzanne_VIsite à Gustave Roud_L_Impartial_1967-04-27
http://rdfh.ch/0112/Dq6e20gmRz6EIK_gg3pSrA,pub_Dürer Albrecht_Nos extraits donneront-ils…_Aujourd_hui_1930-10-02
http://rdfh.ch/0112/LpCXmuB_S_27Q4DuNO9BFg,"pub_Ernest Dutoit_""Requiem"" de Gustave Roud_La_Liberté_1968-11-30"
http://rdfh.ch/0112/Q8rNMM-WTRWbHubXfYbE1A,"pub_Werfel Franz_« À une alouette », « Élévation »_Pour_l_Art_1953-11"
http://rdfh.ch/0112/WWU1t3RkQv24UdvT33tkXg,pub_G._Les meilleurs artistes vaudois rendent hommage au poète Gustave Roud_Tribune_de_Lausanne_1957-06-09
http://rdfh.ch/0112/hAcie-fUQMSscGGDdj8BWg,"pub_G. R._Remise du Prix de Lausanne à G. Roud, Le poète rend hommage au Lausanne de sa jeunesse_Feuille_d_Avis_de_Lausanne_1967-04-13"
http://rdfh.ch/0112/CoHJNdHfRaeVt93mMtg6mw,pub_G. R._Gustave Roud fête ses 75 ans_Tribune_de_Lausanne_1972-04-16
http://rdfh.ch/0112/0CtJrH5sTKi-C67eKi1zWQ,pub_Gander Bernard_Rencontre avec Gustave Roud_La_Nouvelle_Revue_de_Lausanne_1968-03-29
http://rdfh.ch/0112/UlIOJSZwTmaRjcK6S7jqaQ,"pub_Garzarolli Richard_Essais, chroniques et notes, un événement littéraire: Requiem par Gustave Roud_Revue_de_Belles-Lettres_1967"
http://rdfh.ch/0112/ElqNlMAPThKv1ZZpZU0utA,pub_Geiser Bernhard_Naissance des premières eaux-fortes de Picasso_La_Guilde_du_Livre_1955-03
http://rdfh.ch/0112/b7Rgpd4TTYSz-Ooo6_g24A,pub_Geiser Bernhard_[Picasso ne connaît nulle attache]_La_Guilde_du_Livre_1955-05
http://rdfh.ch/0112/odGXNY6NSAekQhzNNIDd_Q,pub_Geiser Bernhard_[Cette planche fut gravée]_La_Guilde_du_Livre_1955-06
http://rdfh.ch/0112/Q4tiiCWaQQ2OlmVeOahUVQ,"pub_Geiser Bernhard_Pablo Picasso, Dates biographiques_La_Guilde_du_Livre_1955-07"
http://rdfh.ch/0112/hsR9dW6RT9iSVYw2utjOIQ,"pub_Geiser Bernhard_Pablo Picasso, Dates biographiques_La_Guilde_du_Livre_1955-08"
http://rdfh.ch/0112/tMjXD5yxRrmxicANa28tWg,"pub_Geiser Bernhard_Pablo Picasso, Dates biographiques _La_Guilde_du_Livre_1955-09"
http://rdfh.ch/0112/3BXM89EYT4ibyo-twh6ucA,"pub_Geiser Bernhard_Pablo Picasso, Dates biographiques _La_Guilde_du_Livre_1955-10"
http://rdfh.ch/0112/I9N3XkOTR_uDcxb0VcPMcQ,"pub_Geiser Bernhard_Pablo Picasso, Dates biographiques _La_Guilde_du_Livre_1955-11"
http://rdfh.ch/0112/DOcMi6a2RHmT-lVo5i9gug,pub_Geiser Bernhard_Picasso après le cubisme_La_Guilde_du_Livre_1955-12
http://rdfh.ch/0112/baOh0YEMQfSTD6Qlbt_xAw,pub_Geiser Bernhard_Le malentendu_La_Guilde_du_Livre_1956-01
http://rdfh.ch/0112/9v-Z3CLQTM6NtI1aS7dSZQ,pub_Geiser Bernhard_Durant un laps assez long_La_Guilde_du_Livre_1965-10
http://rdfh.ch/0112/O0oiF2CtTnmxh5ICAPxX3w,pub_Geiser Bernhard_Un jeu précis et silencieux_La_Guilde_du_Livre_1965-11
http://rdfh.ch/0112/I3pGRCqsQJuL6T8-ltt1ew,pub_Gotthelf Jeremias_Colère d'Uli_La_Guilde_du_Livre_1955-04
http://rdfh.ch/0112/AW-D6n8QSk-e_Elt4YJYOA,pub_Goethe_Architecture de la terre et du ciel. Goethe devant les paysages suisses_Gazette_de_Lausanne_1949-08-27
http://rdfh.ch/0112/NW9UtowzT7yrNbchqKyrYQ,"pub_Gsteiger Manfred_""Campagne perdue"", zur Dichter Gustave Roud_Neue_Zürcher_Zeitung_1972-09-06"
http://rdfh.ch/0112/W3AQ3vh-SxmKPoUB0axT6Q,pub_Gudmundsson Kristmann_Visite de Hakon à Eialine malade_La_Guilde_du_Livre_1943-02
http://rdfh.ch/0112/mgCgQFb7TTamAV91ub-5kw,pub_Gudmundsson Kristmann_Hakon et Bjarne aux îles des Revenants_La_Guilde_du_Livre_1944-10
http://rdfh.ch/0112/25Oj842PSOylkwVC39Ob-A,pub_Gudmundsson Kristmann_Retour_La_Guilde_du_Livre_1945-07
http://rdfh.ch/0112/Fj-1NGS6SMCFG1ECXoUNew,pub_H. S._Des livres pour Noël_Feuille_d_Avis_du_district_d_Aigle_1967-12-15
http://rdfh.ch/0112/kH1WK5qsSxaPoltGq37t1w,pub_H. S._Requiem _Le_Courrier_de_Berne_1967-12-22
http://rdfh.ch/0112/W_qykTZHRoagAzSN2bOYDg,pub_Hesse Hermann_Trois poèmes inspirés par le Tessin_Formes_et_couleurs_1951
http://rdfh.ch/0112/6nPYG5uiQc26dYsA5_C1Ug,pub_Roud Gustave_Hölderlin par Gustave Roud_Formes_et_couleurs_1946
http://rdfh.ch/0112/mY_blja9TRSwdVxBfCsNNA,pub_Hölderlin Friedrich_La migration_Lettres_1946
http://rdfh.ch/0112/8KYP-y3ZQxOx1A_a17JlfQ,pub_Hölderlin Friedrich_Âges de la vie_Revue_de_Belles-Lettres_1968
http://rdfh.ch/0112/DwnZDMCCSvCTcCF9ojs6Fg,pub_Hölderlin Friedrich_Solitude de Hölderlin_Aujourd_hui_1930-10-30
http://rdfh.ch/0112/rek5bzI-SySJAtQPo6mYAQ,"pub_Hölderlin Friedrich_Poème, Sanatorium, Pain jeté _Aujourd_hui_1930-11-6"
http://rdfh.ch/0112/mbtuOWXFSSa3_17BiEPpJQ,pub_Hölderlin Friedrich_Le Rhin_Mesures_1940-01-15
http://rdfh.ch/0112/KuKCEJgzTwGQATW5ZU2s8A,pub_Hölderlin Friedrich_Prière aux Parques_Pardon imploré_Le printemps_L été_La_Semaine_littéraire_1942-12-19
http://rdfh.ch/0112/TDrPb9CMRS-YX5NbwcNE9w,pub_Hölderlin Friedrich_A.-J. Bataillard dialogue avec M. Gustave Roud_Joie._Journal_pour_les_étudiants_de_la_Suisse_romande_1943-10
http://rdfh.ch/0112/rKNjQ96YRvK3Z0COZamS5Q,pub_Hölderlin Friedrich_Âges de la vie_Pour_l_Art_1949-03
http://rdfh.ch/0112/79U1WLlPTUiXumSiq0x8xg,pub_Huttinger Edouard_La peinture hollandaise du XVIIe siècle_La_Guilde_du_Livre_1956-12
http://rdfh.ch/0112/ooqpyXpgSmaAZPqDFohxZA,pub_Huttinger Edouard_La peinture hollandaise_La_Guilde_du_Livre_1957-1
http://rdfh.ch/0112/4j0C7DXaR5qJF0UGhHYgxw,pub_Huttinger Edouard_Vermeer ou la vie mystérieuse_La_Guilde_du_Livre_1957-12
http://rdfh.ch/0112/RmxrBHZnTOqHcj6t9RZnng,"pub_I.d.B. Marie-Anne_Gustave Roud, le chantre du Jorat_Feuille_d_Avis_de_Lausanne_1959-03-04"
http://rdfh.ch/0112/gX0C7EegRCub9TkcGf2hmg,"pub_Jaccottet Philippe_Chronique de la faculté des lettres, Gustave Roud_Études_de_Lettres_1977"
http://rdfh.ch/0112/sUNcdgABSEW1CIw0E797aA,pub_Jaccottet Philippe_Écrits de Gustave Roud_La_Nouvelle_Revue_de_Lausanne_1950-09-29
http://rdfh.ch/0112/D8NNRUgESpeA6lQ5b3BBjA,pub_Jaccottet Philippe_Promenade autour d'un promeneur_La_Guilde_du_Livre_1957-06
http://rdfh.ch/0112/AgEvKq0ITCW6__r9aHbBSQ,pub_Jaccottet Philippe_Hommage à Gustave Roud_Pour_l_Art_1957-09
http://rdfh.ch/0112/zlymIFh4QSGUZ2EYRMUNPg,pub_Jaccottet Philippe_Gustave Roud et la Suisse française_La_Gazette_littéraire_1967-11-25
http://rdfh.ch/0112/H4XsHwE8THSvwqM1SHkRZQ,pub_Jaccottet Philippe_Dernière visite à Roud_La_Nouvelle_Revue_Française_1977-02
http://rdfh.ch/0112/rhykjHBCSJ2R5WXj8sZUIQ,"pub_Jackson John E._Un double hommage de Gustave Roud: par trois de ses ""descendants"" et par une revue française_Journal_de_Genève_1977-07-30"
http://rdfh.ch/0112/8WThJ9DXQYewBQ3kNEJ-yw,pub_Jackson John E._Roud: des mots pour suppléer le coeur_Journal_de_Genève_1982-12-18
http://rdfh.ch/0112/4b0lGujUTpOLR9UimQel2Q,pub_Jakubec Doris_Le premier témoignage français d'une véritable découverte du poète de Carrouge_Journal_de_Genève_1977-07-30
http://rdfh.ch/0112/qSYs9-x6TA-6LQYPnGtnUA,"pub_Jaquier Claire_Gustave Roud traducteur, Faire écho au poème original_Journal_de_Genève_1982-12-18"
http://rdfh.ch/0112/2AQL77fTTd-zAD601cQUQg,pub_Jean Guérin_Sur les poèmes de Georg Trakl_La_Nouvelle_Nouvelle_Revue_Française_1955-06
http://rdfh.ch/0112/Q4U_BeLRQ3e07Iv4KGkocQ,pub_Laederach Monique_La correspondance entre Martin Vio et Gustave Roud suscite la polémique_La_Liberté_1994-09-03
http://rdfh.ch/0112/ohnrcKCGSsm5X5tmsX-Ojw,pub_Landry Charles-François_Lettre à Gustave Roud que va honorer la Ville de Lausanne et qui fête ses septante ans_Feuille_d_Avis_de_Lausanne_1967-04-07
http://rdfh.ch/0112/0O1TVTQHRfaCCL8jVHhGzA,pub_Le promeneur solitaire_Retour au Jorat _Gazette_de_Lausanne_1960-02-27
http://rdfh.ch/0112/hmBZ5gAnQIqtiXDk6rIdxg,pub_Leisinger Hermann_Les peintures étrusques de Tarquinia_La_Guilde_du_Livre_1953-10
http://rdfh.ch/0112/-RszgAzXSTyppbE4qfLadw,pub_Leisinger Hermann_Peinture étrusque_La_Guilde_du_Livre_1953-11
http://rdfh.ch/0112/L6Odg35nSWCGgJl2ml7oow,"pub_Lossier Jean-Georges_Gustave Roud : ""Ivre d'une solitude qui me rendait le monde""_Journal_de_Genève_1967-04-15"
http://rdfh.ch/0112/AaZ7E6vJTja0JDJ9PqkOxA,pub_Lossier Jean-Georges_Des ponts sur l'abîme_Journal_de_Genève_1968-02-03
http://rdfh.ch/0112/cbGwBwD-TRyb9Mud9V_nmA,"pub_M.M._Ecrivains de chez nous, Gustave Roud [interview]_Organe_de_l_Association_romande_du_personnel_de_la_librairie_et_de_l_édition_1968-09"
http://rdfh.ch/0112/MV2VBI0JSfWc7gy2cBhn8g,pub_Martin Annie_L'œuvre de Gustave Roud_L_Écho_de_la_Broye_1950-06-04
http://rdfh.ch/0112/kd6x8T45TRanQJ0z5A_Ztg,pub_Martin Vio_Le Repos du cavalier _Pour_l_Art_1954
http://rdfh.ch/0112/jBbJqvZdSj2saG0dBRvM-Q,"pub_Martin Vio_A Gustave Roud, d'une terre bien aimée_Gazette_de_Lausanne_1967-04-20"
http://rdfh.ch/0112/KyZ1ByxQRbmVCBqMouSRyg,"pub_Martinet Édouard_""Le repos du cavalier""_Tribune_de_Genève_1959"
http://rdfh.ch/0112/LqdI45NiQeWoWc3eCiZfkg,pub_Martinet Jean-Pierre_Le voyageur sur la terre_Matulu_1972
http://rdfh.ch/0112/Kl4drOfyQlmwq6QUXJQ7KA,"pub_Muret Colette_Gustave Roud, poète vaudois_Gazette_de_Lausanne_1955-05-07"
http://rdfh.ch/0112/g7XZHHddSzijotFXDAgR6g,"pub_Muret Colette_Mort d'un grand poète vaudois, Gustave Roud n'est plus_Gazette_de_Lausanne_1976-11-12"
http://rdfh.ch/0112/IW6iOlinTrWWxwLIJSGB4A,"pub_Nicole Georges_Poèmes de Hölderlin, version française de Gustave Roud_Suisse_contemporaine_1943-03"
http://rdfh.ch/0112/p4u3-BZzQ9uu-nWj5_jJsw,pub_Nicole Georges_Chronique de la poésie_Suisse_contemporaine_1944-09
http://rdfh.ch/0112/5YcCqWH7RS-PU4dXbJvLGw,pub_Nicole Jean_Horizons d'une conscience poétique_Gazette_de_Lausanne_1972-04-15
http://rdfh.ch/0112/xyx61GRZQ9a_Qsc587pFHw,pub_Novalis_Hymnes à la nuit_Aujourd_hui_1930-05-15
http://rdfh.ch/0112/j4zfc7rrSgyvUDTpOjHwmA,pub_Novalis_Extraits des cahiers de Novalis_Aujourd_hui_1930-05-22
http://rdfh.ch/0112/JSIs53Z5R0OT_75PdrAOzw,pub_Novalis_Extraits des cahiers de Novalis_Aujourd_hui_1930-07-24
http://rdfh.ch/0112/S9QwGfdvSxCWGtM40wpO7A,pub_Novalis_Extraits des cahiers de Novalis_Aujourd_hui_1930-07-31
http://rdfh.ch/0112/B-ZmlPGKQf-9CwpZYg4e1w,pub_Novalis_Extraits des cahiers de Novalis_Aujourd_hui_1930-09-11
http://rdfh.ch/0112/xATzCbvATs218ttsudlyUw,pub_Novalis_Extraits des cahiers de Novalis_Aujourd_hui_1930-09-18
http://rdfh.ch/0112/wQbY15HgQ_SDNv4VGRFGdQ,pub_Novalis_Extraits des cahiers de Novalis_Aujourd_hui_1930-10-02
http://rdfh.ch/0112/uAP1QZSDTLGAzqi3cnlx6g,pub_Novalis_Extraits des cahiers de Novalis_Aujourd_hui_1930-10-09
http://rdfh.ch/0112/M3DBcyBhTTieQ11lQjt2qg,pub_Novalis_Les Disciples à Saïs_Aujourd_hui_1931-05-07
http://rdfh.ch/0112/b4vtP9ZBRNeQJ-eP4RQwkQ,pub_Novalis_Les Disciples à Saïs_Aujourd_hui_1931-05-14
http://rdfh.ch/0112/HT8Ac01OSkizCSLKMQ81ag,pub_Novalis_Les Disciples à Saïs_Aujourd_hui_1931-05-28
http://rdfh.ch/0112/dS3uWa8FRoKk5SHww0MJEg,pub_Novalis_Les Disciples à Saïs_Aujourd_hui_1931-06-04
http://rdfh.ch/0112/NhkWIp4YQr2IzJx8EoJ5Yw,pub_Novalis_Les Disciples à Saïs_Aujourd_hui_1931-06-11
http://rdfh.ch/0112/5BQgnheLTauWKiRfgX6kOA,pub_Novalis_Hymnes à la nuit_Gazette_de_Lausanne_1965-12-24
http://rdfh.ch/0112/w0kK9KUIQ-yjV7MUudtAPQ,"pub_Nr. J._Pour les soixante ans du poète Gustave Roud, Les cérémonies de Crêt-Bérard_Gazette_de_Lausanne_1957-06-18"
http://rdfh.ch/0112/vsOu9lGXSGOPTx7FFtPOXQ,pub_Pache Jean_Gustave Roud poète d'aujourd'hui_Feuille_d_Avis_de_Lausanne_1968-03-23
http://rdfh.ch/0112/ml7zJF4uRRaJxtAztMQT4g,"pub_Pe. J._Pierre Seghers, fêté à Lausanne, révèle G. Roud à la France_Feuille_d_Avis_de_Lausanne_1968-03-11"
http://rdfh.ch/0112/9HB2jHLRT-yqlrt2nk8keQ,pub_Perrochon Henri_Hommage à Gustave Roud_Journal_de_Payerne_1950-10-07
http://rdfh.ch/0112/MfuYR7FGSta6qbHRR1A0Og,"pub_Perrochon Henri_Gustave roud, poète vaudois_Pour_tous_1957-06-11"
http://rdfh.ch/0112/rweEo9hgQiKY6CU2kKUB_w,"pub_Perrochon Henri_Le portrait de la semaine, Gustave Roud, poète vaudois_Pour_tous_1957-06-11"
http://rdfh.ch/0112/9zanpfy6T2uTi0mMfhefIA,"pub_Perrochon Henri_Gustave Roud, Poète de la Broye_La_Liberté_1957-07-21"
http://rdfh.ch/0112/9KmaDusaQNCf9VaRbBbqgA,pub_Perrochon Henri_Le repos du cavalier_Journal_de_Payerne_1958-12-06
http://rdfh.ch/0112/skIKkXFZSiSWxiedo7NpkA,pub_Perrochon Henri_En ce pays _Le_Démocrate_et_Feuille_d_Avis_du_district_de_Payerne_1967-12-13
http://rdfh.ch/0112/GfBpaJqHQeyDUjlu0QUajQ,pub_Rilke Rainer Maria_Une lettre de Rainer Maria Rilke_Revue_de_Montana-Vermala_1935-06-15
http://rdfh.ch/0112/7mqI_VGaTXmeYDsbd8KYoA,pub_Rilke Rainer Maria_Lettres inédites de R. M. Rilke_La_Revue_du_dimanche_1936-09-20
http://rdfh.ch/0112/Ret17ojITbCnWMt-6tfnLg,pub_Rilke Rainer Maria_Lettre sur Muzot. Deux lettres à Mademoiselle X_Suisse_romande_1939-09
http://rdfh.ch/0112/FaDu1AbpQEajjjZzXw6nKw,pub_Rolland de Renéville André_Les Disciples à Saïs _La_Nouvelle_Revue_Française_1931-09
http://rdfh.ch/0112/RLJ1P-YQRoC-s25wH0tGwg,pub_Roud Gustave_Poèmes_Cahiers_vaudois_1915
http://rdfh.ch/0112/1BQaQzURTxWyozg9sc88sg,pub_Roud Gustave_À cette heure où déjà_Revue_de_Belles-Lettres_1932
http://rdfh.ch/0112/kYloElrdR8mHfaRpIN8bZg,pub_Roud Gustave_Annonce d'un Adieu_Présence_1932
http://rdfh.ch/0112/8s2YwLVzQzS16Ge0sknqnw,pub_Roud Gustave_Steven-Paul Robert – Émile Chambon _Présence_1932
http://rdfh.ch/0112/9R4dEEbFRWm6xx_xhh3uYg,pub_Roud Gustave_Bain d'un faucheur_Lesebuch_schweizerischer_Dichtung_1938
http://rdfh.ch/0112/B5vdBom5RPivCcfgn8GwRA,pub_Roud Gustave_Deux images de juin_Papillons_1943
http://rdfh.ch/0112/VQ9455zGQV-H2YES09cgwg,pub_Roud Gustave_Laboureur au repos_Vie_Art_Cité_1943
http://rdfh.ch/0112/LlBxShFTRSyZrqDmzft7OA,pub_Roud Gustave_Le Jorat_Courants_1945
http://rdfh.ch/0112/hNIU7wOhSiG2OW1qtaIEJw,pub_Roud Gustave_Hölderlin_Formes_et_couleurs_1945
http://rdfh.ch/0112/fLTfaVzyTZmkwFodpRbPjA,pub_Roud Gustave_Moissonneur endormi_Formes_et_couleurs_1945
http://rdfh.ch/0112/bfGB5aYvQMu_kcfcQnRq9Q,pub_Roud Gustave_Dragons_L_Année_hippique_1948
http://rdfh.ch/0112/hLdY1w1ySo2CoDDyft_HvA,pub_Roud Gustave_Le repos du cavalier_Vie_Art_Cité_1949
http://rdfh.ch/0112/OMI52ZjdTgS9IaS4WsYlCg,pub_Roud Gustave_Ferme d'extrême-automne_Économie_1949
http://rdfh.ch/0112/RvpiimzxQr6mAa4V-X9Vkg,pub_Roud Gustave_Le Peintre Steven-Paul Robert_Vie_Art_Cité_1949
http://rdfh.ch/0112/iR9UePhiQR24ABeH77Uf0A,pub_Roud Gustave_Portrait de l'apiculteur_Économie_1950
http://rdfh.ch/0112/GCXR9EvhTZKL7wSb1Zbmdg,pub_Roud Gustave_Défaite de l'hiver_Vie_Art_Cité_1951
http://rdfh.ch/0112/GFmc8a1eRySTsRyuwP07jg,pub_Roud Gustave_Jeunes paysans dans la lumière_Vie_1953
http://rdfh.ch/0112/kzQG1JKyT8eXP2UOj-yvig,pub_Roud Gustave_Zauber sommerlicher Dörfer_Schweizer_Monatsschrift_1954
http://rdfh.ch/0112/4I_KJLa4QqWZdyPDGS2PNA,pub_Roud Gustave_L'Aveuglement_Écriture_1966
http://rdfh.ch/0112/6IW_-NmwSRWuajVi0nBOkA,pub_Roud Gustave_Anniversaire_Revue_neuchâteloise_1967
http://rdfh.ch/0112/KBDag3nYRZiiawa-oa0r1w,pub_Roud Gustave_Signes de perdition_Études_de_Lettres_1968
http://rdfh.ch/0112/vxoWt3LkSWyikb6UC7JcUw,pub_Roud Gustave_[Peut-être certains s'étonneront-ils…]_Revue_de_Belles-Lettres_1968
http://rdfh.ch/0112/wHzCeen9QUuqaokF78TC6Q,pub_Roud Gustave_Vous avez bien voulu me tendre_Revue_de_Belles-Lettres_1970
http://rdfh.ch/0112/Z1VkpD_cQuesUCTxqf2meQ,pub_Roud Gustave_Présence_Revue_de_Belles-Lettres_1972
http://rdfh.ch/0112/5QB6syDUSRO8RXd67l1aDw,pub_Roud Gustave_Pour un requiem_Les_Cahiers_du_soleil_1972
http://rdfh.ch/0112/mf8uDHbMRU2Dmv_NQvGd1A,pub_Roud Gustave_Fernand contre le ciel_Bulletin_joie_et_travail_1974
http://rdfh.ch/0112/TIq6yOGuS-OTCX-LGYJvpA,pub_Roud Gustave_Nicolas Poussin ou le lyrisme pur_Revue_de_Belles-Lettres_1975
http://rdfh.ch/0112/oSgSkzxwQmWFGhr0wSVbDw,pub_Roud Gustave_Lussery_Voix_des_lettres_1975
http://rdfh.ch/0112/EvfNJUqxTGCg96pR6QDFSQ,pub_Roud Gustave_Quelques notes de 1926_Revue_de_Belles-Lettres_1977
http://rdfh.ch/0112/sTchVtpCRsK0RbiyDBVtpg,pub_Roud Gustave_La Maison perdue_Cahiers_Gustave_Roud_1980
http://rdfh.ch/0112/19acsXiKTN-HSvQ95BxhvA,pub_Roud Gustave_La Fuite_Cahiers_Gustave_Roud_1980
http://rdfh.ch/0112/Qyq6UNCxRdOPRzrIYZ4aCQ,pub_Roud Gustave_Chant_Cahiers_Gustave_Roud_1980
http://rdfh.ch/0112/rrSCOjpDTzmFGFMK4UpFeg,pub_Roud Gustave_[Autre fragment]_Cahiers_Gustave_Roud_1980
http://rdfh.ch/0112/-c54MA3pQRaYG8rJXCC3Mw,pub_Roud Gustave_Moulin de Lussery_Cahiers_Gustave_Roud_1980
http://rdfh.ch/0112/3y_HS97eSTWVn6IfQVRSfQ,pub_Roud Gustave_[Autre dictée]_Cahiers_Gustave_Roud_1980
http://rdfh.ch/0112/ZP5U5eekRWS-js7ufe7W8w,pub_Roud Gustave_Aux marges du Requiem_Cahiers_Gustave_Roud_1980
http://rdfh.ch/0112/DqCig8O4TtS7Ex4SbUokqg,pub_Roud Gustave_Vers libres _Cahiers_Gustave_Roud_1980
http://rdfh.ch/0112/cpM1KGuUQoqAvTjamzqF4g,pub_Roud Gustave_Les Loisirs…_Cahiers_Gustave_Roud_1980
http://rdfh.ch/0112/oUPHOcxTQOyfDs0bcwI18w,pub_Roud Gustave_Les Poèmes en vers et en versets_Cahiers_Gustave_Roud_1980
http://rdfh.ch/0112/reT3xAuwRRq2GnEbXgPVbg,pub_Roud Gustave_D'un requiem_L_Alphée_1981
http://rdfh.ch/0112/Td8mIRPzTneho_bcSGmVgg,pub_Roud Gustave_[C'est presque un crime de lèse-majesté]_La_Révolution_d_Agaune_1982
http://rdfh.ch/0112/Zv3VCpFETQGgozGXTtaf7A,pub_Roud Gustave_L'Imagier_Cahiers_Gustave_Roud_1986
http://rdfh.ch/0112/92UQD0WFSVydv_UgouBLqA,pub_Roud Gustave_Proses éparses_Cahiers_Gustave_Roud_1989
http://rdfh.ch/0112/A3UcHn-ZSSCr-3yCW7yIiQ,pub_Roud Gustave_[Chers amis…]_Poésie_suisse_romande_1997
http://rdfh.ch/0112/K1mLEJVkS5u_oCwAoJ6A8A,"pub_Roud Gustave_Requiem, Présentation, lecture et analyse des manuscrits_Cahiers_Gustave_Roud_1997"
http://rdfh.ch/0112/UBFFLUA3R-qLsfyYH9Gkvg,pub_Roud Gustave_Lettre de Gustave Roud à Henri-Louis Mermod_Les_Échos_de_Saint-Maurice_1998
http://rdfh.ch/0112/N0-02GEOTvGwrU-wWBxkJg,pub_Roud Gustave_Poésie_Conférence_2003
http://rdfh.ch/0112/8GKAdnpwTjW-b7x38IEeEw,pub_Roud Gustave_Notes_La_Revue_romande_1919-01
http://rdfh.ch/0112/dm68VuV6QGKQ469oYFnu4A,pub_Roud Gustave_Image sans emploi_La_Revue_romande_1919-10-15
http://rdfh.ch/0112/i-NKgdw7QbKyLXs8fDmh6A,pub_Roud Gustave_Exposition Charles Clément _La_Revue_romande_1920-11-25
http://rdfh.ch/0112/XNDclEYTT2aU_I2mKGo5jA,"pub_Roud Gustave_Stéphane Mallarmé, Vers de circonstance_La_Revue_romande_1920-12-10"
http://rdfh.ch/0112/EMhx4ECiR5O4oc5YEX5cjw,pub_Roud Gustave_Fragment_La_Revue_romande_1920-12-10
http://rdfh.ch/0112/BR0I8hCSRMG0BC3AASO0Ow,pub_Roud Gustave_Entre tant d'avantages divers la guerre_La_Revue_romande_1920-12-25
http://rdfh.ch/0112/Q6_b3VvjT0uyVc7jygf0LQ,pub_Roud Gustave_Expositions. Publications_La_Revue_romande_1921-01-10
http://rdfh.ch/0112/1PFNWiVgQ8KEuwWM2m5yDg,pub_Roud Gustave_Exposition Steven-Paul Robert et Jean Viollier_La_Revue_romande_1921-02-10
http://rdfh.ch/0112/0weY2OzSRyC8Sj80CG6lCQ,pub_Roud Gustave_Notes_La_Revue_romande_1921-03-25
http://rdfh.ch/0112/DVP2aJoDQm-yacwPrsYLIA,pub_Roud Gustave_Exposition Rodolphe-Théophile Bosshard_La_Revue_romande_1921-04-10
http://rdfh.ch/0112/8hATAOkFRim44BDckFhg_w,pub_Roud Gustave_Première exposition de la Société des Arts  _Tribune_de_Lausanne_1921-12-01
http://rdfh.ch/0112/fXvk8cOGQ9WE-7lbQAzM3A,pub_Roud Gustave_Première exposition de beaux-arts au Kursaal de Montreux _Feuille_d_Avis_de_Vevey_1922-04-10
http://rdfh.ch/0112/jHNRpOopRUePl7EjxQc6Tw,pub_Roud Gustave_Un vitrail _La_Nouvelle_Revue_romande_1922-07
http://rdfh.ch/0112/HG7SzqYCRdqepVhSXggzVg,pub_Roud Gustave_Les Arts à Genève. I. Exposition du Disque_Tribune_de_Lausanne_1922-10-05
http://rdfh.ch/0112/94cyiIFTQR-SlYLsBuHr6Q,pub_Roud Gustave_Les Arts à Genève. II. Quelques peintres romands à la XVe Exposition nationale des beaux-arts_Tribune_de_Lausanne_1922-10-19
http://rdfh.ch/0112/hWvvhLr3SRmL5F_NuuEhIg,pub_Roud Gustave_Les Arts à Genève. III. Alexandre Blanchet. Un Vinci à Lausanne_Tribune_de_Lausanne_1922-11-01
http://rdfh.ch/0112/Eez08rwnRDGtjOMbAXPFkQ,pub_Roud Gustave_Exposition au Kursaal de Montreux. Exposition Georges Aubert_Tribune_de_Lausanne_1923-04-04
http://rdfh.ch/0112/z3fbqLQKRQ2W_eegtYfLWA,"pub_Roud Gustave_Le ""Turnus""_Tribune_de_Lausanne_1923-04-26"
http://rdfh.ch/0112/xDGnZtEYT1a0oCCNUE440Q,pub_Roud Gustave_Travaux de l'École cantonale de dessin_Tribune_de_Lausanne_1923-08-05
http://rdfh.ch/0112/R4YKMMKLQHuVLZIjd7urTw,pub_Roud Gustave_René Auberjonois_Gazette_de_Lausanne_1923-09-30
http://rdfh.ch/0112/B3j09pCsQS-HGM-Vl-WHag,pub_Roud Gustave_Oeuvres de René Auberjonois au Kunsthaus de Zurich_Tribune_de_Lausanne_1923-10-07
http://rdfh.ch/0112/4bPN9T6qTneBjKTJ3CyRLg,"pub_Roud Gustave_Quatrième exposition de la Société des Beaux-Arts, à Vevey_Tribune_de_Lausanne_1924-12-21"
http://rdfh.ch/0112/YAMfXPfBQaWYnKr7VTsyHg,"pub_Roud Gustave_Dessins de René Auberjonois, Salon Vallotton _Tribune_de_Lausanne_1925-02-22"
http://rdfh.ch/0112/QxPeWbI4T2yt3JZzV_Lvog,"pub_Roud Gustave_Steven-Paul Robert, peintre_Tribune_de_Lausanne_1925-11-13"
http://rdfh.ch/0112/dD0N8teTQrSOFgIFW3gZ-w,pub_Roud Gustave_Sur M. René Auberjonois_Gazette_de_Lausanne_1925-12-20
http://rdfh.ch/0112/65RZO9QDQKaZN6uifUEgYw,pub_Roud Gustave_Vues sur l'œuvre d'Auberjonois_Gazette_de_Lausanne_1926-04-11
http://rdfh.ch/0112/URETdNptT8aljLKn7e9idA,pub_Roud Gustave_Exposition René Auberjonois_Gazette_de_Lausanne_1926-04-22
http://rdfh.ch/0112/7J0cYvxPTMuhSEcsTUypAw,pub_Roud Gustave_Dessins ou charmes_Gazette_de_Lausanne_1927-05-21
http://rdfh.ch/0112/XEYaNQcNQBeJs5Ifds2yTQ,pub_Roud Gustave_Découverte de Portalban_La_Nouvelle_Semaine_artistique_et_littéraire_1928-12-15
http://rdfh.ch/0112/PcEDYq3KR-GyOkypEYmkzw,pub_Roud Gustave_Page de la vie d'Aimé_Revue_de_Belles-Lettres_1929-03
http://rdfh.ch/0112/OrpD01SZRiCtRVtfeQxo6w,"pub_Roud Gustave_Beaux-Arts, Dessins d'Auberjonois_Gazette_de_Lausanne_1929-05-19"
http://rdfh.ch/0112/jY6dbTl_Tt-OU_NXrPmuxA,pub_Roud Gustave_Lettre_Gazette_de_Beau-Site_1929-08-01
http://rdfh.ch/0112/L491Sel9SN-4tjE4RLK5yA,pub_Roud Gustave_Passage du vin_Aujourd_hui_1929-12-05
http://rdfh.ch/0112/QuwaDaerQDiJV9_ZlB-zqQ,pub_Roud Gustave_Choses_Aujourd_hui_1929-12-12
http://rdfh.ch/0112/WkKilnstThWgC0ZeFrcYWw,pub_Roud Gustave_Sur le réel )_Aujourd_hui_1929-12-12
http://rdfh.ch/0112/TBm1AfiOSemhvZRATBmkfA,pub_Roud Gustave_Trois portraits de Baudelaire _Aujourd_hui_1929-12-19
http://rdfh.ch/0112/C1xF7q4QR4e2ffNUzispEw,pub_Roud Gustave_L'Homme et le blé )_Aujourd_hui_1929-12-26
http://rdfh.ch/0112/UkXWK7vvSEStK83PEGIh-Q,pub_Roud Gustave_L'Arbre qui tombe _Aujourd_hui_1930-01-02
http://rdfh.ch/0112/xWCp1oKxQSm-oEm_tLYYCQ,pub_Roud Gustave_Attitudes_Aujourd_hui_1930-01-02
http://rdfh.ch/0112/idz7rSV-Rz2qbG_y-iLPzQ,pub_Roud Gustave_Sursis _Aujourd_hui_1930-01-09
http://rdfh.ch/0112/0iVKjeQNTMiFo-KRbE0Uog,pub_Roud Gustave_D'un manifeste )_Aujourd_hui_1930-01-09
http://rdfh.ch/0112/s-J130sQReiaHxMKntZ16A,pub_Roud Gustave_Traité de la marche en plaine_Aujourd_hui_1930-01-16
http://rdfh.ch/0112/A8NHkcxcQzCPtRnkBEfBBw,pub_Roud Gustave_Prière pour la tache des yeux_Aujourd_hui_1930-01-16
http://rdfh.ch/0112/7uZtxDU3Rd2WgjR15pMiGw,pub_Roud Gustave_Traité de la marche en plaine_Aujourd_hui_1930-01-23
http://rdfh.ch/0112/_hi-19WeRj-j594L2_nLAQ,pub_Roud Gustave_Traité de la marche en plaine_Aujourd_hui_1930-01-30
http://rdfh.ch/0112/mgII4llyRYS7oBElyA-PJg,pub_Roud Gustave_À propos d'une prière )_Aujourd_hui_1930-01-30
http://rdfh.ch/0112/tWQjZiL6QDKakkUfMqwRaw,pub_Roud Gustave_Traité de la marche en plaine_Aujourd_hui_1930-02-06
http://rdfh.ch/0112/twYCihSXTdG13m3xWPKibQ,pub_Roud Gustave_Dons de poèmes )_Aujourd_hui_1930-02-20
http://rdfh.ch/0112/Uy4Q9hg6QcmqB8mURlXESg,pub_Roud Gustave_Brouillard_Aujourd_hui_1930-02-27
http://rdfh.ch/0112/8FDLJevSRaqoazizmcjzow,pub_Roud Gustave_Notes _Aujourd_hui_1930-03-06
http://rdfh.ch/0112/HZv0q9y3S4OAkcwhUHDgsg,"pub_Roud Gustave_Engagement d'un valet , …D'une servante , Les Plaisirs indirects ou Le Paradis des catalogues _Aujourd_hui_1930-03-06"
http://rdfh.ch/0112/v21BEyYqQ6GjICrJ64nk5g,pub_Roud Gustave_Entretien _Aujourd_hui_1930-03-20
http://rdfh.ch/0112/IOiqgkULRq-ABDZheHlEfQ,pub_Roud Gustave_Sommeil d'Aimé_Aujourd_hui_1930-03-27
http://rdfh.ch/0112/cq5CwzxlS6ikHkvCVt0XQw,pub_Roud Gustave_Réversibilité _Aujourd_hui_1930-03-27
http://rdfh.ch/0112/dDhfB1F9SK6X9PKX7hzpUA,pub_Roud Gustave_La Voix humaine_Aujourd_hui_1930-04-03
http://rdfh.ch/0112/vaoUX8QQRCOEDLfmI4D1vQ,pub_Roud Gustave_Lettres vivantes_Aujourd_hui_1930-04-10
http://rdfh.ch/0112/Jeb1cZrnTwuK0AYKsPIbuQ,pub_Roud Gustave_Choses recommandées_Aujourd_hui_1930-04-17
http://rdfh.ch/0112/WQeAonhdStSWT8izb20Rng,pub_Roud Gustave_Les Principes du nouveau cinéma russe _Aujourd_hui_1930-04-24
http://rdfh.ch/0112/gVRXkwRoQf-xrr3LCiQB8w,pub_Roud Gustave_Lettre de Picasso _Aujourd_hui_1930-04-24
http://rdfh.ch/0112/wvhZM-djRJilgSCmNzEYlg,"pub_Roud Gustave_Premier coup de faux, ""Dirigeable"" vu d'en bas, Suicide de Maïakovsky, Photographies _Aujourd_hui_1930-05-01"
http://rdfh.ch/0112/jH_qD-zxSFGGBrybjrqlvA,pub_Roud Gustave_Extraits des lettres d'Alain-Fournier à sa famille_Aujourd_hui_1930-05-01
http://rdfh.ch/0112/F_GS8h4MRCieKCCIeudUUQ,pub_Roud Gustave_Ville de Pâques_Aujourd_hui_1930-05-08
http://rdfh.ch/0112/-IC10NSfSSeCydBn6bS8Og,pub_Roud Gustave_Extraits d'Ulysse _Aujourd_hui_1930-05-08
http://rdfh.ch/0112/1OU2p7V2T1224gn5FmbO1g,pub_Roud Gustave_Lecture d'Ulysse_Aujourd_hui_1930-05-15
http://rdfh.ch/0112/v_ja_ff_SkWE6kgbljxQeg,pub_Roud Gustave_Traitement de l'objet _Aujourd_hui_1930-05-29
http://rdfh.ch/0112/LRedm2QuRMGavOmdo7GIxg,"pub_Roud Gustave_Fête, ""Vous avez bien dormi..."", ""Qui n'a pas son petit frisson..."", Ombres blanches, _Aujourd_hui_1930-06-05"
http://rdfh.ch/0112/JpWsCxIdTpqJj6Z4pWi2wg,pub_Roud Gustave_Le cerisier fleuri. Le rameau de cerisier. Le merisier bernois. Chanson. L’énigme_Aujourd_hui_1930-06-12
http://rdfh.ch/0112/tohuc30ySEak6bF0BTe-Fg,pub_Roud Gustave_La Voix de Robert Desnos _Aujourd_hui_1930-06-12
http://rdfh.ch/0112/s2KadusySReCuiHfA4FUeg,"pub_Roud Gustave_Calendrier. Le temps, nous saurons le vaincre…_Aujourd_hui_1930-06-19"
http://rdfh.ch/0112/_DtYSv3WQpC-Zv43rxiSmw,pub_Roud Gustave_Une femme… Autre paradis_Aujourd_hui_1930-07-03
http://rdfh.ch/0112/qHvA3V6-Q_KJJ7kYYbddwQ,pub_Roud Gustave_À propos de rythmes_Aujourd_hui_1930-07-03
http://rdfh.ch/0112/Si7OT9y2QR-m_CKm9l_2Dg,pub_Roud Gustave_[Pour arrêter le sang…] _Aujourd_hui_1930-07-10
http://rdfh.ch/0112/dGz61ei0THekbtyqSe4FEQ,pub_Roud Gustave_Note sur William Blake_Aujourd_hui_1930-07-17
http://rdfh.ch/0112/jl_oz7fdQD6Ta_dbozpgIg,pub_Roud Gustave_Fragments du Milton de William Blake _Aujourd_hui_1930-07-17
http://rdfh.ch/0112/Z-alJZ6XSMGTzNzSxg7ulw,pub_Roud Gustave_Livres d'images_Aujourd_hui_1930-08-07
http://rdfh.ch/0112/3VPxKCT_ReyucQCFemafFg,pub_Roud Gustave_Calendrier. Rien n’empêche d’imaginer…_Aujourd_hui_1930-08-28
http://rdfh.ch/0112/tqgD7WKvQV28WIo43U0UaQ,pub_Roud Gustave_Le Peintre Steven-Paul Robert_Aujourd_hui_1930-09-11
http://rdfh.ch/0112/hsoH8hG7R0GnLhf2gviEzg,pub_Roud Gustave_Lettre_Aujourd_hui_1930-09-18
http://rdfh.ch/0112/lvIAbQDnQr2Xk_ICNZiK_g,pub_Roud Gustave_Calendrier. Adieux_Aujourd_hui_1930-09-25
http://rdfh.ch/0112/cLwEqRQ7TNyeA-v_BWSf8w,pub_Roud Gustave_[Pour gagner en jouant…] _Aujourd_hui_1930-10-02
http://rdfh.ch/0112/41x_TfVKTEChDCrAkXQz_g,pub_Roud Gustave_Lettre_Aujourd_hui_1930-10-16
http://rdfh.ch/0112/ine5QZBKSJCZYySeQcrZjg,"pub_Roud Gustave_""Actualités sonores"" _Aujourd_hui_1930-10-23"
http://rdfh.ch/0112/lXW5dPVjTuqf6n0jpgu2ng,"pub_Roud Gustave_Le Corps et l'Ombre, fragments_Aujourd_hui_1930-10-23"
http://rdfh.ch/0112/jJwToINBSp212XBWtqm70A,pub_Roud Gustave_Novembre 1918_Aujourd_hui_1930-11-13
http://rdfh.ch/0112/N4gOgye_TR270NQ-4s218Q,pub_Roud Gustave_Palinodie_Aujourd_hui_1930-12-04
http://rdfh.ch/0112/uCJw-kKHTlGas-nqpQLTjA,pub_Roud Gustave_Calendrier. Ils ont dit que sous la mince toison…_Aujourd_hui_1930-12-18
http://rdfh.ch/0112/alvVK7HBT76h6npfYbkicA,pub_Roud Gustave_Question_Aujourd_hui_1931-01-08
http://rdfh.ch/0112/f4LizVHHS4eykL3zb1Ej4w,pub_Roud Gustave_Écrit à Carrouge. Il va bien sans dire que ni le désir…_Aujourd_hui_1931-01-15
http://rdfh.ch/0112/7MXGYyjrSsOr5fYeA8RS_g,pub_Roud Gustave_Écrit à Carrouge. Lettre_Aujourd_hui_1931-01-29
http://rdfh.ch/0112/yLo_ux93Roa1cp3FvvSe-A,pub_Roud Gustave_Réveil_Aujourd_hui_1931-02-12
http://rdfh.ch/0112/ar1Y34pzTc2Yv5KlC9Gr8g,pub_Roud Gustave_Écrit à Carrouge. Je n’ai jamais retrouvé ce village…_Aujourd_hui_1931-02-26
http://rdfh.ch/0112/F3fuiUgXQf6j0hIyGuVQyw,"pub_Roud Gustave_""Un cyclone à la Jamaïque""_Aujourd_hui_1931-03-05"
http://rdfh.ch/0112/U6IXneX3QvKGcJMh_Sxdgg,pub_Roud Gustave_Novalis _Aujourd_hui_1931-04-02
http://rdfh.ch/0112/peCRHygqRk-J4ZfuhULuaQ,pub_Roud Gustave_Novalis_Aujourd_hui_1931-04-02
http://rdfh.ch/0112/5fz4QzG5Qhuz9yrF7YG9BA,pub_Roud Gustave_Écrit à Carrouge. Point de vue_Aujourd_hui_1931-04-23
http://rdfh.ch/0112/ub8pm4cES5K8dH9NA25fdA,pub_Roud Gustave_Écrit à Carrouge. Main de faucheur. Halte. Réponses_Aujourd_hui_1931-06-18
http://rdfh.ch/0112/5Zeb8Zl4SYOQyebMp_ANcg,pub_Roud Gustave_D'un carnet de juin_Aujourd_hui_1931-07-02
http://rdfh.ch/0112/GbrKg7AZTzCWMAKw7Oh0cw,pub_Roud Gustave_Récit_Aujourd_hui_1931-07-09
http://rdfh.ch/0112/lvKhwY8WQkybdQS3011flw,pub_Roud Gustave_Dessus de portes _Aujourd_hui_1931-08-06
http://rdfh.ch/0112/Qrd5zzKPTSG9IEsVyoCuIw,pub_Roud Gustave_Écrit à Carrouge. G. S.-B. Moissons_Aujourd_hui_1931-08-20
http://rdfh.ch/0112/aw0jspkwQPSlFjfcGXzXYg,"pub_Roud Gustave_Dessus de portes, Documentaire _Aujourd_hui_1931-08-27"
http://rdfh.ch/0112/1_o4iYRcQP-tvq3x7wrtkg,pub_Roud Gustave_Écrit à Carrouge. L’ange de l’automne. Dialogue avec l’ange_Aujourd_hui_1931-09-17
http://rdfh.ch/0112/Hqyz7nOwQhyLG0sw7IpoIA,pub_Roud Gustave_Vues sur Rimbaud_Aujourd_hui_1931-10-01
http://rdfh.ch/0112/L4n8yxkET6exwnypoN4H3g,pub_Roud Gustave_Visite au moulin_Aujourd_hui_1931-10-22
http://rdfh.ch/0112/LMOLp6JwRRSR4TAGh1QnAw,pub_Roud Gustave_Exposition Henry Bischoff. Dessins de fantaisie de René Auberjonois_Aujourd_hui_1931-10-29
http://rdfh.ch/0112/ZxgFAB7_Roi9G6spCQZS6g,pub_Roud Gustave_Parallèle_Aujourd_hui_1931-11-12
http://rdfh.ch/0112/uK6ss8KHRZqlr_P1q9tiRA,pub_Roud Gustave_Écrit à Carrouge. Froment_Aujourd_hui_1931-12-17
http://rdfh.ch/0112/YY8sB3seTHuVA5Xcf4HYdA,pub_Roud Gustave_Inutilisable_Aujourd_hui_1931-12-31
http://rdfh.ch/0112/NDZkvHrQQiKLUiOVevKT3Q,pub_Roud Gustave_Dessins d'Auberjonois _Gazette_de_Lausanne_1932-03-10
http://rdfh.ch/0112/CLuSq0KzTn-6M_1GqMdlFg,pub_Roud Gustave_Une décoration d'Auberjonois à Rumine _Présence_1934
http://rdfh.ch/0112/U6TFbIINShyOfe5i_VJiEg,pub_Roud Gustave_Œuvres de Jean Clerc _Présence_1933-1934
http://rdfh.ch/0112/b3HtqpogSdCC12iMA5ut_g,pub_Roud Gustave_Un moulin vaudois_Illustré_1934-02-01
http://rdfh.ch/0112/MZtzlj39Qu6yslHqFCGqdA,pub_Roud Gustave_Fossoyage de printemps dans les vignes de Lutry_Illustré_1934-04-05
http://rdfh.ch/0112/d3MZkxglRzW3kKq8g3aG2w,pub_Roud Gustave_Labours de printemps_Illustré_1934-04-19
http://rdfh.ch/0112/fbFHZ-0pQWeSG0w2vKCvRg,pub_Roud Gustave_Moulin de Lussery _Le_Radio_1934-11-23
http://rdfh.ch/0112/IuIR1MAdTt6XCdfR6TDrFA,pub_Roud Gustave_Travaux d'hiver dans le Jorat_Illustré_1935-01-31
http://rdfh.ch/0112/Xaf4tPxLS4q8N_u4GriZ0Q,pub_Roud Gustave_Jean Viollier _Présence_1935-02
http://rdfh.ch/0112/RzaFM7DjQDGal0kKZU7UCg,pub_Roud Gustave_Bain d'un faucheur_Présence_1935-02
http://rdfh.ch/0112/lwAzy9HHQ8a7JaTyDFt9hg,pub_Roud Gustave_Dragons de février_Revue_de_Belles-Lettres_1935-03
http://rdfh.ch/0112/M8h6LoaISUiWt4W8Cb42Qg,pub_Roud Gustave_Dragons de nos campagnes_Illustré_1935-04-04
http://rdfh.ch/0112/ZAsMZo78QCSAhdXDY6cuFA,pub_Roud Gustave_Langage des fleurs_Présence_1935-07
http://rdfh.ch/0112/1zghr1zVQuOsXkqMtc8N5Q,pub_Roud Gustave_Dédicace_Schweizer_Annalen_1935-11
http://rdfh.ch/0112/mfHv7gMjTm6xsSyLgHSbmA,pub_Roud Gustave_Visite à C. F. Ramuz_Illustré_1935-12-24
http://rdfh.ch/0112/uCiaDEhvQMSvyP_OXV7j0A,pub_Roud Gustave_Peintures de René Auberjonois au Dézaley_Schweizer_Annalen_1936-03-03
http://rdfh.ch/0112/jnZpwV38ROCeL3UEe41lIg,pub_Roud Gustave_Des sous-verre de René Auberjonois _Tribune_de_Lausanne_1936-05-02
http://rdfh.ch/0112/tCY_mCrLSzqnienw-cd8AQ,pub_Roud Gustave_[Portrait inédit de Ramuz]_Illustré_1936-06-04
http://rdfh.ch/0112/99kfD9-bSuCeKzrjDGbwnA,pub_Roud Gustave_Images du Jorat_Illustré_1936-06-25
http://rdfh.ch/0112/FM_bmCXCSwWlDzrgemV3DQ,pub_Roud Gustave_Le Peintre Steven-Paul Robert_Illustré_1936-08-27
http://rdfh.ch/0112/IwtBowyHRfeSD2fk3IrgjA,pub_Roud Gustave_Alain-Fournier et Le Grand Meaulnes_La_Guilde_du_Livre_1937-02
http://rdfh.ch/0112/AkjJTXwGTYqHf6SCw6_8BQ,pub_Roud Gustave_Besoin de grandeur _La_Revue_du_dimanche_1937-05-09
http://rdfh.ch/0112/F2pXFImhQIags062iIzaaQ,pub_Roud Gustave_Regains_Illustré_1937-09-02
http://rdfh.ch/0112/0kjVmEsRSziZeLKNbCiSuQ,pub_Roud Gustave_Baignade de chevaux dans la Jorat_Illustré_1937-09-09
http://rdfh.ch/0112/6qxI9ZX9QIyrfOLis1SS_Q,pub_Roud Gustave_Fernand contre le ciel_Suisse_romande_1937-11-01
http://rdfh.ch/0112/6unIqWneQieBQg6DTS-I6A,pub_Roud Gustave_L'Âme romantique et le rêve_La_Revue_du_dimanche_1938-01-02
http://rdfh.ch/0112/08C_TxA2R3ulLh26SuPPtw,pub_Roud Gustave_Bouvreuil _Suisse_romande_1938-01-15
http://rdfh.ch/0112/epDPirZKR5KnCj-8ZO7qsg,"pub_Roud Gustave_Le Secret des Compagnons, par Henri Pourrat  _Suisse_romande_1938-02"
http://rdfh.ch/0112/taeHluQWTmqlv8AvCzbZsA,pub_Roud Gustave_L’hiver dans un village de chez nous_Illustré_1938-02-24
http://rdfh.ch/0112/H98CKSN1TjGiQdYx2m-EqA,pub_Roud Gustave_Premier printemps…_Illustré_1938-03-17
http://rdfh.ch/0112/f3jE2XWvS_C_iea6X_iOwA,"pub_Roud Gustave_Jeux de Merlin, par Marthe Boidin _Suisse_romande_1938-04"
http://rdfh.ch/0112/p3Dv7JN8S2mvnttoLzfiCQ,pub_Roud Gustave_Sur le Diégo de C. F. Landry_La_Guilde_du_Livre_1938-06
http://rdfh.ch/0112/QCv9zJlUTRWj96dBhjsRnw,pub_Roud Gustave_Deux fragments d'un hommage à C. F. Ramuz _Suisse_romande_1938-06-01
http://rdfh.ch/0112/8sslt2lpSYWooI3VEylsKQ,pub_Roud Gustave_Création d'une rose_Illustré_1938-07-21
http://rdfh.ch/0112/gPsB53afTd-kb3MAMdjh1w,"pub_Roud Gustave_Le chargeur de gerbes, Le faucheur_Illustré_1938-08-11"
http://rdfh.ch/0112/u2H6zXRIQi2XunZlSv5Wfw,"pub_Roud Gustave_Le faucheur, Le chargeur de gerbes_Illustré_1938-08-11"
http://rdfh.ch/0112/Ivp7eWpGRBWKe-BfmYKoZQ,pub_Roud Gustave_D’un carnet d’été. Moulin de Lussery_Suisse_romande_1938-09-15
http://rdfh.ch/0112/JUGLgAbpSBO9-0CU3QvRHw,pub_Roud Gustave_Architectures_Illustré_1938-10-06
http://rdfh.ch/0112/Ipn8xe42S3uI3C08oeqZ2Q,pub_Roud Gustave_Appel d'hiver _Suisse_romande_1939-02
http://rdfh.ch/0112/WRysn-24SqaOPPCF3S7QmQ,pub_Roud Gustave_Les Élégies romaines de Goethe traduites par J.-P. Samson _Suisse_romande_1939-02
http://rdfh.ch/0112/LRf4nDqCRSK085wjOYYvTw,pub_Roud Gustave_Bûcheron de mars_La_Guilde_du_Livre_1939-03
http://rdfh.ch/0112/6SYOxvlYTFyhkA5FaFpvsg,pub_Roud Gustave_Fin d'hiver au Jorat_Lectures_du_foyer_1939-03-11
http://rdfh.ch/0112/ku3hUiFgT8q2kQlEPNIurA,pub_Roud Gustave_Une femme…_Le_Radio_1939-04-14
http://rdfh.ch/0112/2_5mDB2yRgO_pHi401TrXQ,pub_Roud Gustave_C'est la saison des foins sur les coteaux du Jorat_Lectures_du_foyer_1939-06-24
http://rdfh.ch/0112/j0fW7FHMQEORIyhFHkeboA,pub_Roud Gustave_Sommeil_Feuille_centrale_de_Zofingue_1939-06
http://rdfh.ch/0112/nrUdn970SVGQNdh_XBdOCw,pub_Roud Gustave_Les Droits de la poésie_La_Guilde_du_Livre_1939-10
http://rdfh.ch/0112/A7MczHD4RBijFU-0SqZm3g,"pub_Roud Gustave_Dragon, Fernand Cherpillod, Escadron 4_La_Guilde_du_Livre_1939-10"
http://rdfh.ch/0112/bJrmfOFBRNeAKPXRH41KzQ,pub_Roud Gustave_Pages d'extrême-automne_Suisse_romande_1939-12
http://rdfh.ch/0112/DW5gym5iQqWrligaNJiRLA,pub_Roud Gustave_D'une certaine pureté_La_Guilde_du_Livre_1940-01
http://rdfh.ch/0112/vLCazQ0rSNCiwONhugL3YQ,pub_Roud Gustave_Soirées au village_Lectures_du_foyer_1940-01
http://rdfh.ch/0112/9xAhefgfRQeNAOpXZSgH0w,pub_Roud Gustave_D'une certaine pureté_La_Guilde_du_Livre_1940-01
http://rdfh.ch/0112/ZoL6PIrhQHSKgkUezzQd8g,pub_Roud Gustave_Dictées_La_Guilde_du_Livre_1940-07
http://rdfh.ch/0112/giG6_DusS6y9OJT9Q8nsMw,pub_Roud Gustave_Dragon_Formes_et_couleurs_1940-08
http://rdfh.ch/0112/F46s7B3zSUu2JDDP-RZD3w,pub_Roud Gustave_Extrême automne_La_Guilde_du_Livre_1940-11
http://rdfh.ch/0112/sQi-tKPeQki9Lqd7RfzNxw,pub_Roud Gustave_Lutteurs_Illustré_1940-11-21
http://rdfh.ch/0112/o2Z8aP2LQq--ZnAp3zl32A,pub_Roud Gustave_Présences à Port-des-Prés_Feuille_centrale_de_Zofingue_1941-04
http://rdfh.ch/0112/hnpgqz2XS0i7kxCVUHAVeA,pub_Roud Gustave_Air de la solitude_La_Guilde_du_Livre_1941-04
http://rdfh.ch/0112/iQiULRduR6qpyoYOMnYJQQ,pub_Roud Gustave_Fragment d'un Hommage à C. F. Ramuz_Pages_1941-05
http://rdfh.ch/0112/xtwNfZGTTpifTbgWDXPssg,pub_Roud Gustave_Fragment d une réponse à C. F. Ramuz_La_Guilde_du_Livre_1941-08
http://rdfh.ch/0112/7NGk2BNkRYmUeuy697cNDw,pub_Roud Gustave_Réponse de Monsieur Gustave Roud_Feuille_centrale_de_Zofingue_1941-08
http://rdfh.ch/0112/6cU7MlhETKKYlvs_-M8sUA,pub_Roud Gustave_Hommage Toute-puissance de la poésie (Scène)_Feuille_centrale_de_Zofingue_1941-08
http://rdfh.ch/0112/JVbr7gPxT4-9S8g3WvcNCg,pub_Roud Gustave_Dictée_Pages_1941-10
http://rdfh.ch/0112/OXLofRkPRCKOcLrEy6DZ8w,pub_Roud Gustave_Deux moments d'une quête_Suisse_contemporaine_1941-11
http://rdfh.ch/0112/CVItHS9MRLyIW_DGrFqlgg,pub_Roud Gustave_Rimbaud_La_Guilde_du_Livre_1941-12
http://rdfh.ch/0112/9wQ72lxhStqEZOSu_ZlATg,pub_Roud Gustave_Seuil de l'hiver_Illustré_1941-12-18
http://rdfh.ch/0112/ml6EP21mRqqSOWLiiUHBMQ,pub_Roud Gustave_Les jardins morts…_La_Semaine_de_la_femme_1942-01-03
http://rdfh.ch/0112/dQ3VUg2PR7WSQf3KxDZw6w,pub_Roud Gustave_En cinquante lignes_La_Semaine_de_la_femme_1942-01-03
http://rdfh.ch/0112/5lZmyW_XRDiPATPsvFY67w,"pub_Roud Gustave_Après la mort de Sophie, Novalis…_La_Semaine_de_la_femme_1942-01-31"
http://rdfh.ch/0112/w4Vj1hTPTCamfjvAqxVutQ,pub_Roud Gustave_Poésie_La_Semaine_de_la_femme_1942-02-28
http://rdfh.ch/0112/0CXfXu0bRHm7qKrEHyYF2w,"pub_Roud Gustave_Sans nul doute, le jour où elles paraîtront…_La_Semaine_de_la_femme_1942-04-11"
http://rdfh.ch/0112/4MgZBJ1AQCW8ehny3Xi_gQ,"pub_Roud Gustave_[Robert Eicher guidant un atelage de deux cheveaux], [Un semeur]_Le_Sillon_Romand_1942-05-15"
http://rdfh.ch/0112/72t9iIlgSSe1Rlx9zB43UA,pub_Roud Gustave_Pont de mai_La_Semaine_de_la_femme_1942-05-16
http://rdfh.ch/0112/Sjl6lFyYSUSl1UU5lhRILw,pub_Roud Gustave_Pigeon_La_Guilde_du_Livre_1942-06
http://rdfh.ch/0112/mIY4k9MxTb-x4NzB_bFuXw,pub_Roud Gustave_Halte en juin_La_Semaine_de_la_femme_1942-06-13
http://rdfh.ch/0112/7_43Glw0SjusMbNEiJaE0A,pub_Roud Gustave_Quand les chevaux ne sont plus utiles aux travaux des champs_Lectures_du_foyer_1942-07
http://rdfh.ch/0112/JcNgm0DVSrmzQqRc6jCS9g,pub_Roud Gustave_Le peintre Steven-Paul Robert_Suisse_contemporaine_1942-07
http://rdfh.ch/0112/X7tijrLFQnu7ktZ3_2v4EQ,pub_Roud Gustave_L’amour des fleurs_La_Semaine_de_la_femme_1942-07-22
http://rdfh.ch/0112/qS9xZPdFT2mI-y9pR18bhg,pub_Roud Gustave_Moissons_La_Semaine_de_la_femme_1942-08-15
http://rdfh.ch/0112/STQhgSf6SJCfvjE-erEHnQ,pub_Roud Gustave_Pouvoirs d'une prairie_La_Guilde_du_Livre_1942-10
http://rdfh.ch/0112/sjidRZ43QZK3w5R5hgRb1g,pub_Roud Gustave_Labour_La_Semaine_de_la_femme_1942-11-07
http://rdfh.ch/0112/8_ZNxMZCToGDy85au8vqkA,pub_Roud Gustave_Œuvres d'Auberjonois à Winterthour_Gazette_de_Lausanne_1942-12-15
http://rdfh.ch/0112/LBvQ-dGGT7WRPNENjgm-mg,pub_Roud Gustave_Richard Hartmann _Suisse_contemporaine_1943-02
http://rdfh.ch/0112/ksB3qITKQkqAax4nsX6eoA,pub_Roud Gustave_Mémoire_La_Guilde_du_Livre_1943-02
http://rdfh.ch/0112/1jhxvk7rTcCDsVGKiMp2vA,pub_Roud Gustave_Bain d'un faucheur_Cahiers_du_Sud_1943-04
http://rdfh.ch/0112/hbq6-IZDRracvX7bBnpBTw,pub_Roud Gustave_[sans titre]_Joie_1943-04
http://rdfh.ch/0112/3XmcElMST3GRiskNdwChTg,pub_Roud Gustave_Semeur d'avril_La_Semaine_de_la_femme_1943-04-03
http://rdfh.ch/0112/EcAjZF_hTLmkN6-70_mAAg,pub_Roud Gustave_Trois feuillets d'un printemps perdu_Joie._Journal_pour_les_étudiants_de_la_Suisse_romande_1943-05
http://rdfh.ch/0112/c0gp0elQTdmw9c_cE26eJw,pub_Roud Gustave_Présences à Port-des-Prés_La_Guilde_du_Livre_1943-09
http://rdfh.ch/0112/JF2HvF-1SCW0P46IaMPBcA,pub_Roud Gustave_A-J Bataillard Dialogue avec M Gustave Roud_Joie_1943-10
http://rdfh.ch/0112/9d9iCNzEQ4K3U2Gosob_Cg,pub_Roud Gustave_René Auberjonois vu par C. F. Ramuz_Illustré_1943-11-25
http://rdfh.ch/0112/e3GMuONPSdCvXCW-xluYcQ,pub_Roud Gustave_Différence_Lettres_1943-12
http://rdfh.ch/0112/uB_mCkLaTxCRteZSvx6BsA,pub_Roud Gustave_[Une imagerie au mètre carré…]_Revue_de_l_Édition_1944-03-15
http://rdfh.ch/0112/BQZaW4WUReip3sbWJJJhrw,pub_Roud Gustave_Adieu à une route morte_La_Guilde_du_Livre_1944-04
http://rdfh.ch/0112/qM7VerVET7GhoFEeU7JDWg,pub_Roud Gustave_Mirage d'hiver_La_Guilde_du_Livre_1945-02
http://rdfh.ch/0112/vY4OHhQ2Rk2m4vjmQEaNjQ,pub_Roud Gustave_La forêt d'hiver et ses bourreaux_La_Guilde_du_Livre_1945-02
http://rdfh.ch/0112/GY1aZ3-hR4mRPQsljt6pjQ,pub_Roud Gustave_Petite note sur Rive bleue_La_Guilde_du_Livre_1945-03
http://rdfh.ch/0112/zbVGKuXzQ7inIuqUAjGqcw,pub_Roud Gustave_Verdures de la Nuit_Servir_1945-05-03
http://rdfh.ch/0112/DnoEgmb3Q4SwMvdHw3czfQ,pub_Roud Gustave_Présence du poète_Lettres_1945-06
http://rdfh.ch/0112/aSsj9gyUTKqlXdpxeevdKg,pub_Roud Gustave_Sur les Châteaux en enfance de Catherine Colomb_La_Guilde_du_Livre_1945-08
http://rdfh.ch/0112/ieqBUc1nRI-E1utWUwB06w,pub_Roud Gustave_Le paysan_Économie_1945-09
http://rdfh.ch/0112/bK1NTk-sQxK0AWQNUMAB4A,pub_Roud Gustave_Inutilisable_La_Guilde_du_Livre_1945-12
http://rdfh.ch/0112/Ra_fxhxYTqCBRZeyyWKg7w,pub_Roud Gustave_Bain d'un faucheur_Horizon_1946-02
http://rdfh.ch/0112/vF3GfaW3TxS0i63Qb4PPFg,pub_Roud Gustave_Visite au dragon Ramseyer_La_Guilde_du_Livre_1946-03
http://rdfh.ch/0112/ULkLGe7YRVCeOZYr25sb4A,pub_Roud Gustave_Beau-Site. À Monsieur le Docteur Georges Rossel_Gazette_de_Beau-Site_1946-06
http://rdfh.ch/0112/TnwNLOE4QeWLUdVHl59Pug,pub_Roud Gustave_Page de L été Les Foins_Le_Courrier_de_La_Plata_1946-08-01
http://rdfh.ch/0112/UK7CGSFMTcynDcxMvqm_sA,pub_Roud Gustave_Le Monde réel_Gazette_de_Lausanne_1946-10-19
http://rdfh.ch/0112/9u-OCfSiTGyfY6SjeGfG0Q,pub_Roud Gustave_Cueilleurs de pommes à Monnéaz_La_Guilde_du_Livre_1946-11
http://rdfh.ch/0112/rq6-Ub5vTTKntSP5figmZQ,pub_Roud Gustave_Les courses villageoises_Le_Dragon_romand_1947-04
http://rdfh.ch/0112/cUVKOw95RAqIENg0kG_mYw,pub_Roud Gustave_Adieu_Servir_1947-05-29
http://rdfh.ch/0112/Vqroed9fTz-CAREI3XkaeA,pub_Roud Gustave_Poétique_La_Gazette_littéraire_1947-05-31
http://rdfh.ch/0112/5JkmbZQyQR-_3qO4zJU5qQ,pub_Roud Gustave_Sur Aimé Pache_La_Guilde_du_Livre_1947-11
http://rdfh.ch/0112/CyFqyE7OTgijEYtMnrsrvw,pub_Roud Gustave_Au temps d'Aujourd'hui_Suisse_contemporaine_1947-11
http://rdfh.ch/0112/GwAr8I1oSue3nndMYr9PQg,pub_Roud Gustave_Dragons à Chapelle_Gazette_de_Lausanne_1947-11-08
http://rdfh.ch/0112/ZOTq5IDjS1yddPG9ttq7CQ,"pub_Roud Gustave_D'un cahier d'instants_13/12, Organe de l’Association romande du personnel de la librairie et de l’édition_1947-12"
http://rdfh.ch/0112/vaXeH-b_Qp25iuj__QROVA,pub_Roud Gustave_Rameau de cerisier_Pour_l_Art_1948-06
http://rdfh.ch/0112/ADN_YZscShCmq2XwNJt3RQ,pub_Roud Gustave_L'Ami dans la vallée_La_Guilde_du_Livre_1948-09
http://rdfh.ch/0112/YT0XiDR2R16CZk7E92E-1w,pub_Roud Gustave_Visite ancienne à l'atelier d'Auberjonois_Pour_l_Art_1948-09
http://rdfh.ch/0112/I2lpZGKgSLKSMKDMM3zSIQ,pub_Roud Gustave_Dessins de Seurat_Pour_l_Art_1948-11
http://rdfh.ch/0112/XcWGhUJoRayoi3dasLq2LA,pub_Roud Gustave_Lettre au poète Werner Weber_La_Guilde_du_Livre_1949-05
http://rdfh.ch/0112/0HoE3QD4Sv6Tpz_TZp_M2w,pub_Roud Gustave_L'enclave_Gazette_de_Lausanne_1949-06-04
http://rdfh.ch/0112/2h88dJrTRqqx0Lm71JVI5Q,pub_Roud Gustave_Haut-Jorat_Suisse_contemporaine_1949-07
http://rdfh.ch/0112/RkYr2k_kQqiq13-MN9dhgQ,pub_Roud Gustave_Nicolas Poussin ou le lyrisme pur_Pour_l_Art_1950-01
http://rdfh.ch/0112/lRq1R_MaQlSFH137hpoABA,pub_Roud Gustave_Grand-Saint-Bernard_Perspectives_1950-02
http://rdfh.ch/0112/SyjZ51JuRkGYu1zbgnJCjQ,pub_Roud Gustave_D'une quête_Botteghe_oscure_1950-05
http://rdfh.ch/0112/LkvzJTzGSRS8un_WtE79LQ,pub_Roud Gustave_Haut-Jorat d'été_La_Guilde_du_Livre_1950-08
http://rdfh.ch/0112/OjsFC7eES1SI3sVjPDbBzQ,pub_Roud Gustave_La Fondation C.F. Ramuz_La_Guilde_du_Livre_1950-09
http://rdfh.ch/0112/1v-haJxNTqGdlFI5WVBYLA,pub_Roud Gustave_Feuillets_Rencontre_1950-11
http://rdfh.ch/0112/_0KNZgqCS0Kuw4foZkWs2Q,pub_Roud Gustave_Ouvre les yeux ferme les yeux…_La_Guilde_du_Livre_1950-12
http://rdfh.ch/0112/zkGfv5xvQay7fyvh8MUT-A,pub_Roud Gustave_Rêve_La_Guilde_du_Livre_1951-04
http://rdfh.ch/0112/JG2gHwg3SHikTG-eQjcEGw,pub_Roud Gustave_Petite note sur Les Pieds de l'Ange_La_Guilde_du_Livre_1951-05
http://rdfh.ch/0112/gBpXAPuVQ7GruuEx5uBjYQ,pub_Roud Gustave_Le repos du cavalier_Rencontre_1951-06
http://rdfh.ch/0112/1XgSfeAvRW2hfuA9RTgeWA,pub_Roud Gustave_Le Vagabond ensorcelé_La_Guilde_du_Livre_1951-09
http://rdfh.ch/0112/zQSEVztNS3-1b5iIT9YUWg,pub_Roud Gustave_[Puis-je sans être importun vous demander l'hospitalité] _Revue_de_Suisse_1952-04-30
http://rdfh.ch/0112/l5IILckORoeX2XjRjM4Jbw,pub_Roud Gustave_[Pardonnez-moi si je déçois votre attente]_La_Guilde_du_Livre_1952-08
http://rdfh.ch/0112/Hklr5ZyxTdW4IAfN16PdXg,pub_Roud Gustave_Sur l'Art d'Auberjonois_Perspectives_1952-08
http://rdfh.ch/0112/i6UvcNOeTDW8hV3ncbgs9A,pub_Roud Gustave_Grand Quai_La_Guilde_du_Livre_1952-12
http://rdfh.ch/0112/PU4VNOhDQGumXUyKRayBWA,pub_Roud Gustave_Sur la poésie de Maurice Chappaz_Feuille_centrale_de_Zofingue_1953-01
http://rdfh.ch/0112/-DexANXyTvaLL5Rl7E4IDQ,pub_Roud Gustave_Air de la solitude_Feuille_centrale_de_Zofingue_1953-01
http://rdfh.ch/0112/XRW0JVKnSmqCL_I3vuvlbQ,pub_Roud Gustave_Le Haut-Jorat_Gazette_de_Lausanne_1953-02-19
http://rdfh.ch/0112/1UQj4bMpSgumEDcaeL-ivw,pub_Roud Gustave_Pour peu qu’elle évoque_Feuille_d_Avis_de_Lausanne_1953-03-11
http://rdfh.ch/0112/Ebz4jOQLS7ayYS6MfWgT8A,pub_Roud Gustave_Pour un bouquet des quatre-saisons_La_Guilde_du_Livre_1953-05
http://rdfh.ch/0112/wLQ24X7GTWOB6Ko8Caf0iQ,pub_Roud Gustave_Hommage à Pierre-Louis Matthey pour ses soixante ans_La_Nouvelle_Revue_de_Lausanne_1953-07-17
http://rdfh.ch/0112/vF49YklNRtyHQQZkPkNz1A,pub_Roud Gustave_L'Enclave_Pays_du_Lac_1953-10
http://rdfh.ch/0112/zaYzWLPYR2m6ntU50niNfw,pub_Roud Gustave_Des musiques volées aux musiques choisies_Carreau_1953-12
http://rdfh.ch/0112/oeo3plnrQaGjqTi1I0D9TQ,"pub_Roud Gustave_[André Ramseyer à la charue?], [Olivier?], [Tracteur], [André Ramseyer aux foins], [Enfant sur un tracteur], [Char à foins], [Récolte des foins], [Olivier tressant un panier]_Le_Semeur_Vaudois_1954-02-06"
http://rdfh.ch/0112/h_W-XREjQg-BbEgsA1h0jw,pub_Roud Gustave_Foins _Semeur_vaudois_1954-02-27
http://rdfh.ch/0112/jvo5yW3qRxy6a6aER7oQdA,pub_Roud Gustave_Quelques lettres inédites de C. F. Ramuz_Alambic_1954-03
http://rdfh.ch/0112/I52rPVaaT9KtpxbGp-b5GQ,pub_Roud Gustave_René Auberjonois_Schweizer_Monatsschrift_1954-03
http://rdfh.ch/0112/dXMOUySQR0id1_R3_tUQ4g,pub_Roud Gustave_Le paysan_Semeur_vaudois_1954-03-27
http://rdfh.ch/0112/F-JaF8xyT8GTruuyTPOxpw,pub_Roud Gustave_Souvenir_Zofingia_1954-04
http://rdfh.ch/0112/H_j0BrJGSeiHAawMOm9olg,pub_Roud Gustave_Un Muzot bien gardé _Gazette_de_Lausanne_1954-07-10
http://rdfh.ch/0112/Fv7NC3-yRjWBn_A3oKujRw,pub_Roud Gustave_Ferme d'extrême-automne_Semeur_vaudois_1954-11-20
http://rdfh.ch/0112/twtO6uCAQMG-ooHYljMHfQ,pub_Roud Gustave_Hommage_Pays_du_Lac_1954-12
http://rdfh.ch/0112/SgUHbzKbRhydOB29M47Okw,pub_Roud Gustave_Petite halte à Pailly_Gazette_de_Lausanne_1954-12-18
http://rdfh.ch/0112/mvDQj_FbThGztxfWFiezkg,pub_Roud Gustave_Gérard de Palézieux_Gazette_de_Lausanne_1954-12-24
http://rdfh.ch/0112/PNjtK8yTQSComuxrsfkUfg,"pub_Roud Gustave_À propos des Œuvres complètes de Ramuz, une discussion entre Gustave Roud et Emmanuel Buenzod_Gazette_de_Lausanne_1955-01-08"
http://rdfh.ch/0112/dSts3330QomAmbwciSrsrw,pub_Roud Gustave_8 écrivains suisses répondent à nos questions_Jeunesse_1955-02
http://rdfh.ch/0112/ld9G6gPuT7yGwsnmZpfvhg,pub_Roud Gustave_À propos des œuvres complètes de Ramuz_Gazette_de_Lausanne_1955-03-24
http://rdfh.ch/0112/nShgewTUQki0gEMBt5b08g,pub_Roud Gustave_Sur les poèmes de Georg Trakl_La_Nouvelle_Revue_Française_1955-06
http://rdfh.ch/0112/ZXBOO692QUeso5NhHTF2_w,pub_Roud Gustave_Villages_Revue_des_PTT_1955-06
http://rdfh.ch/0112/YPkRoDWLTR23_8UDPmh7pw,pub_Roud Gustave_Sur les poèmes de Georg Trakl_La_Nouvelle_Revue_Française_1955-06
http://rdfh.ch/0112/QZ_WR0tDSk-38c7y5ad9nA,pub_Roud Gustave_De Carrouge à Grignan. Lettre à Philippe Jaccottet_Gazette_de_Lausanne_1955-06-04
http://rdfh.ch/0112/L0nXXV4oQUCcAL5HSnUNLA,pub_Roud Gustave_Le Paysan_Réforme_1955-06-11
http://rdfh.ch/0112/VGHWPfejS7OXEcpXXhcp6w,pub_Roud Gustave_Feuillets du Journal de Gustave Roud_Journal_de_la_Maison_Charles_Veillon_1955-07
http://rdfh.ch/0112/_VyFCVMTSCeFKaSFG2GwXw,pub_Roud Gustave_La poésie de Pierre-Louis Matthey_Gazette_de_Lausanne_1955-10-22
http://rdfh.ch/0112/k4QXJYDWQDmkU0rM5fb8Vw,pub_Roud Gustave_Pour un Requiem_Pour_l_Art_1955-11
http://rdfh.ch/0112/wE3M4T2bRc-7eejhrC8cnw,pub_Roud Gustave_Itinéraire…_L_Écho_de_la_Broye_1955-12-02
http://rdfh.ch/0112/vDVyi0KLQPKmS8qYXJGbyg,pub_Roud Gustave_L’ancien bruit des fléaux_Journal_et_Feuille_d_Avis_du_Valais_et_de_Sion_1956-04-03
http://rdfh.ch/0112/orpsKdG3S8yAbqIhMBYlZA,"pub_Roud Gustave_Catherine Colomb, romancière vaudoise _Gazette_de_Lausanne_1956-04-28"
http://rdfh.ch/0112/_CmMLn-QRCeTN6yi8KQVRQ,pub_Roud Gustave_Les Cahiers vaudois furent un combat_Gazette_de_Lausanne_1956-05-12
http://rdfh.ch/0112/dWz4_K5BRn6AgEzhdsH8tA,pub_Roud Gustave_[Rien n'est plus intolérable…]_Gazette_de_Lausanne_1956-11-17
http://rdfh.ch/0112/ATbSV3lARRGQz3MpPczZrg,pub_Roud Gustave_Une Sainte-Victoire de Cézanne au Cercle d'Art_Carreau_1957-03
http://rdfh.ch/0112/5XZXSw4iSEuizdIRkGgH8Q,pub_Roud Gustave_La lampe éteinte et la chanson perdue_Gazette_de_Lausanne_1957-04-20
http://rdfh.ch/0112/4XjFArGVQrKequkvN_8g5A,pub_Roud Gustave_Anniversaire_La_Guilde_du_Livre_1957-05
http://rdfh.ch/0112/aLQL46RyRNeJVu1f9FqNvw,pub_Roud Gustave_Le Monde réel_Pour_l_Art_1957-05
http://rdfh.ch/0112/msvsTFwjSdeyDjSKafjQ4Q,pub_Roud Gustave_Étoile_La_Gazette_littéraire_1957-06-15
http://rdfh.ch/0112/hc7ZPFncQDGk5QmRWQgBQQ,pub_Roud Gustave_Je me souviens_Semeur_vaudois_1957-07-20
http://rdfh.ch/0112/GNYPB52yRnG3oeYeKe84Sw,pub_Roud Gustave_Une expérience poétique_La_Guilde_du_Livre_1957-08
http://rdfh.ch/0112/3tF7gdLwRZy29WrtmQjb8w,pub_Roud Gustave_Réponse à Philippe Jaccottet_Pour_l_Art_1957-09
http://rdfh.ch/0112/j4MIk6plSl6_t75dPRK8TA,pub_Roud Gustave_Merci_Le_Courrier_de_la_Broye_et_du_Jorat_1958-01-09
http://rdfh.ch/0112/wNmYbopXRZa4z2D8XQ7EDg,pub_Roud Gustave_Moissons_Semeur_vaudois_1958-08-09
http://rdfh.ch/0112/yq8Y82nDTbee8ijnoWSyAQ,pub_Roud Gustave_Sur Auberjonois_Schweizer_Kunst_1958-09
http://rdfh.ch/0112/HrHo5fsqR_eJP65AckVaNA,pub_Roud Gustave_Un livre sur Gaston Vaudou_Gazette_de_Lausanne_1958-09-27
http://rdfh.ch/0112/XlkRDzCaR_SVj1VZAjuvrg,"pub_Roud Gustave_[Amitié, amour, piété…]_Gazette_de_Lausanne_1959-05-02"
http://rdfh.ch/0112/Zws0MVq6QDq8-CljfeXSlg,pub_Roud Gustave_Aujourd'hui_Gazette_de_Lausanne_1959-10-31
http://rdfh.ch/0112/JZMebVTxTaGJXcihKb3Hpg,pub_Roud Gustave_[Immobile dans le soleil du soir...]_Bulletin_des_anciens_élèves_du_collège_de_Nyon_1959-11
http://rdfh.ch/0112/OtQNFI3JQ0ys1R0I-Cmm2w,pub_Roud Gustave_C. F. Ramuz – Architecte du livre_Librarium_1960-08
http://rdfh.ch/0112/509zgDYCTwS637j8-pqm3w,pub_Roud Gustave_Poésie de Georges Nicole_Gazette_de_Lausanne_1961-06-10
http://rdfh.ch/0112/kNgW-uoqTTOq2M8qDOTQIg,pub_Roud Gustave_Le peintre Steven-Paul Robert_Gazette_de_Lausanne_1961-10-21
http://rdfh.ch/0112/II0LG_PrQqKwsEZR3STndw,pub_Roud Gustave_Salutation_Gazette_de_Lausanne_1962-04-21
http://rdfh.ch/0112/Fn447YZNROWQzBMt71XZVQ,pub_Roud Gustave_La photo quotidienne. Tresseur de Corbeille ET La photo poétique. Pavots_Écolier_romand_1962-06-01
http://rdfh.ch/0112/nmMDVh1SRLqu_sO-DzhfXA,pub_Roud Gustave_Le Vase bleu de Paul Cézanne_Carreau_1962-12
http://rdfh.ch/0112/x72FzHi1TWSD8nlQhJcnCQ,"pub_Roud Gustave_Casimir Reymond, jeune peintre_Gazette_de_Lausanne_1963-05-25"
http://rdfh.ch/0112/zjOplbjlS1qZ7d5OfmTR_A,pub_Roud Gustave_D'un Requiem_Écriture_1964-04
http://rdfh.ch/0112/ngQLNsQ7SnGI4QoMUT_mnQ,"pub_Roud Gustave_traduction de ""Moisonneur endormi"" par Franz Bäschlin _Sonntagspost_1964-05-01"
http://rdfh.ch/0112/SyBVMwgdSA6i8sYuWPV1_Q,pub_Roud Gustave_Gérard de Palézieux_Journal_de_Sierre_et_du_Valais_central_1964-07-01
http://rdfh.ch/0112/G8WZsGntTViYPoshvroy_Q,"pub_Roud Gustave_Présences à Port-des-Prés , Noms , Laboureur au repos _Alliance_culturelle_romande_1964-10"
http://rdfh.ch/0112/VtOjpTO3RiWJfCn2ZLMQdg,pub_Roud Gustave_Rectifications_La_Gazette_littéraire_1964-11-21
http://rdfh.ch/0112/ciT06BTRTuaTCgWvn8Vm9A,pub_Roud Gustave_Bain d un faucheur_Les Cueilleurs de pommes_Le_Thyrse_1965-07
http://rdfh.ch/0112/7ac0OBgmRg-Zdcva-HGfZg,pub_Roud Gustave_Notre monde périssable sauvé par la poésie_Gazette_de_Lausanne_1965-11-20
http://rdfh.ch/0112/UV4CqCEuSKiS0F0FwqNz0g,pub_Roud Gustave_Trente ans_La_Guilde_du_Livre_1966-03
http://rdfh.ch/0112/TNwZM3qPRnWKst8Kwwi0xQ,pub_Roud Gustave_[Voici revivre ces moments]_La_Guilde_du_Livre_1966-03
http://rdfh.ch/0112/UKVrgT4kSvSCULmOA1-0FA,"pub_Roud Gustave_Dissolution des comités littéraires de la Guilde, une lettre de Gustave Roud_Feuille_d_Avis_de_Lausanne_1967-01-04"
http://rdfh.ch/0112/LjkZYkSVRFWnkQAMWrxpww,pub_Roud Gustave_D'un Requiem_Gazette_de_Lausanne_1967-04-22
http://rdfh.ch/0112/TWTqINMOSrO-z5SmQeAIjA,pub_Roud Gustave_M'expliquer avec les étoiles_La_Gazette_littéraire_1967-04-22
http://rdfh.ch/0112/YoXJT4xnRm2cYCBjboWBAw,pub_Roud Gustave_[Dans l_insigne honneur]_Études_de_Lettres_1967-04
http://rdfh.ch/0112/bDNk6oIGQK6Yh9Ad8qX86A,pub_Roud Gustave_Feuillets_Dialogue_1967-05
http://rdfh.ch/0112/GJrfDSVSQVO_kb2zjIHCWg,pub_Roud Gustave_Voilà vingt ans s'éteignait le grand Ramuz_Construire_1967-05-17
http://rdfh.ch/0112/BTVcm5QqRgqNzoKFa_jJFQ,pub_Roud Gustave_Petit traité de la marche en plaine_Alliance_culturelle_romande_1967-05
http://rdfh.ch/0112/PsgcJmF9QKyHfyU5caOj_Q,pub_Roud Gustave_Requiem: O maison natale_La_Gazette_littéraire_1967-11-25
http://rdfh.ch/0112/iogc5ZAyQ_27RfGCTzISww,pub_Roud Gustave_Requiem : O maison natale_La_Gazette_littéraire_1967-11-25
http://rdfh.ch/0112/Xaw7P0ATRfS0dokrz8DzQQ,pub_Roud Gustave_Image sans emploi_Organe_de_l_Association_romande_du_personnel_de_la_librairie_et_de_l_édition_1968-09
http://rdfh.ch/0112/CMkFgQhoTHq6FsL6E_yqYQ,pub_Roud Gustave_La Désertion_Gazette_de_Lausanne_1968-09-21
http://rdfh.ch/0112/ZnebulLCRZCwysttW6-MYw,pub_Roud Gustave_Petite lettre au Président Weber-Perret_Alliance_culturelle_romande_1968-11
http://rdfh.ch/0112/z7Zp2ltfR8uP-vy17ttQAw,pub_Roud Gustave_Hommage de Gustave Roud_13/12_Organe_de_l_association_romande_du_personnel_de_la_librairie_et_de_l_édition_1968-12
http://rdfh.ch/0112/MUnNu3hKSeiStf9xvur3iA,pub_Roud Gustave_La Conquête d'un monde_Gazette_de_Lausanne_1968-12-07
http://rdfh.ch/0112/l6lA8Vp7RDG-bifyUNJXSA,pub_Roud Gustave_L'Accueil au monde_Bulletin_des_anciens_élèves_du_collège_de_Nyon_1969-09
http://rdfh.ch/0112/xHCUqS_LSOaJ8iZi6K_egg,pub_Roud Gustave_Corbehaut_Gazette_de_Lausanne_1970-02-28
http://rdfh.ch/0112/WZzXE4dxR8yJnFdwmemNcQ,pub_Roud Gustave_Roud à Ramuz_Journal_de_Genève_1970-10-03
http://rdfh.ch/0112/2THnAHpWSvqzy4NmTI6SGw,pub_Roud Gustave_Prélude à la campagne perdue_Gazette_de_Lausanne_1970-10-03
http://rdfh.ch/0112/yH2_5MRWTjiEkFCjfVz5Ww,pub_Roud Gustave_Présence _La_Liberté_1972-04-01
http://rdfh.ch/0112/8TL76k2kSqWdsIbQ9T5Z-A,pub_Roud Gustave_Sur cette route qui mène à un présent perpétuel_Journal_de_Genève_1972-04-15
http://rdfh.ch/0112/-gsZE0yHRCqKCdf6FUy1Yg,pub_Roud Gustave_Campagne perdue_Gazette_de_Lausanne_1972-04-15
http://rdfh.ch/0112/ZE3HI7vhQ3mCEctv3nP0Iw,pub_Roud Gustave_Lettres à et de Pierre-Louis Matthey_Études_de_Lettres_1972-04
http://rdfh.ch/0112/A5NIKfgHR6in4CelNWrsBg,"pub_Roud Gustave_[Ecoute, c'est la pluie, écoute !…]_La_Flamme_1972-07"
http://rdfh.ch/0112/cMIJXNPaSUCIxJQ6Ly8Y6g,pub_Roud Gustave_Félix Vallotton graveur_La_Nouvelle_Revue_de_Lausanne_1972-08-04
http://rdfh.ch/0112/Y7CrpMg5S4OoeBaD2eh9wQ,pub_Roud Gustave_Essai de réponse_Matulu_1972-09
http://rdfh.ch/0112/EHjDGmlpQQSte_yaFXfAKQ,pub_Roud Gustave_D'une Quête_Matulu_1972-09
http://rdfh.ch/0112/Qr7oKLb-Sfmc3vgLnimIdg,pub_Roud Gustave_L'Alchimiste au regard aigu_Gazette_de_Lausanne_1972-10-07
http://rdfh.ch/0112/_9F7ixXhTUCBzwRzhVb7rA,pub_Roud Gustave_[La porte est ouverte]_Études_de_Lettres_1972-10
http://rdfh.ch/0112/CBW35HBjRem8DfWjccWzyw,pub_Roud Gustave_La Fascination des eaux_Gazette_de_Lausanne_1973-11-03
http://rdfh.ch/0112/OBSvHVGISq-EDZfOw6Pfrw,pub_Roud Gustave_Des Cahiers du Sud_Études_de_Lettres_1974-07
http://rdfh.ch/0112/61-KsLihSqmiXgt7lBSkog,pub_Roud Gustave_D'une campagne perdue_Orte_1976-09
http://rdfh.ch/0112/xmLOBuZxT1WjZaO-IV8QuQ,"pub_Roud Gustave_Requiem, une tache couleur de ciel_Orte_1976-1977"
http://rdfh.ch/0112/3zgJqKQ1T2ORq0ybD5cInA,"pub_Roud Gustave_Quelques notes de 1924, Air de la Solitude, Le Repos du Cavalier, Requiem, Campagne perdue, Bourreaux - sainte, Trakl, Métamorphose du malin _Solaire_1977-06"
http://rdfh.ch/0112/uB7XpKARRjK6GjXz2O0FuA,pub_Roud Gustave_Poésie_Samedi_littéraire_1978-12-23
http://rdfh.ch/0112/V5rmQglZRrKbzY8881z8zw,pub_Roud Gustave_Poème. Sanatorium. Pain jeté_Aujourd_hui
http://rdfh.ch/0112/RGRbJFXwRAG0YOGNbI7Sfg,pub_Roud Gustave _Le poète Pierre-Louis Matthey titulaire du Grand Prix C. F. Ramuz_La_Guilde_du_Livre_1955-11
http://rdfh.ch/0112/w77KbuWKQUe8-8au2llnpQ,pub_Roud Gustave _Cendre_Aujourd_hui_1930-07-10
http://rdfh.ch/0112/ddSOsY3ISd-bN8aiH4SCUQ,pub_Roud Gustave _Cendre II_Aujourd_hui_1930-07-24
http://rdfh.ch/0112/Fi8hi51gSuW5QXWTN5e5xw,pub_Roud Gustave _Rhapsodie_Aujourd_hui_1931-01-29
http://rdfh.ch/0112/SkxKzTPGQyKOMDX-JBPTNQ,pub_Roud Gustave_Petites notes_Aujourd_hui_1931-12-03
http://rdfh.ch/0112/E2UaG2QCRt2udz7Cicx0pw,pub_Roud Gustave _Récit ancien_La_Guilde_du_Livre_1940-10
http://rdfh.ch/0112/6XE7ncwWRzWCavHUSjOOew,"pub_Roud Gustave _""Nègres""_Aujourd_hui_1931-02-26"
http://rdfh.ch/0112/0WXurLJtQ3eMwtg5gRrL1g,pub_Roud Gustave _Mémoire du disque_Aujourd_hui_1931-01-29
http://rdfh.ch/0112/rNsybmMLQDSKULr1_VQkbA,pub_Roud Gustave_Triangle_Aujourd_hui_1931-02-26
http://rdfh.ch/0112/nRH2MsEbT4ObJx54yXBc1w,pub_Roud Gustave _Deux lettres de Rimbaud à Verlaine _Aujourd_hui_1931-03-12
http://rdfh.ch/0112/JBeUMVnAQxOtAXIKwImefA,pub_Roud Gustave _Dessins d'enfants _Aujourd_hui_1931-03-26
http://rdfh.ch/0112/NCd2JzoJQt-f6xukYG1w5A,"pub_Roud Gustave _""Peinture moderne"" _Aujourd_hui_1931-04-02"
http://rdfh.ch/0112/ZOyCx7XsT5ukBXXUVRQOzw,"pub_Roud Gustave _Félix Vallotton, sculpteur _Aujourd_hui_1931-04-09"
http://rdfh.ch/0112/4VbZv4klQP6Wy5BFLR_M3g,"pub_Roud Gustave_Renseignement. Félix Vallotton, sculpteur_Aujourd_hui_1931-04-09"
http://rdfh.ch/0112/dEgJqSgMTRKKx9OFWSXzmQ,pub_Roud Gustave _Naissance d'Hallelujah_Aujourd_hui_1931-04-23
http://rdfh.ch/0112/RLEj4h7hR1O0LCLD79cRmg,pub_Roud Gustave_Char d’herbe. Bûcheron du printemps_Aujourd_hui_1931-05-14
http://rdfh.ch/0112/X1iz97CQRRa9ocVJ4rwFaQ,pub_Roud Gustave _L'Art des jardins. Commentateurs de Rimbaud_Aujourd_hui_1931-07-23
http://rdfh.ch/0112/9m04j9ygTayWxJe9QbILXQ,pub_Roud Gustave _Commentateurs de Rimbaud _Aujourd_hui_1931-07-23
http://rdfh.ch/0112/O-pKFn84SsqrfxDnj2udlA,pub_Roud Gustave _Maisons de poupées _Aujourd_hui_1931-12-10
http://rdfh.ch/0112/PYcNI8roTL26Kq4FewtGgg,pub_Roud Gustave et Ramuz C. F._Correspondance 1928-1947_Cahiers_Gustave_Roud_2016
http://rdfh.ch/0112/GD4_7t0AQFeWAfU_lr9gFg,"pub_Roud Gustave, Borgeaud Georges_Correspondance 1936-1974_Cahiers_Gustave_Roud_2008"
http://rdfh.ch/0112/I3516m_MROWLeo6qg7o-_g,"pub_Roud Gustave, Colomb Catherine_Correspondance 1945-1964_Cahiers_Gustave_Roud_1997"
http://rdfh.ch/0112/Y_QWzIvfRKKm751cwqfhbg,"pub_Roud Gustave, Crisinel Edmond-Henri_Correspondance 1928-1947_Cahiers_Gustave_Roud_1997"
http://rdfh.ch/0112/tuCfFsMTQR-DzAwcRgbFiQ,"pub_Roud Gustave, Galland Bertil_Correspondance 1957-1976_Cahiers_Gustave_Roud_2011"
http://rdfh.ch/0112/fiie_PEfQVO3ojSn00fcgQ,"pub_Roud Gustave, Martin Vio_Un hêtre en juillet _Solaire_1979"
http://rdfh.ch/0112/aSTuNlXCRfGa1H9RXbISBw,"pub_Roud Gustave, Matthey Pierre-Louis_Correspondance 1932-1969_Cahiers_Gustave_Roud_1997"
http://rdfh.ch/0112/Z9qeRdeySOilyZ_L9F_Yjg,"pub_Roud Gustave, Mercanton Jacques_Correspondance 1948-1972_Cahiers_Gustave_Roud_2006"
http://rdfh.ch/0112/PPA42Qo4R8mAbKFlirVnmg,"pub_Roud Gustave, Raymond Marcel_Correspondance 1942-1976_Cahiers_Gustave_Roud_2009"
http://rdfh.ch/0112/byqxHHBaS4aH2Cq0Co1KSQ,"pub_Roud Gustave, Robert Steven-Paul_Lettres de jeunesse 1915-1922_Cahiers_Gustave_Roud_1981"
http://rdfh.ch/0112/STZ-kG58Sg6Wy-eCWi7dPQ,"pub_Roud Gustave, Simond Daniel_Pareil à un bel arbre_ADAM_1967"
http://rdfh.ch/0112/mX9iGHDvQCSs5rPYCqmCCQ,"pub_Roud Gustave, Simond Daniel_Pareil à un bel arbre_Treize_étoiles_1967-02"
http://rdfh.ch/0112/TU54d92bRMGhIBfkJDtY4Q,"pub_Roud Gustave, Simond Daniel_Pareil à un bel arbre, Suite_Treize_étoiles_1967-03"
http://rdfh.ch/0112/vxwA1iChSYuRcceAjGE-VQ,"pub_Roud Gustave, Simond Daniel_Pareil à un bel arbre, Suite et fin_Treize_étoiles_1967-04"
http://rdfh.ch/0112/L-SRtSkyTbey8L__7Gt8yA,"pub_s.i.a_Le ""Prix de la Ville de Lausanne"" a été remis hier à Gustave Roud_La_Tribune_de_Lausanne_1967-04-13"
http://rdfh.ch/0112/1OlZwqufRoiz4gFdQNBsfA,pub_s.n.a._Au rendez-vous des 3 poètes_Journal_de_Genève_1967-11-26
http://rdfh.ch/0112/80Gq9KRFRWulOGbb_OjltA,"pub_s.n.a._""Requiem"" de Gustave Roud_L_Éducateur_1968-02-09"
http://rdfh.ch/0112/A5A0bOiWTJOJ-vI53v8OSA,pub_Hildegard von Bingen_Bourreaux - sainte_Suisse_romande_1938-03-15
http://rdfh.ch/0112/7rO4aS8BS0OJn_KCkq0ckw,"pub_Santschi Madeleine_Gustave Roud et la déchiffrage du ""Requiem""_Feuille_d_Avis_de_Lausanne_1969-01-15"
http://rdfh.ch/0112/fGNK6uUrQnSCToHDLjk41w,pub_Simond Daniel_Gustave Roud_La_Revue_du_dimanche_1934-08-12
http://rdfh.ch/0112/UYUpW4rFQhmckljq8aaYVw,"pub_Tâche Pierre-Alain_Gustave Roud: ""Requiem""_Tribune_de_Lausanne_1968-01-14"
http://rdfh.ch/0112/y8LJkCiOTMCr4oBHijU1wQ,pub_Tâche Pierre-Alain_Philippe Jaccottet présente Gustave Roud_Tribune_de_Lausanne_1968-04-14
http://rdfh.ch/0112/sAuk_qpYRWyunt50rFQQVg,pub_Tauxe Henri-Charles_Gustave Roud poète_La_Gazette_littéraire_1967-03-18
http://rdfh.ch/0112/DA4ZkVvFSJqg_-aylnsInw,pub_Tauxe Henri-Charles_Des richesses poétiques existent dans notre pays portées par ceux qui vivent et qui meurent_Gazette_de_Lausanne_1967-04-13
http://rdfh.ch/0112/wv9pTMCwQ3OCIfPPn99TBA,pub_Tauxe Henri-Charles_Gustave Roud et ses amis_Gazette_de_Lausanne_1967-04-15
http://rdfh.ch/0112/KiToUbgwQ3KGc5FZUk4w0g,"pub_Tauxe Henri-Charles_Au Palais de Rumine, ""Gustave Roud et ses amis""_Gazette_de_Lausanne_1967-04-21"
http://rdfh.ch/0112/VRRvJQvAQwOKQQcdZc0urA,pub_Tauxe Henri-Charles_Expositon Gustave Roud_Gazette_de_Lausanne_1967-04-22
http://rdfh.ch/0112/dxc6zGEvR6Wxp7VMi46GnQ,pub_Tauxe Henri-Charles_Les 75 ans de Gustave Roud_Feuille_d_Avis_de_Lausanne_1972-03
http://rdfh.ch/0112/DAIlhljoRUij8qgLyQMg9w,pub_Textes égyptiens_Poésie éternelle_Pour_l_Art_1950-11
http://rdfh.ch/0112/hEryI2VyReGJfTVLNaTQEg,pub_Textes égyptiens_Texte des pyramides_Pour_l_Art_1956-07
http://rdfh.ch/0112/-aELke1eQu693iwrsGMNlQ,pub_Tieck Ludwig_Dernières années de Novalis_Aujourd_hui_1931-04-02
http://rdfh.ch/0112/lo_haE9sTV2aNvMxG3Gqqg,pub_Trakl Georg_Six poèmes_Revue_de_Belles-Lettres_1971
http://rdfh.ch/0112/18smwVxqTcaKHYia5VLFKg,pub_Trakl Georg_Quatre poèmes de Georg Trakl_La_Guilde_du_Livre_1947-03
http://rdfh.ch/0112/H4qyPdQnQ1uQnqXTxBmD6w,pub_Trakl Georg_Georg Trakl_Formes_et_couleurs_1948-01
http://rdfh.ch/0112/ulnC5K1dTxS_IWKT9DZErg,"pub_Trakl Georg_""Hélian (fragment)""_Pour_l_Art_1949-03"
http://rdfh.ch/0112/DpHBau0NRd-in-ERKriIhA,"pub_Trakl Georg_""Transfiguration"", ""À un jeune mort""_Pour_l_Art_1949-11"
http://rdfh.ch/0112/J-4SwlVPSTiDQQInFpbyNw,pub_Trakl Georg_Des musiques volées aux musiques choisies_Carreau_1953-12
http://rdfh.ch/0112/EQrQOYr_QZWI7q3dkwyTQg,pub_Trakl Georg_Georg Trakl présenté et traduit par Gustave Roud_Gazette_de_Lausanne_1964-11-14
http://rdfh.ch/0112/PCgeZYZySoSxk_RIh2H3hQ,"pub_V. Ph._L'actualité de la semaine, Le ""Requiem"" de Gustave Roud_Feuille_d_Avis_de_Lausanne_1967-12-08"
http://rdfh.ch/0112/rocdhcEhT5WAKYQ87N1XQw,pub_Vuilleumier Jean_Trois écrivains au pays des ombres_Tribune_de_Genève_1968-02-14
http://rdfh.ch/0112/mLFzg8sSSDSN_lv2tS1hDg,pub_Weber Werner_Lettre au poète Werner Weber_La_Guilde_du_Livre_1949-05
http://rdfh.ch/0112/mGgVbSqeQrCUp4MNJ3B9EQ,"pub_Le ""Prix de Lausanne"" 1967 attribué à Gustave Roud_Tribune_de_Lausanne_1967-02-07"
http://rdfh.ch/0112/7Xe2yDg9TYKq2yXyUZDZmg,pub_Roud Gustave_Rapport du jury_Fondation C. F. Ramuz_1955
http://rdfh.ch/0112/M2DBvNPrQwamPQeTFmP1Lw,pub_Roud Gustave_Rameau de lierre_Cahiers de poésie_1944
http://rdfh.ch/0112/i0N0oK6DTtq6_l8Hyk-rHw,pub_Roud Gustave_Lussery_24 heures_1972-04-10
http://rdfh.ch/0112/dE5E13WBSkyUYNsVFFnRlA,pub_Landry Charles-François_Lettre ouverte à Gustave Roud pour son ouvrage Requiem_Coopération_1968-03-30
http://rdfh.ch/0112/Kl4RMxNwQQqZeCjNOZSQPg,pub_Martin Vio_Un grand poète : Gustave Roud_Coopération_1967-11-25
http://rdfh.ch/0112/aoRy5jZ6TMSkU6d_pS7GUw,pub_Pittet Raymond_Le Général et le poète_1965-11
http://rdfh.ch/0112/Gmipd0AyS0e8CVZXr48z_A,pub_Simond Daniel_Gustave Roud_Le Radio
http://rdfh.ch/0112/cyKKw4LpQpenSWOlx00l5g,pub_Monnier Jean-Pierre_Présentation de Gustave Roud_Joie_1943
http://rdfh.ch/0112/AJDK_hV6SKm-obIISzcL8A,pub_Humeau Edmond_Axonométrique romand_1932
http://rdfh.ch/0112/vR6lkivuS5q-eA4QKTCV8A, pub_Valéry Paul_Hommage à Marcel Proust_La nouvelle revue française_1923
http://rdfh.ch/0112/yvoBTEz8SSqu_k7CLQcu8Q,pub_Roud Gustave_Une heure de musique_Feuille_d'avis_de_Vevey_1922_02_09
http://rdfh.ch/0112/IuU_PX0LQwCWvrzRqT0WEQ,pub_Roud Gustave_Fresques à Ressudens_Gazette de Lausanne_1925-11-22
http://rdfh.ch/0112/K4XAtFsSSgCY7RctT3xHog,pub_Roud Gustave_Fresques de Masolino à Castiglione Olona_Gazette de Lausanne_1929-09-01
http://rdfh.ch/0112/TIiKIG-0Td6pF67FJ9F8mg,pub_Roud Gustave_Fresques de Masolino à Castiglione Olona_Gazette de Lausanne_1929-09-01
http://rdfh.ch/0112/c-Enq3vOQdm6GxjMDLjfmA,pub_Gide André_Verlaine et Mallarmé_La Vie des lettres_1914
http://rdfh.ch/0112/lIGK2Rv1STWQhyxLSS2-ug,pub_Mallarmé Stéphane_Les Loisirs de la poste_The Chap Book_1894
http://rdfh.ch/0112/moqBt5GaSPCaHhrXHLCpXQ,pub_Roud Gustave_Chansons d’artisan_Aujourd'hui_1930-06-19
http://rdfh.ch/0112/B3L6Tr03Sxm6Q05JGB9CaQ,pub_Roud Gustave_Dessins d’enfants_Aujourd'hui_1931-03-26
http://rdfh.ch/0112/702PNEz5RcKJIOLIuUSpMA,pub_Roud Gustave_Quelques peintres et sculpteurs romands à la Grenette de Lausanne_Journal de Genève_1932-03-15
http://rdfh.ch/0112/J7-m_PpfQR2fG89GW6qaMg,"pub_Roud Gustave_Quoi de plus simple…_Philippe Jaccottet, Trois poèmes aux démons_1945"
http://rdfh.ch/0112/DLPkq_KPQ7SQV6zG-v3fPw,"pub_Roud Gustave_Suzi Pilet, imagière de l’enfance_La Gazette littéraire_1949-02-26"
http://rdfh.ch/0112/ihP7y5gAS8y6SnLzGsndGw,pub_Roud Gustave_Les écrivains romands et Paris_La Gazette littéraire_1949-09-17
http://rdfh.ch/0112/s2Fy82UhSRuFEPmEL1D_uA,"pub_Roud Gustave_Note liminaire_C. F. Ramuz, Le Village brûlé_La Guilde du livre_1951"
http://rdfh.ch/0112/CxZBe9kWSUqZxGQ527HfTg,pub_Roud Gustave_Un héros de notre temps_Guilde du livre_1952-06
http://rdfh.ch/0112/awljZCuUR6y9b_yu13FnHg,pub_Roud Gustave_Que pensez-vous de George Sand ?_La Gazette littéraire_1954-06-19
http://rdfh.ch/0112/ell7AK98T8GBym_yDB8hmQ,pub_Roud Gustave_Le poète Pierre-Louis Matthey titulaire du Grand Prix C. F. Ramuz décerné pour la première fois par la Fondation C. F. Ramuz_Guilde du livre_1955-11
http://rdfh.ch/0112/qehjOt1oSgWRl6cAE1JJ1Q,pub_Roud Gustave_Lisez-vous Édouard Rod ?_La Gazette littéraire_1957-03-16
http://rdfh.ch/0112/lGBHXWU7TqaqisQDV9eMZw,pub_Roud Gustave_Le poète Pierre-Louis Matthey titulaire du Grand Prix C. F. Ramuz_Guilde du livre_1955-11
http://rdfh.ch/0112/LMr93H4HSymJr_ChoTBsNw,pub_Roud Gustave_Lisez-vous Édouard Rod ?_La Gazette littéraire_1957-03-16
http://rdfh.ch/0112/BldW7MQ9S6yqiwanQ-LF0g,pub_Roud Gustave_Ramuz et son pays natal_Fondation C. F. Ramuz_1957
http://rdfh.ch/0112/BcPC8gKhTzuBws7tIoavwQ,pub_Roud Gustave_Lettres de Ramuz_La Gazette littéraire_1957-05-25
http://rdfh.ch/0112/Ds1yl7INRA6UFsCMTMEraQ,pub_Roud Gustave_Au moment de prendre la parole_Le Courrier de la Broye et du Jorat_1958-01-09
http://rdfh.ch/0112/sCLxbbsCSuOyMZpt97lR8w,pub_Roud Gustave_L’accueil de Crêt-Bérard_Gazette de Lausanne_1959-12-12
http://rdfh.ch/0112/HlKYTR8GSsySE08ESTepng,pub_Roud Gustave_Préface_René Auberjonois 1872-1957_1972-10
http://rdfh.ch/0112/43fL6hOXRVug_Vb7nq8QaA,pub_Roud Gustave_Automne_Journal et feuille d'avis du Valais_1960
http://rdfh.ch/0112/6LcWHspTThisCj6VJwGF8Q,pub_roud gustave_Fragments_Le journal des poètes_1956
http://rdfh.ch/0112/5bF-Lv2ZQ7--VPCfOi2YMw,pub_roud gustave_Cube de corps et de fumée_1922ou23_Vevey
http://rdfh.ch/0112/4wp8T6oUSFqwj09o88eQTg,pub_roud gustave_Comme on ajoute_Gazette de Lausanne_1958
http://rdfh.ch/0112/bjmgipgDScyPEkmSVIUtkg,pub_roud gustave_Comme on ajoute_Cooperation_1962
http://rdfh.ch/0112/HTpmoiq1TXSRrgjdRB3U0A,pub_roud gustave_Fernand contre le ciel_1958
http://rdfh.ch/0112/3ynOk9BYRwG8ObKPKMmffQ,"publ_Roud Gustave_Car, hélas ! la passion aveugle…_11-1947"
http://rdfh.ch/0112/901y4_l3T2SMGNJk_W-xNw,pub_Roud Gustave_Allocution de M. Gustave Roud_Études de lettres_04-1967
http://rdfh.ch/0112/JCbxQLGBR3WGfDV_hBGzIw,pub_roud Gustave_À Monsieur le Docteur Georges Rossel_Gazette de Beau-Site_1930-12
http://rdfh.ch/0112/cWcFC01dR1SaMoPNfEWqIA,"publ_Roud Gustave_Le deuxième concours cantonal de patrouilles à Chapelle, 12 octobre 1947"
http://rdfh.ch/0112/sMBYQmL-Q7Gto_NbcTLBnA,pub_Geiser Bernhard_Picasso illustrateur_La Guilde du Livre_1955-04-01
http://rdfh.ch/0112/BDde9QvfSj2ycFTytx-zQQ,publ_Roud Gustave_Villages du Nord vaudois_Journal d’Yverdon_1955-06-22
http://rdfh.ch/0112/4P-QfVsrR9CvQpFpu3ePng,pub_Roud Gustave_L’ancien chant des fléaux à la campagne_La Nouvelle Revue de Lausanne_1956-04-06
http://rdfh.ch/0112/oJ9B8bGdSoKNQ1dNe34SPQ,pub_Roud Gustave_L’ancien chant des fléaux_Feuille d’avis des Montagnes_1956_04_24
http://rdfh.ch/0112/bKkQ4wTUQKGMQCbf_BF2Ww,pub_Roud Gustave_L’ancien bruit des fléaux_Feuille d’avis de Vevey et des cercles de La Tour-de-Peilz et de Corsier_1956-04-24
http://rdfh.ch/0112/_YZTomx2ThGHDAiL03nqcg,pub_Roud Gustave_L’ancien bruit des fléaux_L’Écho de la Broye_1956-05-08
http://rdfh.ch/0112/eyCjeO1hQ4CubO2Kd5FhPA,pub_Roud Gustave_L’ancien bruit des fléaux_Journal d’Yverdon_1956-08-04
http://rdfh.ch/0112/RIqBky4wStOtU_C9JlcUVA,"pub_Hölderlin Friedrich_Grèce, Âges de la vie_Lettres françaises_1967-05"
http://rdfh.ch/0112/iRqvd0ZDTGCD7Zr6o3oqGQ,"aut_Brentano Clemens, Hölderlin Friedrich_Le romantisme allemand_Cahiers du Sud_1937-05"
http://rdfh.ch/0112/_mZk0FVKSKWyR_ZsdfCz9w,"pub_Nietzsche Friedrich, Rilke Rainer Maria, Goethe Johann Wolfgang_Venise, album d’artistes_Mermod_1945"
http://rdfh.ch/0112/lHuZJWC9RNunfaWwLYteYQ,"pub_Lang Siegfried_Cloche tardive, Hymne_Rencontre_1951-06"
http://rdfh.ch/0112/T6Hstn-yTvaKyn91ibP_dA,"pub_Rilke Rainer Maria_Sept poèmes inédits traduits par Gustave Roud (V et VI) et Walter Weideli (I à IV, et VII)_Journal de Genève"
http://rdfh.ch/0112/Lqzf6zILQbq1uhmS8g29YQ,pub_Fischer Hans_L’Anniversaire_1947
http://rdfh.ch/0112/MFB3aM4cQlKWMhMtzFLoiA,pub_Grimm_Les Musiciens de la ville de Brême_1948
http://rdfh.ch/0112/KiI_sJeoSdy-T8S9KNx1OQ,pub_Kasser Hedwige_Une histoire de chouettes_1949
http://rdfh.ch/0112/bXN0xqiDQ0mqXqqliltAVg,pub_Fischer Hans_Ra ta plan_1951
http://rdfh.ch/0112/3dm83vU4Sb6PTZVeY-FK8w,pub_Naef Hans_Rome vue par Ingres_1960
http://rdfh.ch/0112/5Uktaxd7RBeIo47qnp6J-A,pub_Calendrier J. R. Geigy_1959
http://rdfh.ch/0112/q9lDWJsHS1Gul7fVve-3HA,pub_Calendrier J. R. Geigy_1961
http://rdfh.ch/0112/DFwvP229RoKcb8FkDw6rTw,pub_Calendrier J. R. Geigy_1962
http://rdfh.ch/0112/GNo5_IG_QuWnbmrkRIrq4g,pub_Calendrier J. R. Geigy_1969
http://rdfh.ch/0112/uzhamq5tQHyorNpkTG1QTA,pub_Calendrier J. R. Geigy_1970
http://rdfh.ch/0112/DLyu6iKUToiNcEz2C3ddaw,pub_Pinacothèque Villa Favorita. Fondation du Château de Rohoncz_1953
