Manuscript,coteString,
http://rdfh.ch/0112/ceermz2qSlKlMPeAkFVibA,MS 4 D/28a,
http://rdfh.ch/0112/wBiSkru5Tia705GL8hYGSA,MS 4 D/28a,
http://rdfh.ch/0112/95lFw57kRI-QRPBRu-zKyg,MS 1 G/3a,
http://rdfh.ch/0112/gqqnKBAaQx-4EntEAC0wWQ,MS 1 G/3b,
http://rdfh.ch/0112/3p3wbQrZSduU5umiFkvrGA,MS 1 G/2a,
http://rdfh.ch/0112/e10joRpdQAqtiMFkkDtxLA,MS 4 D/25a,
http://rdfh.ch/0112/UU-JIjDXRxWYT0x3sivkdg,MS 1 G/5c,
http://rdfh.ch/0112/jmRpx7yDSl6QWUM_wv0ZMw,MS 1 G/5b,
http://rdfh.ch/0112/QgQcVwjSQm2qeC9qLaYXnQ,MS 1 G/5a,
http://rdfh.ch/0112/tcWCrCUjTgqRz4Fp3ijVmA,MS 1 I/1a,
http://rdfh.ch/0112/9zAj96TyTU6QVTg8566RlQ,MS 1 I/2a,
http://rdfh.ch/0112/V1rdMPIZRc2F7UulhngM-Q,MS 1 I/13a,
http://rdfh.ch/0112/ihYpr6KTTIyP5H54h799rQ,MS 1 I/2e,
http://rdfh.ch/0112/UDfggvXDRU-bUUCF5vYbqA,MS 1 A/2a,
http://rdfh.ch/0112/oasVpjUZSq-1sh4qqP9IhQ,MS 1 B/1a,
http://rdfh.ch/0112/HKgMFss7QheHzZkyDyo39A,MS 1 I/2d,
http://rdfh.ch/0112/LE11mGtRTr6eW-mWwVCj-A,MS 1 I/7d,
http://rdfh.ch/0112/ngwUr14oQkKmCDQrtKCIJw,MS 1 I/7d,
http://rdfh.ch/0112/7eb0lEf9RqiA0NPOfEwRhA,MS 1 I/7e,
http://rdfh.ch/0112/2VycOGPHQz-kGBer4EkH0w,MS 3 A/1a,
http://rdfh.ch/0112/fUWmQCSPTAiI3DQVJr6ekg,MS 1 C/1a,
http://rdfh.ch/0112/GZC66bo8TNyOUk7mRMPwUA,MS 1 C/2a,
http://rdfh.ch/0112/uOx1OqElSb6CY7nvmGLarw,MS 2 D/3b,
http://rdfh.ch/0112/TOJ18ohtRzmrvI5cDSrlXw,MS 1 D/4f,
http://rdfh.ch/0112/Nc2DZtqfSVWEnXy41JarAA,MS 1 D/3b,
http://rdfh.ch/0112/xDn1Lx0XS6C-sXqULTEAGQ,MS 1 D/1a,
http://rdfh.ch/0112/XTbotbbfRPWy9s7ZDHe20g,MS 1 D/5a,
http://rdfh.ch/0112/U9oEK8SNQgWA0G_D6ALcug,CG 49/4,
http://rdfh.ch/0112/ztdB2GFtRLqCzIC9qD6euQ,"1920 bis, 67"
http://rdfh.ch/0112/LD1jRE4DRFafMWQDayq3hw,MS 5 A/16b,
http://rdfh.ch/0112/4xSwksRvTLuGg7sSque2Rw,CG 111/11,
http://rdfh.ch/0112/8PVhkqUFTSKibo6qy25V3g,MS 3 A/2a,
http://rdfh.ch/0112/PnRxAGeqSNaX-gCism7BjA,CG 114,
http://rdfh.ch/0112/B8rzKVwYSjidIG3Bzxobwg,MS 4 D/27a,
http://rdfh.ch/0112/6Vf6-5UHT7qm9gZs_9R43A,MS 6 F4/1e,
http://rdfh.ch/0112/DiQ8AY9YQtmpYNOzUINPqQ,MS 1 I/8e,
http://rdfh.ch/0112/ZYLa4ic7TtymFG3vFpe3Jw,MS 1 I/8f,
http://rdfh.ch/0112/WgSdHRaEQqOs-8CQE470fQ,MS 1 I/8a,
http://rdfh.ch/0112/-AcY5JtJSVudlW3gqXr_6A,MS 1 I/8b,
http://rdfh.ch/0112/-nyzYVviTKinz14WpawHfw,MS 1 I/8c,
http://rdfh.ch/0112/Xu3nGS-pQmeTxESwV509eQ,MS 4 B/6a,
http://rdfh.ch/0112/RSJw0kokQC-iX-d6qPH6Lw,MS 2 E/7a,
http://rdfh.ch/0112/A54rBUMTTc-DupXyhlMIMQ,MS 4 H/3a,
http://rdfh.ch/0112/BevGYFRsSHqfWZ099KEzZg,MS 2 E/15a,
http://rdfh.ch/0112/7kUCHmE5RW6N4QiMP5RC5w,COTE MANQUANTE,
http://rdfh.ch/0112/pEcH0chJRNuRQZY2dN-E7A,MS manquant !,
http://rdfh.ch/0112/MgsyFn1ZSLync1Um6XlL4A,MS 4 D/17a,
http://rdfh.ch/0112/CsUbwj5HRT2Y0XEESdfUfQ,MS 1 E/8a,
http://rdfh.ch/0112/6JToiFnjSwuYZM96UFvNjA,COTE MANQUANTE,
http://rdfh.ch/0112/WKl-qpUnRgaDIvpXC9jzVw,MS 1 E/1c,
http://rdfh.ch/0112/MyBVwbapTM-5eIrUhk4L0Q,MS 1 E/7c,
http://rdfh.ch/0112/G9QEoN5KRRiYxcxGuZbKGg,MS 5 A/1a,
http://rdfh.ch/0112/MGKYeietT_aeVSR0XOYKTA,MS 5 A/3a,
http://rdfh.ch/0112/x9oTjTzjSI-uEFeDUjnOVA,MS 5 A/4a,
http://rdfh.ch/0112/jgKbMJ4bRAeWL1e8sPN9BA,MS 5 A/5a,
http://rdfh.ch/0112/7CGyFqhXQbWrB-jm1jh43w,MS 2 A/1a,
http://rdfh.ch/0112/ubt5O-bsSqu4ELFEXKIieA,MS 5 A/7a,
http://rdfh.ch/0112/T_EGXAKiRja-AADCHlgXww,MS 5 A/8a,
http://rdfh.ch/0112/1hTCnDhoQJmVZKMboyqqSg,MS 2 C/6a,
http://rdfh.ch/0112/yNyIJG3fR72dtUeIDfBKBg,MS 5 D/1a,
http://rdfh.ch/0112/WqptypgfQxqJLxy83wV6SQ,MS 2 B/1a,
http://rdfh.ch/0112/TEm_gpBYSXqBFijT5crXRQ,MS 5 A/9c,
http://rdfh.ch/0112/FI7iUQiqRS2Ocj4DVXcqFg,MS 5 A/9a,
http://rdfh.ch/0112/5hBvSKquR6SvvD03rx7pew,MS 5 A/9b,
http://rdfh.ch/0112/64pWC1bKQIqx07AL-8E6wQ,MS 1 A/1a,
http://rdfh.ch/0112/IMLK2l_MQ16WgVPyiLZGdA,MS 1 A/1b,
http://rdfh.ch/0112/6JSI4xfqSMKVS_8lZ-qKlw,COTE MANQUANTE,
http://rdfh.ch/0112/WZ05-oWYQj2cIUmKgwc8Ag,MS 1 D/4b,
http://rdfh.ch/0112/xkd9YYpyQZOtD2uvbLasHw,MS 1 D/4a,
http://rdfh.ch/0112/D5Qy-E6FSVCiEek8Dw3ZFA,MS 5 A/10a,
http://rdfh.ch/0112/AvZ9X9SzTVqZsXKGcRBr0A,MS 5 A/19a,
http://rdfh.ch/0112/PLKICo1MTPqDc1Ly0Dqh6A,MS 5 A/18a,
http://rdfh.ch/0112/tUjNcdZDTeyU9q8tGPUNTw,MS 5 A/21a,
http://rdfh.ch/0112/IQr7k5ZbS8yxCe-4B9Rsgw,MS 5 A/17b,
http://rdfh.ch/0112/JsOQH0NNTtOGsnZhPtTztA,MS 2 C/7a,
http://rdfh.ch/0112/GjBwBRnyREq0SVRmux98Cw,MS 4 D/22a,
http://rdfh.ch/0112/kPjvVYo5TtqbmicJ265Npw,MS 5 A/11a,
http://rdfh.ch/0112/3lTyHAdfTvuUdfsm_9R_xA,MS 2 D/4a,
http://rdfh.ch/0112/icF72_kwSVW6sguBFMf8Sw,MS 1 E/6a,
http://rdfh.ch/0112/KgRloU4bR72dBOWoU1ibtw,MS 1 E/6a,
http://rdfh.ch/0112/S2Qm3tPNQdaOJ5ERLF0zdw,MS 2 F/5b,
http://rdfh.ch/0112/X5bq85xORTK1pdl4vQ829Q,MS 2 A/2a,
http://rdfh.ch/0112/V3cDPQpkTn-TlMREHcDjSw,MS 5 A/14a,
http://rdfh.ch/0112/Te30n1aGTseJ_V41uTBxBg,MS 1 E/5a,
http://rdfh.ch/0112/m2HvGQxVTEGaYOteUPR6hA,MS 5 A/12a,
http://rdfh.ch/0112/QAgy8w_ZQUiyStjvBVFM0w,MS 5 A/13a,
http://rdfh.ch/0112/DWVFgWx0SqOvsZ_p59wbHA,MS 5 A/13b,
http://rdfh.ch/0112/7vAnkeNVSxKi8EtQaLjohg,MS 7 E/2a,
http://rdfh.ch/0112/rpdZJtqjR_mG2VmLybPmZg,MS 2 D/9a,
http://rdfh.ch/0112/tv8HhTnESfuwxUfrHU1ErQ,MS 2 C/13a,
http://rdfh.ch/0112/xLLX9BhyTkObvL1HbDRhMA,MS 2 D/1a,
http://rdfh.ch/0112/5kGbZ7ItTdWFXWJvhZCGrw,CG 24,
http://rdfh.ch/0112/MFPw4340RpSkLUtyqzz1fg,CG 20,
http://rdfh.ch/0112/bnlD8TXSQDeijhpxCwy96w,MS 6 B3/6a,
http://rdfh.ch/0112/hAb4ut74RPWYXJDFnygCag,MS 6 C2/2a,
http://rdfh.ch/0112/h-FUGlHHSiuhps7ZnV9oZA,MS 1 G/5a,
http://rdfh.ch/0112/4ZYWbuLyR16Tp49EnV16xw,MS 2 F/5n,
http://rdfh.ch/0112/qPkhCh8zQmOs3wj3q0b-eg,MS 1 H1/6b,
http://rdfh.ch/0112/_WSglT7mTwmo5YL2ujvMcA,MS 1 H1/6d,
http://rdfh.ch/0112/uVV_u4YgS0O0ZUxB60OGvA,COTE MANQUANTE,
http://rdfh.ch/0112/w2k1GSVnQ62NW3kFMgiH0Q,MS 1 H1/4a,
http://rdfh.ch/0112/tBlo3elER_izlCbb4T5pXw,MS 6 G5/5a,
http://rdfh.ch/0112/LFCX7pmSR1mZUfocT-ak-Q,CG 133,
http://rdfh.ch/0112/nQ36h9lQQuiA_kct7MWqRg,CG 151,
http://rdfh.ch/0112/ANr2GTSdTLSzTujLDvoo8Q,MS 6 E1/30a,
http://rdfh.ch/0112/mTN60E-tQ46ZxGE10Kqbww,MS 4 B/15a,
http://rdfh.ch/0112/6JCQ4oDlS_ONt8HQsHnWdQ,MS 4 C/4a,
http://rdfh.ch/0112/XyA1lJ1qS5asA0Ervd8KXQ,MS 4 C/14a,
http://rdfh.ch/0112/W0RxsVhMTOWuD4XImnSSAQ,MS 4 C/14a,
http://rdfh.ch/0112/0TOQdDJrRBm2BOuU8ivOTA,MS 4 C/14a,
http://rdfh.ch/0112/uSVtF5-1SKidKGth41xuUQ,MS 4 C/22a,
http://rdfh.ch/0112/lVl9Pd50TKGhsKlEOYSrng,MS 2 C/16a,
http://rdfh.ch/0112/TYFybyHRQWKGQDnC2yxClg,MS 4 D/6a,
http://rdfh.ch/0112/BN87uctCRTuodpQwHKf7AA,MS 4 D/6a,
http://rdfh.ch/0112/LBQUpJ7DQlyZeNf_8lw87w,MS 2 E/10a,
http://rdfh.ch/0112/oTWPpL6gShSkwrhPsflomQ,MS 4 D/22a,
http://rdfh.ch/0112/UWfycCshTPayHu_jhn0nNg,MS 4 D/22a,
http://rdfh.ch/0112/MAtEjeB8TWKYilYbqmV8Sw,COTE MANQUANTE,
http://rdfh.ch/0112/P7VpxSGaRrykToZb_OWk2Q,COTE MANQUANTE,
http://rdfh.ch/0112/XiyM1UPVQF-IVJRrh9eLDA,MS 5 A/20a,
http://rdfh.ch/0112/pF8tyfQtS2a3wt2i7cDeuA,MS 4 F/33a,
http://rdfh.ch/0112/glJJSsPqT4qVvLnQh5HMxA,CG 293,
http://rdfh.ch/0112/UDUxBp3ZRsC69dbFqGz3PQ,MS 4 F/35a,
http://rdfh.ch/0112/FH8d2XUzSmmfCMp4M0psUA,MS 4 F/32a,
http://rdfh.ch/0112/RAVqa_KCQBGjaILCJucQcQ,MS 4 E/11a,
http://rdfh.ch/0112/7yO7SjYaQhGwn4xaO-a4Xw,BIO 54,
http://rdfh.ch/0112/HU71ZppYTHuyhm31YRChnA,MS 4 B/17a,
http://rdfh.ch/0112/OFcm6ypoQUiD393Vp-Ds5g,MS 4 B/12a,
http://rdfh.ch/0112/14FgwZCaRfaifGCcLl4gOA,MS 4 B/11a,
http://rdfh.ch/0112/6QdBiym0T-uxy1adV0IfBA,MS 4 B/5a,
http://rdfh.ch/0112/ecWBwzNCR_Oqh2zrI0CE0Q,MS 4 A/7a,
http://rdfh.ch/0112/iRuJeMu5TdSS_G9WiMLcgQ,MS 4 A/7a,
http://rdfh.ch/0112/k_nZaLvGTGWnyDs0zp3rQQ,MS 2 F/1a,
http://rdfh.ch/0112/Tdn_16XBR_aBoZvtzAKfYg,CR 10/2,
http://rdfh.ch/0112/Llwga4kpQp21TVDJt4deYg,CG 363/1,
http://rdfh.ch/0112/lDnNn0bbSh-aZvTHAznXEA,CG 265/3,
http://rdfh.ch/0112/QAO8zpWpR6yVISmu0VlSLg,CG 265,
http://rdfh.ch/0112/qwHpnDYuTHqg0B_ATY4P9A,CG 265/3,
http://rdfh.ch/0112/OejlFdQ-QSaApunsv4Gv9Q,CG 265/2,
http://rdfh.ch/0112/BTZLitCUTTGrJFqCcnYXpg,CG 265,
http://rdfh.ch/0112/Ukkgk1uIRIa128QnWb4oVg,CG 479/3,
http://rdfh.ch/0112/UHmTzB6JR_aVOFNKtzI5gw,CG 481/4,
http://rdfh.ch/0112/fyuSkTPfRzCgtFvXB1QmsQ,CG 485/120,
http://rdfh.ch/0112/z5fmCopkT76rzuzimRECzg,CG 485/151,
http://rdfh.ch/0112/OqV-sHNiSmSj2UxTXU3usA,CG 503/3-4,
http://rdfh.ch/0112/qD5golgMScyPUoRChZwiFw,CG 446,
http://rdfh.ch/0112/MiGKubdjR96Tr2YvYy0Jqg,CG 531/16,
http://rdfh.ch/0112/K_6MUxV6TTaHsC2sAi_YsQ,CD 5/10-11,
http://rdfh.ch/0112/TVJRmEc8TjOyz12hxgJVDw,CRJ 32,
http://rdfh.ch/0112/q8JQ5IbATKSyTi2yPtYgeA,CRJ 42,
http://rdfh.ch/0112/TcZ0uF1WS0Cf7upg02iZhA,MS 2 E/4a,
http://rdfh.ch/0112/FMZFqDXAQaKLnEvMLio_hg,MS 2 E/4b,
http://rdfh.ch/0112/N8Baove5RPS9uQJzqzhfrA,CEI 20/C,
http://rdfh.ch/0112/_JZFA1wMQES9jE6fy8vKpw,CG 241,
http://rdfh.ch/0112/-J6wl2n1Qum_qm8eQZhQ9A,CEI 29/204,
http://rdfh.ch/0112/uwbQxV1USPmF0xoL2jMBXw,CEI 29/19,
http://rdfh.ch/0112/RT5-Rjv-TA6hjlVtjG-eeA,CEI 20/8/167,
http://rdfh.ch/0112/S7hqVQ6uS-S9SZl2mDwRQw,MS 4 D/17a,
http://rdfh.ch/0112/xYwoGGjISSiPzbK4pRBDbg,BIO 34/6,
http://rdfh.ch/0112/nbXVY6ytStKNICF61LE-GA,Bio 34/6,
http://rdfh.ch/0112/G9BMmDDOQbKN-oFrii2yRQ,BIO 34,
http://rdfh.ch/0112/4Shd6cNRQT-_dhHSfZt2lA,MS 5 A/2a,
http://rdfh.ch/0112/lSsGWXLiT-ClHf-2otvdaw,MS 5 A/6a,
http://rdfh.ch/0112/3pDvmL9nQGOd8pz-2N3n_g,Bio 30/C,
http://rdfh.ch/0112/9KN8pBaORYuBAFOrxd6ysg,Bibliothèque Roud,
http://rdfh.ch/0112/kB2oLZSVRIC9jOecOilA2g,Bibliothèque Roud,
http://rdfh.ch/0112/2LZhJ9ZNTQ-uOM7oOEv4RA,Bibliothèque Roud,
http://rdfh.ch/0112/0JzPwTp3S7WuUP93FYhpug,MS 2 B/2a,
http://rdfh.ch/0112/EifQJhnNSWqtuIx5VHeZLQ,MS 6 F3/3a,
http://rdfh.ch/0112/4GiMRyKURs-VI1VHaoPrTg,MS 6 A1/4a,
http://rdfh.ch/0112/yWdXuc9dTziM4lHV43ZlFQ,Lettres de Gustave Roud,
http://rdfh.ch/0112/brrjzW08RHC3FrJpTQdkVg,Lettres de Gustave Roud,
http://rdfh.ch/0112/EjDFdkI4T4eK5dyYQbI4ng,Lettres de Gustave Roud,
http://rdfh.ch/0112/I2lIZtIfSSynR3eTWPHXZQ,MS 2 D/1a,
http://rdfh.ch/0112/iLSicc0KSn-r9Bf6ab43aA,MS 2 E/10a,
http://rdfh.ch/0112/AdnLDNS8SveB3t5uZh0VPg,COTE MANQUANTE,
http://rdfh.ch/0112/R5mi2wpSQGGbCw2hZT5NHA,MS 2 F/4a,
http://rdfh.ch/0112/8GpfTLMqRFqyk1G2S0whJg,MS 2 F/5r,
http://rdfh.ch/0112/4Hhs4N7sQoy6HD4PKWawaw,MS 4 H/7a,
http://rdfh.ch/0112/t6dHpFwyRlOU48EoEAquCg,MS 4 F/24a,
http://rdfh.ch/0112/KMSVMhVVRQSvUSrzlFhU7Q,MS 4 F/29a,
http://rdfh.ch/0112/GmsUqJj_Tea--1WDKNtzFw,MS 4 F/30a,
http://rdfh.ch/0112/dTCgUuRMS3CT6r_COyoJVg,MS 4 F/28a,
http://rdfh.ch/0112/hetCOtDaQUq_E5VKSIkPKw,MS 4 F/29a,
http://rdfh.ch/0112/pOfx4_jsSJud5wjcoWF--g,A compléter au cours du travail,
http://rdfh.ch/0112/Hi2dp_1JTPq5aXuLE6pxNg,CRJ 42,
http://rdfh.ch/0112/XEwKWzH8Qr6sMPh-zIoVKg,MS 4 H/1a,
http://rdfh.ch/0112/a8EuF5BwTUaBm12YC1k9EA,MS 4 A/5a,
http://rdfh.ch/0112/NWqBXNmrQ1qO9OS9SnpW4g,COTE MANQUANTE,
http://rdfh.ch/0112/1dvlpXlYQjKkA45Hz3kdVQ,Bibliothèque de Roud,
http://rdfh.ch/0112/15fcCP15SQSH7lM1htlWHQ,MS 6 B2/4a,
http://rdfh.ch/0112/sWIOpxM5SneFfMm5aPzKbA,MS 5 B/4e,
http://rdfh.ch/0112/8C8ZYzNURKa5FLJVu3pN_w,A compléter au cours du travail,
http://rdfh.ch/0112/pSVHKnFgRdeHj7CYzKFd-w,BIO 15,
http://rdfh.ch/0112/F5FAYuAfRD-JKWWQquLjnA,MS 4 F/25a,
http://rdfh.ch/0112/dhJd3TlZQt-NVFNsZbBOtw,MS 1 H1/1a,
http://rdfh.ch/0112/l1HW7__MRWO7p3PfYYOkHg,Voir dans le dossier Requiem,
http://rdfh.ch/0112/2sWFFFv2ThS4F29hudSuYQ,Voir dans le dossier Requiem,
http://rdfh.ch/0112/2OZg4NGnQ-ea7MUZPZbpag,ACR1GD/1/11,
http://rdfh.ch/0112/0spP24QiRUSTX_Uet5SkFg,MS 1 A/3a,
http://rdfh.ch/0112/WDv_aFIFTmiFHo_mZIFqMg,MS 2 C/15a,
http://rdfh.ch/0112/-Rnhgo1bTOW7X3Oqpy9sog,MS 1 C/1b,
http://rdfh.ch/0112/ouZgOcdbQWK_IJr8uTy-jg,MS 1 C/3a,
http://rdfh.ch/0112/H6IvMe3kSjGbLXfwmuDNXA,MS 1 D/2a,
http://rdfh.ch/0112/Is6f_c_kQV2lsdxzQcmwow,MS 1 D/3a,
http://rdfh.ch/0112/dXmwI0DnRfC3uURNdO3tKg,MS 1 D/4c,
http://rdfh.ch/0112/QKyBsUJoRyW4JphDsWdRLQ,MS 1 A/1b,
http://rdfh.ch/0112/Ex3jc9T7T3ayU_D2Q90ecw,MS 1 E/1a,
http://rdfh.ch/0112/DcLryg5MT3upsjseZ7rMaA,MS 1 E/1b,
http://rdfh.ch/0112/-YUADplHQeOEH56qfSD-Jw,MS 1 E/3a,
http://rdfh.ch/0112/qHRtTBEyTBeKjgHeCNlHQQ,MS 1 E/4a,
http://rdfh.ch/0112/3EOFAvObT-eHtiYdswWorg,MS 1 E/6b,
http://rdfh.ch/0112/yhQJrcw_Ty6LaCKJpWHdIA,MS 1 E/7b,
http://rdfh.ch/0112/t50lRPyCTzuVc6HnWbEuSg,MS 1 F/1b,
http://rdfh.ch/0112/g-85Lo2CRL2kmQcQy7pAXQ,MS 1 G/1,
http://rdfh.ch/0112/zTDoFyw1RG6S-lXVoKMSzQ,MS 1 G/2b,
http://rdfh.ch/0112/GzU_WUaoQEiOiLzFv7NmVg,MS 1 G/3c,
http://rdfh.ch/0112/nvbhm0nBTyaaXA5BXZRWwQ,MS 1 G/4a,
http://rdfh.ch/0112/ioCpKzbRR9G0rnGJLGH_Qg,D-1-ROU-1,
http://rdfh.ch/0112/lPNfAB_QTtSk6JsxZSYRRg,D-1-ROU-2,
http://rdfh.ch/0112/vChG3q8sSp-G0GS4IAVD1A,D-1-ROU-3,
http://rdfh.ch/0112/LWt6jrtzRsyZHU2Qu3MQPA,D-1-ROU-4,
http://rdfh.ch/0112/dqzQm8rMRhK5tYjCGJ-MHQ,D-1-ROU-4,
http://rdfh.ch/0112/tryhAOpAS8afA7LJ6z6S8g,D-1-ROU-5,
http://rdfh.ch/0112/wpsNJssdSjyx3-5cJ-bT8A,D-1-ROU-6,
http://rdfh.ch/0112/Dc6KWBucRxeKsVh6JB1wJA,D-1-ROU-8,
http://rdfh.ch/0112/nIPEBH5ZRLmvHwKw-OdLwg,D-1-ROU-9,
http://rdfh.ch/0112/iMNh2qBzSXSdF_u-GG5j_A,D-1-ROU-10,
http://rdfh.ch/0112/QmE6PRXlQVGcjKcY7z2QAw,D-5-2-09/07,
http://rdfh.ch/0112/5wQhIh42TAiToQdD7Ku6UA,D-5-2-09/07,
http://rdfh.ch/0112/_52_yNjtRaa3VvlYr4Gg8Q,D-5-2-09/08,
http://rdfh.ch/0112/GsEcjBP5SWy-ad-UNzWQ-w,D-5-2-09/08,
http://rdfh.ch/0112/kFksx_XZQb6UF1e0hAjlOg,D-5-2-05/04,
http://rdfh.ch/0112/YFtJ5y_9T86SnJszkqdGFQ,D-5-2-05/04,
http://rdfh.ch/0112/pbky943WTbaRTJkEuQ8OPw,D-5-2-05/05,
http://rdfh.ch/0112/G4Sfaae-Rr2iMA-Nwo9HYw,D-5-2-05/05,
http://rdfh.ch/0112/DU6XIhJ_SSiLx4NaGBXpSg,MS 1 H1/2a,
http://rdfh.ch/0112/1L-Y6bRHQzGmoZesFv2t8g,MS 1 H1/2b,
http://rdfh.ch/0112/Kpj1xjGzRKqHFWPLVljnqw,MS 1 H1/3a,
http://rdfh.ch/0112/ueJwmgm1SFmWZqISbRVZeg,D-5-2-10/07,
http://rdfh.ch/0112/ixK69aK0Sjm48HTbxRKdYQ,MS 1 H1/3b,
http://rdfh.ch/0112/yI_11jkuQJqFTv_Z0UlW7A,D-5-2-10/07,
http://rdfh.ch/0112/GF8ULm7gShyV_-ZMQspcHg,MS 1 H1/3c,
http://rdfh.ch/0112/LFLVUNThQqawliIPSPHK4g,D-5-2-16/04,
http://rdfh.ch/0112/UiedBeOHRPW-fMYIgcGvBg,MS 1 H1/4a,
http://rdfh.ch/0112/IWZHxVnOS7Ww4e_arZEV9Q,D-5-2-25/03,
http://rdfh.ch/0112/Xcu_79L-RfqT-L7xuwXkKQ,MS 1 H1/4b,
http://rdfh.ch/0112/_7X8AhOFS02XbfwmFYk7yg,MS 1 H1/4c,
http://rdfh.ch/0112/2t4e-i_-SeKKYY-aQLAQBQ,MS 1 H1/4d,
http://rdfh.ch/0112/vNz3sXVdQLq0FMBxIMVvKA,D-5-2-27/04,
http://rdfh.ch/0112/bJ_CCQCwQDSHCtM6Dw-Tmg,MS 1 H1/4e,
http://rdfh.ch/0112/NRM-r-6OTbyn0E_HQfhOdQ,MS 1 H1/4f,
http://rdfh.ch/0112/VoqdEsw_RAOSrYB3b89MTA,D-5-2-27/04,
http://rdfh.ch/0112/yrAvUwwCSeGrkzQ2GdiCgQ,D-5-2-27/04,
http://rdfh.ch/0112/DU2E9MNUQLuxGRAlwDpdHw,D-5-2-99/01,
http://rdfh.ch/0112/cmQ5IzfvT_iIC1_8v95GYA,MS 4 C/14a,
http://rdfh.ch/0112/6Z4SqQZUQj2oqJiNXnJ3vQ,MS 1 H1/5a,
http://rdfh.ch/0112/3bf_CjgZSMeoB4YtSuve0w,MS 1 H1/6a,
http://rdfh.ch/0112/_E-DqRPFTruVM1PxJYHjQA,MS 1 H1/6c,
http://rdfh.ch/0112/GID6olreTSmOcF36XBqZug,MS 1 H1/6e,
http://rdfh.ch/0112/ityM1mgMTPO_6rGqxteJ-A,MS 1 H1/6f,
http://rdfh.ch/0112/QDqC2ENaQQ2omJueNErtOQ,MS 1 H2/1a,
http://rdfh.ch/0112/L41Mspy5TBaW9_2efd7mnQ,MS 1 H2/2a,
http://rdfh.ch/0112/Q0yzPCybQ6m-RKIO-8toZg,MS 1 H2/2b,
http://rdfh.ch/0112/7ZadSekgRmqwbQCD4HVoTQ,MS 1 H2/2c,
http://rdfh.ch/0112/HA-5vXSvRdCfreloB9w8hg,MS 1 H2/2d,
http://rdfh.ch/0112/nubrUADhTdygSdX5P4BM8w,MS 1 H2/2e,
http://rdfh.ch/0112/visttUpBRv68M7pLk6cfIw,MS 1 H2/3a,
http://rdfh.ch/0112/KQrCOEQkSCeYKEhuF-PH0g,MS 1 H2/4a,
http://rdfh.ch/0112/kGf1ARXtSq2FqU3G8ObysQ,MS 1 H2/4a,
http://rdfh.ch/0112/nhRwo4pwQFWCsRSHDTjMhQ,MS 1 H2/4a,
http://rdfh.ch/0112/PsztlbNYRniNkicJsrbvsA,MS 1 H2/4a,
http://rdfh.ch/0112/xx1KWnQISTGod7eqyZuNtA,MS 1 H2/4b,
http://rdfh.ch/0112/6EwRXzs1Sxy2hoDkjm5qeg,MS 1 H2/4c,
http://rdfh.ch/0112/znXoGTWlR0Caaabvzo5qow,MS 1 H2/5a,
http://rdfh.ch/0112/K4_bni12Sz2uvy92I3PPCg,MS 1 H2/5b,
http://rdfh.ch/0112/sMhZGF23R8alZX1hHyOYZw,MS 1 H2/5c,
http://rdfh.ch/0112/8lKTBCzSSA6WxYggd1G_Ow,MS 1 H2/5d,
http://rdfh.ch/0112/RXM5cKkUQnKlSh37ov1RqA,MS 1 H2/5e,
http://rdfh.ch/0112/ZC18xFIGQ7GqZBjMfeoPJA,MS 1 H2/5f,
http://rdfh.ch/0112/yqshrCy5RauA_CSqyVe__w,MS 1 H2/5g,
http://rdfh.ch/0112/MaRVj9UWRq6l3a3VJVaH6g,MS 1 H2/5a,
http://rdfh.ch/0112/xqSoWv6nQk-lyFP1J-hShw,MS 1 H2/6a,
http://rdfh.ch/0112/tvYQlcXaSM2E5kwzN5hHDw,MS 1 H2/6b,
http://rdfh.ch/0112/f3xeMFtTQySPAu2ZVdtzGw,MS 1 H2/11a,
http://rdfh.ch/0112/YTsvrjHzSo2LdzXcVDbsDw,MS 1 H2/6c,
http://rdfh.ch/0112/5OUgBcuVTjOrHR-jsYDsDg,MS 1 H2/5g,
http://rdfh.ch/0112/VVz0lizST--M9RTmAbUaKA,MS 1 H2/7a,
http://rdfh.ch/0112/oc0i6KmiRGakFuYcaDSExA,MS 1 H2/7b,
http://rdfh.ch/0112/8iS4yGf4TXahgnPsGiYAwQ,MS 1 H2/7c,
http://rdfh.ch/0112/T_WuRLidTe-9HJRk1D7YYg,MS 1 H2/7d,
http://rdfh.ch/0112/P2jqiuylS8GUIhBoahxnfQ,MS 1 H2/7e,
http://rdfh.ch/0112/pWULIvN7QOisr53zgVMmGg,MS 1 H2/7f,
http://rdfh.ch/0112/pjltrE6qRyuvDr2naz02JA,MS 1 H2/7f,
http://rdfh.ch/0112/i9YguxOIQKSj63Hf_53nMw,MS 1 H2/9a,
http://rdfh.ch/0112/O3wAAxonQY6zRQgWkFdCRA,MS 1 H2/9a,
http://rdfh.ch/0112/YCBMwaaOQt6cbNvljVQkJw,MS 1 H2/7g,
http://rdfh.ch/0112/m8BtdlH7RDOhlCWzhkI14w,MS 1 H2/7h,
http://rdfh.ch/0112/Pb9V3qLYQUSICJc6gJd6fA,MS 1 H2/8a,
http://rdfh.ch/0112/OTR2nRCNTTyWc3s74bSjyg,MS 1 H2/8b,
http://rdfh.ch/0112/ptJX9wp4Qk2wWSZWUDTQkg,MS 1 H2/8b,
http://rdfh.ch/0112/V5l63T3kQGmVXvaUHCSkrA,MS 1 H2/8c,
http://rdfh.ch/0112/75VkF9BZR72l7Iu41h_nhg,MS 1 H2/8d,
http://rdfh.ch/0112/QcSsCEJCRfuzWqcoq6AqUA,MS 1 H2/8e,
http://rdfh.ch/0112/XZaJ4j4CQaOtHMJJ-FcJlg,MS 1 H2/9b,
http://rdfh.ch/0112/nb2UKeJ2SD2_vLWvH2IW7w,MS 1 H2/9c,
http://rdfh.ch/0112/dLZh7RHCQf-qojoE95YC6g,MS 1 H2/9c,
http://rdfh.ch/0112/QGSlS9tuTjyw71tvucKQrA,MS 1 H2/9d,
http://rdfh.ch/0112/KC39elszQaqY4ADNFSSIeQ,MS 1 H2/9e,
http://rdfh.ch/0112/-DZtAHmUS3aaX5MmX6Kmug,MS 1 H2/9f,
http://rdfh.ch/0112/9nEnl31qQxKG1zqXC4UE-Q,MS 1 H2/10a,
http://rdfh.ch/0112/Umrc3d88RcCWqVQCI8rlyQ,MS 1 H2/10b,
http://rdfh.ch/0112/fGwIhri6QoOnTX11ZlnJqQ,MS 1 H2/10b,
http://rdfh.ch/0112/OF2Z0ylSS_-v9QLByZchVQ,MS 1 H2/10c,
http://rdfh.ch/0112/OtjUWMWZRi6gcVQ78uqKRA,MS 1 H2/10d,
http://rdfh.ch/0112/jU8M7dECQim96UXwtT7A7A,MS 1 H2/10e,
http://rdfh.ch/0112/Aau2DzCMQUmb5xc04EuDrA,MS 1 H2/10f,
http://rdfh.ch/0112/KzmGBTwJSeO6d3SVB55YJg,MS 1 H2/10g,
http://rdfh.ch/0112/XoNOM9Z-QXCvE2O1s3_SmA,MS 1 H2/10h,
http://rdfh.ch/0112/R7t-KrX9RcqcyPZ1gTgBRQ,MS 1 H2/14a,
http://rdfh.ch/0112/bKKKgT2VT_i8T_oSvFULnQ,MS 1 H2/15a,
http://rdfh.ch/0112/X_7sqJWvS2G267iF3EoWpw,MS 1 H2/16a,
http://rdfh.ch/0112/FMXQZpKTQkuC83NFh_daww,MS 1 H2/17a,
http://rdfh.ch/0112/HQ75ityVTXmvNWEIQWbYUw,MS 1 H2/18a,
http://rdfh.ch/0112/dbEus1QCQoOIuMi4yuyhHA,MS 1 H2/11b,
http://rdfh.ch/0112/9MLK46sCQtCEw_VLnhERbQ,MS 1 H2/11c,
http://rdfh.ch/0112/SaT82qWmRDOn29W0ocJUMQ,MS 1 H2/11d,
http://rdfh.ch/0112/4eIUtxu6RmGUOgtaJqZQkQ,MS 1 H2/12a,
http://rdfh.ch/0112/vsj85JXYT2etjOKUelqneg,MS 1 H2/12b,
http://rdfh.ch/0112/gQ0YmdC4QEC-4cOo1xEnsg,MS 1 H2/12c,
http://rdfh.ch/0112/SO2xylZwStySX1kZ_CnXXA,MS 1 H2/12d,
http://rdfh.ch/0112/UAfP5y7pTAecxaBARpiwgg,MS 1 H2/12e,
http://rdfh.ch/0112/3XXzMthbT0CJzGmpjTC9Lw,MS 1 H2/12f,
http://rdfh.ch/0112/s6Ul_TEXR32PDV6LezIwfA,MS 1 H2/13a,
http://rdfh.ch/0112/-nx4YkRHRYeFiU1BWR1hrA,MS 1 H2/13a,
http://rdfh.ch/0112/5yCWTMnmQqaNwibnkOT4MQ,MS 1 H2/13b,
http://rdfh.ch/0112/QYfCmepPRWyvaWwReMlhcg,MS 1 H2/13c,
http://rdfh.ch/0112/qFC0b8ckToaAmzChid9Ohg,MS 1 H2/13d,
http://rdfh.ch/0112/Dki4mMhxRl2Q6NIaLDwNAA,MS 1 H2/13e,
http://rdfh.ch/0112/dswXc0EMQymFgCaqwGH0-Q,MS 1 H2/13f,
http://rdfh.ch/0112/1gky3WSaSImJ04rPGP8B4Q,MS 1 H2/13f,
http://rdfh.ch/0112/Us1iU6ChQ1a9b7NQyJVoXw,MS 1 H2/13g,
http://rdfh.ch/0112/dA42BwBmQ-at14qOedwd2w,MS 1 H2/13h,
http://rdfh.ch/0112/WgrY_zX1SuO4dMbLTSTc2w,MS 1 H2/13i,
http://rdfh.ch/0112/-hRfhGUQTSOddfEs_J9rrA,MS 1 H2/13j,
http://rdfh.ch/0112/UKeP7sOCTqGdiQZ7OHQYjg,MS 1 H2/13k,
http://rdfh.ch/0112/V0y1MjujSs-L8nKxGyw3MQ,MS 1 I/2b,
http://rdfh.ch/0112/xVz48n8YTYqix3OeP9JVog,MS 1 I/2c,
http://rdfh.ch/0112/92u4IlLZQ4KTt7I-t4fnhA,MS 1 I/3a,
http://rdfh.ch/0112/uZbtf0GYR8Ok_xRBpT5OUA,MS 1 I/4a,
http://rdfh.ch/0112/Gn067fZBSmas9B0yFbDdvQ,MS 1 I/4b,
http://rdfh.ch/0112/AF54PIzRTBa9xzcMjTVnww,MS 1 I/4c,
http://rdfh.ch/0112/TWKWRnuTRU6H-RB4mol0Fw,MS 1 I/4d,
http://rdfh.ch/0112/65DVSo2hSQOCG22wjuEgDg,D-1-ROU-5,
http://rdfh.ch/0112/CAYs36gSSTCTb7vEkL0p-g,D-1-ROU-7,
http://rdfh.ch/0112/UR_G-7qwR964UAM6kq-OIw,MS 1 I/5a,
http://rdfh.ch/0112/FnA8ZvE5T3SYVl4bhaVhAw,MS 1 I/5b,
http://rdfh.ch/0112/8DppTdtJTsyKpDMEAuEefA,MS 1 I/6a,
http://rdfh.ch/0112/LUTrmPecQwu8Wv-1BCIpKg,MS 1 I/7a,
http://rdfh.ch/0112/wsPDIitERXuWD6DQ7OPhbg,MS 1 I/7b,
http://rdfh.ch/0112/mr8JbnxxS9O0sB8BapjR6Q,MS 1 I/7c,
http://rdfh.ch/0112/Y65mJE9aRq6MGv1BrrqylQ,MS 1 I/8d,
http://rdfh.ch/0112/dvI8Mk7IToCGgJPSNypFbQ,MS 1 I/9a,
http://rdfh.ch/0112/lijmZJ3XTmOQPqQ25HLxqg,MS 1 I/10a,
http://rdfh.ch/0112/MiNXy5xSQU-MYfQYRe3g-w,MS 1 I/12a,
http://rdfh.ch/0112/tO5gVa6BTEWhN539v3NEqw,MS 1 I/10b,
http://rdfh.ch/0112/6ddnDq5VQZuszEzUpuDGmw,MS 1 I/12b,
http://rdfh.ch/0112/7ywyjgwlSAm9U3jrlzOhoQ,MS 1 I/12c,
http://rdfh.ch/0112/3JUW0hveTW6NP5mk4Z_XRg,MS 1 I/11a,
http://rdfh.ch/0112/RSmTAlETRGWPQ0V_JnFiog,MS 1 I/12d,
http://rdfh.ch/0112/pMapMgxIQPOTju14d63aaw,"IS 4391, boîte 52"
http://rdfh.ch/0112/LYE7zxlkSC6On7j0U5xv4Q,"IS 4391, boîte 52"
http://rdfh.ch/0112/yEZdT1xISyiSQWGiK9zWkw,MS 1 I/12e,
http://rdfh.ch/0112/fuUFQ-PlT4a44gWlUS-Wzg,MS 1 I/12f,
http://rdfh.ch/0112/JHZH-5ozQy2RnJ4b9CwPjA,MS 1 I/14a,
http://rdfh.ch/0112/Bv1p9GBESweVJ2ykHnMHTQ,MS 4 A/1a,
http://rdfh.ch/0112/98n8rU37ReqHEcoHRA1qTA,MS 4 A/2a,
http://rdfh.ch/0112/CI8J0F4FRKiggwtjOdF3wg,MS 4 A/3a,
http://rdfh.ch/0112/kmunQ4gfQ7i5z9dI20HBmQ,MS 4 A/4a,
http://rdfh.ch/0112/X0HGVOkgSMaWOtHQuEW6gw,MS 4 A/6a,
http://rdfh.ch/0112/GPWFFD27Te2MWACMgV3dfQ,MS 4 A/7a,
http://rdfh.ch/0112/xy4rPVTjSNOdtcPKfLNDdw,MS 5 A/15a,
http://rdfh.ch/0112/-U6Z2cIXS0GNtdJzhMqqqg,MS 4 A/8a,
http://rdfh.ch/0112/npge6PG4QmulRwODEiyDBA,MS 4 A/9a,
http://rdfh.ch/0112/_elorvmUROGciudzl9kiwg,MS 4 A/10a,
http://rdfh.ch/0112/W8o0pY7FTdWsssqEIpoKnw,MS 4 A/11a,
http://rdfh.ch/0112/gDL0r7tZSomwqOJT70qfPg,MS 4 A/12a,
http://rdfh.ch/0112/YTeKVPFDQcuPg3zMNe32ww,MS 4 A/13a,
http://rdfh.ch/0112/VogWLUS5R-6gJp11WiOrvA,MS 4 A/14a,
http://rdfh.ch/0112/gC7ALVB2Q9iI6zoeSTSAFA,MS 4 B/1a,
http://rdfh.ch/0112/9blmP3e2RGm2bzSvgjpHnw,MS 4 B/2a,
http://rdfh.ch/0112/XbSspQEgSOef8TMZknz0xQ,MS 4 B/3a,
http://rdfh.ch/0112/DxAQNPFtTzasloBlRmimvg,MS 4 B/4a,
http://rdfh.ch/0112/lLmqvjfzSOOvzF4srBqeQg,MS 4 B/7a,
http://rdfh.ch/0112/5uc5-_2FR7SqFNs93XGAdg,MS 4 B/8a,
http://rdfh.ch/0112/gEWpzia5TYOdjmjzp1TyBg,MS 4 B/9a,
http://rdfh.ch/0112/jS0Jc6cYSxeZ0ryMX8J3qA,MS 4 B/10a,
http://rdfh.ch/0112/zx7JmJD-TGGyHT1WSkireg,MS 4 B/13a,
http://rdfh.ch/0112/xHLKvVqaQR2BxxeTxDbEvw,MS 4 B/14a,
http://rdfh.ch/0112/dA49bqflSnKj63Y7sirmHw,MS 4 B/15a,
http://rdfh.ch/0112/gCz1bi4PQMCUtigviW_mSg,MS 4 C/9a,
http://rdfh.ch/0112/IXumYYjQQTmhzvrSJSEohg,MS 4 C/10a,
http://rdfh.ch/0112/vwoHDHf5Tj6AOHRVX0OopQ,MS 4 C/11a,
http://rdfh.ch/0112/GjodauVSTvqRHzemhA9Xww,MS 4 B/16a,
http://rdfh.ch/0112/ikql-wbUTkyWNw8JhL1JMQ,MS 4 B/17a,
http://rdfh.ch/0112/0KB8QkAUQkKLzjCtWG7ZaQ,MS 4 C/12a,
http://rdfh.ch/0112/OhcbF7brQYmq4rakbyoJEw,MS 4 B/18a,
http://rdfh.ch/0112/sfK6Z6cgQOCI5jk-jLaTBQ,MS 4 B/19a,
http://rdfh.ch/0112/qEyiojWhQTqYaLgq3nkBzA,MS 106/76,
http://rdfh.ch/0112/KsoxBKhHRUOA7N44gtYkGQ,ACRGD1/1/2,
http://rdfh.ch/0112/253IbUvXRT294cvJYVpfZA,ACR1GD/1/1,
http://rdfh.ch/0112/RLBOuY9MQRK05JCN6cmfbw,ACR1GD/1/3,
http://rdfh.ch/0112/PZM-WQwYRpmYKC4O0ui5fw,ACRGD1/1/4,
http://rdfh.ch/0112/Ji6OPpaJRd6DZE-FnPXNdg,ACRGD1/1/5,
http://rdfh.ch/0112/yGQdxhM7RF-7eK14xuzKWQ,ACRGD1/1/6,
http://rdfh.ch/0112/pmha2zP_Q4q_zqzkfPNXqQ,ACRGD1/1/7,
http://rdfh.ch/0112/MUIwDBvBQvm_SNDWNIetRA,ACRGD1/1/8,
http://rdfh.ch/0112/khv2VZYvSh-8rcaYDq9MLQ,ACRGD1/1/9,
http://rdfh.ch/0112/LIvzCBu9QW-cxeTmqq8LXA,ACRGR1/1/8,
http://rdfh.ch/0112/35QMPBZpQfSUIBbFiGkrrw,ACRGD1/1/10,
http://rdfh.ch/0112/fM51RbI8QJWDYW7J-ydFAw,MS 4 B/20a,
http://rdfh.ch/0112/OqIuTTsCRIGKrZcTQVQorw,MS 4 C/1a,
http://rdfh.ch/0112/PSEPTKa1Q4e3MhkA9zfcTg,MS 4 C/1b,
http://rdfh.ch/0112/nWbOK9RwRxK3JrDc9Gu7wQ,MS 4 C/1c,
http://rdfh.ch/0112/hiO1t7AfScm5XWDEXn7fPA,MS 4 C/13a,
http://rdfh.ch/0112/4XT6s5k-QsqKsgbV5H4FDg,MS 4 C/14a,
http://rdfh.ch/0112/wZ5FQlbzTv6MdMWiF9wzRg,MS 4 C/2a,
http://rdfh.ch/0112/xUAiOWffTJ2TwstxrGPBuw,MS 4 C/15a,
http://rdfh.ch/0112/tc8n-1q-QoyKSCFmONt3mA,MS 4 C/16a,
http://rdfh.ch/0112/4TAa5f2BTJ-GWVLusq8gGQ,MS 4 C/3a,
http://rdfh.ch/0112/yS9BTLDuSdaKpP-gR9fPww,MS 4 C/4a,
http://rdfh.ch/0112/GO4Rv7I4Ss2khdsJOmJN1A,MS 4 C/5a,
http://rdfh.ch/0112/UM0xGFn-R1ypJmqtF46kzw,MS 4 C/6a,
http://rdfh.ch/0112/0BvvBwDKS4-W0d9_587pmg,MS 4 C/7a,
http://rdfh.ch/0112/Qyk5ih3qQ7KWSEE6pv2zFQ,MS 4 C/8a,
http://rdfh.ch/0112/JCo3W4RLTr-wu_ckULPErA,MS 106/66,
http://rdfh.ch/0112/BQvBlKmYTWSF9M4tmI0ZUg,MS 4 C/18a,
http://rdfh.ch/0112/mSNfSc8AR7qMYoAnJ3nUzg,MS 4 C/19a,
http://rdfh.ch/0112/_3sXj7bxTVae-ERBa2N7mQ,MS 4 C/20a,
http://rdfh.ch/0112/-1HKeEeuQpubwCgofrK_3Q,MS 4 C/21a,
http://rdfh.ch/0112/F5Ng67mETg62ypaD5Uuksw,MS 4 C/22a,
http://rdfh.ch/0112/FCHAnqGJT6yOJHFRDPIK9Q,MS 4 C/22a,
http://rdfh.ch/0112/xMyUSQkZQq2RXD0CccwfmQ,MS 2 B/2b,
http://rdfh.ch/0112/da9P4nQrRCWFM5dLSAI5FQ,MS 2 B/3a,
http://rdfh.ch/0112/6SXHjS_rQIaFO_lVs8cFyg,MS 2 B/4a,
http://rdfh.ch/0112/xojn56jeQFCZzy6PKKsBeQ,MS 2 C/1a,
http://rdfh.ch/0112/f4g-DBfyQ4W6j6Adec14CQ,MS 2 C/2a,
http://rdfh.ch/0112/2OZgcqAJTE-V6epAoMVLTA,MS 2 C/3a,
http://rdfh.ch/0112/ryv7h7nMSrSDS8X4fobobQ,MS 2 C/3a,
http://rdfh.ch/0112/j4qAI4DJT5iMWb6QMoZ05g,MS 2 C/3a,
http://rdfh.ch/0112/Z4VvuIO9RVSmppFoQppvEg,MS 2 C/3a,
http://rdfh.ch/0112/R4UlsVreRY6n3ncw8eY6ig,MS 2 C/3a,
http://rdfh.ch/0112/W_26YVEXSUaYr3RjUuL4ww,MS 2 C/3a,
http://rdfh.ch/0112/5pm5bIxeR_Cozz2VIIsOtw,MS 2 C/3b,
http://rdfh.ch/0112/4uQ-mbBGRlCo3QRCw1PKFQ,MS 2 C/4a,
http://rdfh.ch/0112/qRYvzvomSVC6RV9LmcdaHw,MS 2 C/5a,
http://rdfh.ch/0112/W0mUsltPTyi8QkkW_otP6A,MS 2 C/5b,
http://rdfh.ch/0112/W0zU7h9LTzuXi57R_ulDUg,MS 2 C/6b,
http://rdfh.ch/0112/3m6mYRAYShCHBgDSMNXPaQ,MS 2 C/8a,
http://rdfh.ch/0112/-gpxdusmR3u0dtUgEGAqMA,MS 2 C/9a,
http://rdfh.ch/0112/CBFEfWpnT1Gx5uOVOgZfWA,MS 2 C/9b,
http://rdfh.ch/0112/7xwa9bvtRayGWfEKoPjOIQ,MS 2 C/10a,
http://rdfh.ch/0112/amSayAq7SOaAypbMRtnaJA,MS 2 C/11a,
http://rdfh.ch/0112/_qkkDGkIR_KTBz1bH2A7Nw,MS 2 C/12a,
http://rdfh.ch/0112/tf8MR8h7Tg2a1fQ4EFfz4Q,"IS 4359 – Lettres de et à Albert Mermoud / Ramuz, Roud"
http://rdfh.ch/0112/vG0O91nzRWuwx7r3fAaiXw,MS 2 C/14a,
http://rdfh.ch/0112/kRG-8OXEQ5CLzO7ji2mwzw,MS 2 C/14b,
http://rdfh.ch/0112/6n7p4iLJQd-osqZDsaVfyQ,MS 4 C/23a,
http://rdfh.ch/0112/aIj9ig65StWhkgPlLnxR1g,MS 4 C/24a,
http://rdfh.ch/0112/VYZoeEiDRFSJ_PoObSPMpQ,MS 6 A1/1a,
http://rdfh.ch/0112/T9rABYDIQUiuHtvzdPF1Gg,MS 4 C/25a,
http://rdfh.ch/0112/UH6Aaw1LT3uYjihzWG50Qg,MS 4 C/26a,
http://rdfh.ch/0112/WLE2e3fMRzq_0sdQI5RZ-A,MS 6 A1/2a,
http://rdfh.ch/0112/APyujCLfSqeNC6CT9QF_xA,MS 4 C/27a,
http://rdfh.ch/0112/ApFKRX1GTSyEsZ2hQ144pQ,MS 6 A1/2b,
http://rdfh.ch/0112/jtAd7QX0TpyfQxmExfYTLA,MS 4 C/28a,
http://rdfh.ch/0112/SwK2ZSD1Qf2kzGUHSj51zw,MS 6 A1/2c,
http://rdfh.ch/0112/bpGVKDgnSHajCuE5hWbe4g,MS 4 C/29a,
http://rdfh.ch/0112/F-90ZB_oQRSmU7lKsrHahg,MS 4 C/30a,
http://rdfh.ch/0112/mfVhNfMmRuGNkhN8oM6NXQ,MS 6 A1/3a,
http://rdfh.ch/0112/uFNB2LODQgSTtm8tRtMFUQ,MS 6 A1/3b,
http://rdfh.ch/0112/yOR3sIo6T-C_MWZ6uGv_8w,MS 6 A1/3c,
http://rdfh.ch/0112/LMqs8TiYQ_OxvZqgEQSJAg,MS 6 A1/3a,
http://rdfh.ch/0112/JqIbJ-ohSra1UBbNRhXm9g,MS 4 D/1a,
http://rdfh.ch/0112/lCidgTdaTa6V6BVmUStC4A,MS 4 D/2a,
http://rdfh.ch/0112/S0MyHlm7Txu-ytk19_XpAw,MS 6 A2/1a,
http://rdfh.ch/0112/J69PkzMCRfGLKUoh5nhBJg,MS 4 D/3a,
http://rdfh.ch/0112/uQaiKlyGSXO-OBW4cd-bug,MS 6 A2/2a,
http://rdfh.ch/0112/90Kuh8q6QoypOEgiIlN7Ag,MS 4 D/4a,
http://rdfh.ch/0112/P8ZBr9pxRCmdmEusyGOn1w,MS 6 A3/1a,
http://rdfh.ch/0112/FcWkoXQQQjeNot1sxnX8MQ,MS 4 D/5a,
http://rdfh.ch/0112/grNi2LITRaWfsdsiYH-FnA,MS 6 A3/2a,
http://rdfh.ch/0112/Nz7bMCx2TISShfkYTCeDdQ,MS 6 A3/3a,
http://rdfh.ch/0112/UNrs9XAVR-OvecS2x8f1EQ,MS 4 D/6a,
http://rdfh.ch/0112/dy8ng5zeSbSEHp8OTmW4AQ,MS 4 D/6a,
http://rdfh.ch/0112/hlB-hMOZSNyBF36trmyH0w,MS 6 A3/4a,
http://rdfh.ch/0112/q4ZHO19jTFKANWIdA5zp_g,MS 4 D/6a,
http://rdfh.ch/0112/jlauAWiGR5i2Ru2tPHcmBA,MS 6 B1 /1a,
http://rdfh.ch/0112/4mNael7NQnmkrmeVq5Au9w,MS 4 D/6a,
http://rdfh.ch/0112/-g4tb_m8SAi9jCL8E9gerg,MS 6 B1/2a,
http://rdfh.ch/0112/3T3qzEEtQfCUxYbwAqup1w,MS 4 D/7a,
http://rdfh.ch/0112/zK3NicwNRrWeK4dLF_1duw,MS 6 B1/2b,
http://rdfh.ch/0112/1f3A6FLdQ46N_uAW7iphlg,MS 6 B1/2c,
http://rdfh.ch/0112/MulhgNEORFaN6Oc26DuedQ,MS 4 D/8a,
http://rdfh.ch/0112/HOCf_chgS42qinZKnk1pRQ,MS 6 B1/3a,
http://rdfh.ch/0112/TGcMN4WaS6-L7_3rFbX_dA,MS 4 D/9a,
http://rdfh.ch/0112/a0mBmkRlSMi01lpD7QAOuA,MS 4 D/10a,
http://rdfh.ch/0112/4O_qsVzlQz6NNcpgAbJAvA,MS 4 D/10a,
http://rdfh.ch/0112/VZJhAZpTScyUX9lB9NF8CQ,MS 6 B1/3b,
http://rdfh.ch/0112/rruZQ-sET72NJembnyJX9Q,MS 4 D/11a,
http://rdfh.ch/0112/BbdAp_VLQquHW1IN_6wj-g,MS 6 B1/3c,
http://rdfh.ch/0112/5__oRWIWRYKLBVUi8FzNOg,MS 4 D/12a,
http://rdfh.ch/0112/sZdz--3nTi-S8OBAiFsnrg,MS 4 D/13a,
http://rdfh.ch/0112/pntDuMI4QyqX5-SzN5bwEQ,MS 4 D/13a,
http://rdfh.ch/0112/h-UTr4KgTLWU44_7nTxYrQ,MS 4 D/13a,
http://rdfh.ch/0112/6IuiDNLaQSiivwNiw6jPgA,MS 4 D/14a,
http://rdfh.ch/0112/gYt_UsmIRKyVctvUKLKsqw,MS 4 D/15a,
http://rdfh.ch/0112/l5E3cebuQH-8AvjQLLmRxA,MS 4 D/15a,
http://rdfh.ch/0112/LMV2cEELRuioIiNBsDjP_g,MS 6 B1/4a,
http://rdfh.ch/0112/DKNOCJkxTNuN1N9vgjMBBA,MS 4 D/16a,
http://rdfh.ch/0112/2cxYSq-mRHKWv03qTYGlCA,MS 6 B1/5a,
http://rdfh.ch/0112/FpMbBjNKTWa4-gi9iEvmpg,MS 6 B1/5b,
http://rdfh.ch/0112/NnQDR1aCRuasKigC2nIXRA,MS 6 B1/5c,
http://rdfh.ch/0112/L6V8aDFjSWuou5VnUv_8rA,MS 6 B1/5d,
http://rdfh.ch/0112/UA1VSELESTyrdaioUfO_fw,MS 4 D/18a,
http://rdfh.ch/0112/_tqvm6m1TYy4hBQPuhsH3Q,MS 6 B1/5e,
http://rdfh.ch/0112/AhU9Bs2cRD2N7UZh56nVbg,MS 4 D/19a,
http://rdfh.ch/0112/8dN_JVSvT6C_4JF9iT7h-A,MS 4 D/20a,
http://rdfh.ch/0112/WlCMQghIQOeVmBSEGXBZ5Q,MS 6 B1/6a,
http://rdfh.ch/0112/K9U-skqUTqyIgcNeHxOObA,MS 6 B1/6b,
http://rdfh.ch/0112/WRfUMemkT8iP3fmjSeQO1A,MS 6 B1/6c,
http://rdfh.ch/0112/PLjP0EnmRxOVnFG-0RlwDA,MS 6 B1/6d,
http://rdfh.ch/0112/eVZIynkbQJSLIgY4sLo3XQ,MS 6 B1/7a,
http://rdfh.ch/0112/Z7TKcfaeQwSqiwcvdbAUzw,MS 4 D/21a,
http://rdfh.ch/0112/iHxKhm7fTUCd3llyRFIW7w,MS 6 B1/7b,
http://rdfh.ch/0112/RDr6Wfg_Td2cbFSn7X4_FQ,MA 6 B1/7c,
http://rdfh.ch/0112/WhxS3gY-TJaZE0OmiYew9Q,MS 6 B1/7d,
http://rdfh.ch/0112/PBeIrxhHTJKQf2N-wiwrDw,MS 4 D/21a,
http://rdfh.ch/0112/13EdMiFXTNiWMWE2RZ453Q,MS 6 B1/7e,
http://rdfh.ch/0112/RyfCg9S8TAOgyLvy346XmQ,MS 6 B1/8a,
http://rdfh.ch/0112/arDCVOA1RESdUgvGxcObQQ,MS 6 B1/8b,
http://rdfh.ch/0112/TQU1wZo0SCWMwQLxKPimEw,MS 4 D/22a,
http://rdfh.ch/0112/nV2Q7WlzQD6mGXWHphFloQ,MS 6 B1/8c,
http://rdfh.ch/0112/0ts_DfpPTSKyQdl1zHVhmQ,MS 6 B1/8d,
http://rdfh.ch/0112/VIYjMNToT4iRA4kbFjJP4g,MS 4 D/22a,
http://rdfh.ch/0112/2DscJbS2QNmn9fq4lS5MjA,MS 6 B1/8e,
http://rdfh.ch/0112/7Zv8G1OtS5iwMPTjwp1Izg,MS 4 D/22a,
http://rdfh.ch/0112/9-hoIc0FQemSYdP7lLKaHg,MS 4 D/22a,
http://rdfh.ch/0112/eB5LecTnSg-BJGSVsAoq8A,MS 4 D/22a,
http://rdfh.ch/0112/8GM_JrK0TF6sweuz8LdTbg,MS 4 D/22a,
http://rdfh.ch/0112/eNw5bIdySjyMp0nieLYYaA,MS 6 B1/9a,
http://rdfh.ch/0112/eMjY4qtjSC-50yNRCbNhUQ,MS 6 B1/9b,
http://rdfh.ch/0112/QpBdpE-uQ-mJdoBGkiHXzg,MS 4 D/22a,
http://rdfh.ch/0112/NonSfI8ATRWbsECPxQQsOQ,MS 4 D/22a,
http://rdfh.ch/0112/mSgQn2YCTQWVVRVJgJiEFg,MS 6 B1/9c,
http://rdfh.ch/0112/jZSWnC2URQWBCg_lzSxhKw,MS 6 B1/9d,
http://rdfh.ch/0112/w9U4Mhy7SEOdIPCj-6YVFw,MS 6 B1/9e,
http://rdfh.ch/0112/cvS0d7iESsG4WqZ_TovDmQ,MS 4 D/22a,
http://rdfh.ch/0112/6SUZuX-uQemoUk7Vpe_fzg,MS 6 B1/9f,
http://rdfh.ch/0112/_Fr5KEKmTyK76qY3pea8AA,MS 6 B1/9g,
http://rdfh.ch/0112/aAiIfkC2TM-OpghfRpeZEw,MS 4 E/17a,
http://rdfh.ch/0112/hWFMUJ18TkuxR_Jt9OAcag,MS 4 D/22a,
http://rdfh.ch/0112/WUtllR1hReK73RFvI5oiwg,MS 4 E/18a,
http://rdfh.ch/0112/gzSg8rurSbKxTzasc4eHQg,MS 6 B1/10a,
http://rdfh.ch/0112/UcoU6kPlTyKaUkkweNzfrw,MS 6 B1/10b,
http://rdfh.ch/0112/B9iIjKB4RKejCsYA9BV8rw,MS 4 E/19a,
http://rdfh.ch/0112/_8RtwmPvTw-KfVZdYiM3Mg,MS 6 B1/10c,
http://rdfh.ch/0112/7yGsNCxiREeglJ8JM_98zQ,MS 4 E/20a,
http://rdfh.ch/0112/Ecx7j6etT6WP4atPckkYyw,MS 4 D/22a,
http://rdfh.ch/0112/STSXoftGQvu51gPbZTuQsw,MS 6 B1/11a,
http://rdfh.ch/0112/4GczmZS6Ta2ub3WbWnio0g,MS 6 B1/12a,
http://rdfh.ch/0112/GOyaLzS_TpSqOQNBKO-76Q,MS 4 D/22a,
http://rdfh.ch/0112/RmHLlZhcQnOfvmooA5U_7g,MS 4 E/21a,
http://rdfh.ch/0112/u9PhbQjdQGyxQeqPGB2oIg,MS 4 D/23a,
http://rdfh.ch/0112/fqD29XLsRLSWJ8zNmougDA,MS 6 B1/13a,
http://rdfh.ch/0112/VOuatRkETZOd-4HDHapNsQ,MS 4 E/22a,
http://rdfh.ch/0112/GPbpOZIIQ-C0NuBthTkZbg,MS 6 B1/13b,
http://rdfh.ch/0112/2wsTVM0UQbGbmZBEWLi4Dw,MS 4 E/23a,
http://rdfh.ch/0112/lGUk2RErQoC7AZtYuHpfIA,MS 4 D/24a,
http://rdfh.ch/0112/bG5KI-ifRzqWDxw3VMTqmg,MS 6 B1/14a,
http://rdfh.ch/0112/n238E486Rzij3p6GeJdg-w,MS 6 B1/15a,
http://rdfh.ch/0112/VMEGc8ewSYGC-K3hmBpGLA,MS 6 B1/15b,
http://rdfh.ch/0112/VvAiyfwfQX6rBVCHCEkowg,MS 4 D/26a,
http://rdfh.ch/0112/gjJk3UHOT86AS5Ka06RuKg,MS 6 B1/16a,
http://rdfh.ch/0112/TmlRgEv3R5-GHaeKdbSwRA,MS 6 B1/16b,
http://rdfh.ch/0112/agQFKzzFSzWzD37XIXfYUA,MS 4 D/27a,
http://rdfh.ch/0112/5uOiiiNpQgW3I-zoeBGqPQ,MS 6 B1/17a,
http://rdfh.ch/0112/-hqBbCfsS_KfFr1eoIfeVw,MS 6 B1/17b,
http://rdfh.ch/0112/KjRKYF6lQXypyox7BprjPg,MS 4 E/24a,
http://rdfh.ch/0112/EhV9MCDIRGWlf_zdUkVL6Q,MS 6 B1/18a,
http://rdfh.ch/0112/szRfSuljR_G-3HnAHIL0mQ,MS 6 B1/18b,
http://rdfh.ch/0112/f2M9VUL3SZicyP5azpZqxQ,MS 4 E/24a,
http://rdfh.ch/0112/46tdSqoCTqGhYjJ6EWv6Ow,MS 6 B1/18c,
http://rdfh.ch/0112/qMXADcxiQc2OHnX70yv5-g,MS 6 B1/19a,
http://rdfh.ch/0112/RYFpQCUqQ1iFxdf8UuR37A,MS 6 B1/19b,
http://rdfh.ch/0112/uTmHFQvsQHmXCXrSxx3enw,MS 6 B1 /19c,
http://rdfh.ch/0112/MhM4xdg9T-2HmVFy_c_zFA,MS 4 F/1a,
http://rdfh.ch/0112/iu7MX5jPTq2Ns12BafePpA,MS 6 B1/19d,
http://rdfh.ch/0112/Ko8uR2NkSO62uxg7KagFCg,MS 4 F/2a,
http://rdfh.ch/0112/2BOltTInQpq8lUV7onffKw,MS 4 F/3a,
http://rdfh.ch/0112/0moGPd5IRCWAUGsmjwu_hg,MS 6 B1/20a,
http://rdfh.ch/0112/xQLn5Xi_Q1O-j8YO-sJ60Q,MS 4 F/4a,
http://rdfh.ch/0112/M2h0i6ZbRDWs5BQ6Wra3JA,MS 6 B1/21a,
http://rdfh.ch/0112/O-rhXsHYSC2sDE3d3JBsYA,MS 4 F/5a,
http://rdfh.ch/0112/8gWlwsHURUWrp5PBkh4J5A,MA 6 B1/21b,
http://rdfh.ch/0112/1xD2VtqgRj213j5ny3h5Ow,MS 4 F/6a,
http://rdfh.ch/0112/7sCjl_IzQk6XCcmbGQH8yg,MS 6 B1/22a,
http://rdfh.ch/0112/9Vn32CW4TP2pTi8FLtjEWw,MS 6 B1/23a,
http://rdfh.ch/0112/I_YA2B_2Se24PnbJ3rZFiQ,MS 4 F/7a,
http://rdfh.ch/0112/hX-giO7RRECH-laAKRPZkg,MS 6 B1/24a,
http://rdfh.ch/0112/ZC6vYssTRwCXWfKDDu7edQ,MS 6 B1/24b,
http://rdfh.ch/0112/xFfzzbvcRh-9KA1rut7VOQ,MS 4 D/28a,
http://rdfh.ch/0112/sOqmq6XaTzir_qBaJuWsdw,MS 4 F/8a,
http://rdfh.ch/0112/rm2V5RmiQnmc1KVl75wH8g,MS 4 E/1a,
http://rdfh.ch/0112/oDKIiYHdSL2DbICiexoYSg,Ms 6 B1/25a,
http://rdfh.ch/0112/5iug4OSdTx2WtkghB2GNOg,MS 6 B1/26a,
http://rdfh.ch/0112/1OGNbKfQSD2DaLy4d99a6w,MS 4 F/9a,
http://rdfh.ch/0112/aPjEVz51RHeppKaHaQlW9g,MS 4 F/10a,
http://rdfh.ch/0112/yHaJc14tT96YIh7NyflrpQ,MS 6 B1/27a,
http://rdfh.ch/0112/SqgbsqsHT1iX3aMusQJUbQ,MS 6 B1/27b,
http://rdfh.ch/0112/pllM7AL-R_6BYlOvE1-wXw,MS 4 F/11a,
http://rdfh.ch/0112/DfYyhYq5Qt63-JsF-IdQlw,MS 4 E/2a,
http://rdfh.ch/0112/Vkbrx-3YTVS3awviDIG1CQ,MS 4 F/12a,
http://rdfh.ch/0112/9NIQ-vXzQwKItqSri56jmw,MS 4 E/3a,
http://rdfh.ch/0112/NCb9Xa-sRzmX197mJdwvTA,MS 4 F/13a,
http://rdfh.ch/0112/BkeA2cc9RBO2E4yckkfQaw,MS 4 E/4a,
http://rdfh.ch/0112/zBFqmKRCSXKa6lyMURiYKA,MS 4 F/14a,
http://rdfh.ch/0112/gcSPNm31QfCMYB3CqrFAMw,MS 6 B1/28a,
http://rdfh.ch/0112/LXzqDr7aRjWdNduAe0Fg4g,MS 6 B1/28b,
http://rdfh.ch/0112/pN5glkeuT2mczkwn9m-5Lg,MS 4 F/15a,
http://rdfh.ch/0112/3IhIZmDgQU-eIwRyjBn21A,MS 6 B1/29a,
http://rdfh.ch/0112/fjDpGVQCS_e3SQKt5re-6w,MS 6 B1/30a,
http://rdfh.ch/0112/vq_5T-RKR7aDsv3yRQ8GLw,MS 4 F/16a,
http://rdfh.ch/0112/Hw-y6okFQ_q8fOMFTb-eeg,MS 6 B1/30b,
http://rdfh.ch/0112/CBYvd2d2SlaC7KjQeYjiSQ,MS 6 B1/31a,
http://rdfh.ch/0112/5GlEBMdPSBGGjZgS3KPXJw,MS 4 F/17a,
http://rdfh.ch/0112/SVJx5IVxSkePbKCJdIGKgQ,MS 6 B1/32a,
http://rdfh.ch/0112/x3vH34uNRTWEEzEw57CUcw,MS 4 F/18a,
http://rdfh.ch/0112/f2d0MYmhRIihNf7mnZoL0Q,MS 6 B1/32b,
http://rdfh.ch/0112/BPnX22hPQwCLpdO2LJNflA,MS 6 B1/33a,
http://rdfh.ch/0112/QNz5mlnKQ2afegzXkdryEg,MS 4 F/19a,
http://rdfh.ch/0112/Tgt4gldGSUK78PIc1Qh6AQ,MS 4 E/5a,
http://rdfh.ch/0112/gEjO-4xwSGaw4wEY4QnJvA,MS 6 B1/34a,
http://rdfh.ch/0112/RHaXI44lSi2Vq7NjX13CzQ,MS 4 E/6a,
http://rdfh.ch/0112/bktkPzYPRZ6h2wXKAbpp0Q,MS 4 F/20a,
http://rdfh.ch/0112/_GYesXrNQD620mUnw1izBw,MS 6 B1/34b,
http://rdfh.ch/0112/R-r6aTEERfS8qi6V8xz-Dw,MS 4 F/21a,
http://rdfh.ch/0112/r3v77Dt-Rvi7PeEiNFUKZQ,MS 6 B1/35a,
http://rdfh.ch/0112/MTyyqpIXSwyRX7UDXr5dPQ,MS 6 B1/35b,
http://rdfh.ch/0112/6JmP9s0uTOewaRqCk3U1uQ,MS 4 F/22a,
http://rdfh.ch/0112/8eefgh2gTeWe_HsKa_yeTQ,MS 6 B1/36a,
http://rdfh.ch/0112/89BaTKVkQfCUYrDdmBecUg,MA 6 B1/37a,
http://rdfh.ch/0112/y1dXIzWbQj2clDWNBqtXOg,MS 4 E/7a,
http://rdfh.ch/0112/m9p-GFJ9QI2B532mMbGwoA,MS 4 E/8a,
http://rdfh.ch/0112/dr6UAQO7SIOChN7ovvMDsw,MS 4 E/9a,
http://rdfh.ch/0112/yVlrcQd6QOei9aaNQArYxQ,MS 6 B1/38a,
http://rdfh.ch/0112/aowBV0_ERPKI3Z5i8T8WGA,MS 4 E/10a,
http://rdfh.ch/0112/qN2QCt8CTVi0Ew6mt6Lq-A,MS 4 F/23a,
http://rdfh.ch/0112/zscptEciQKG-GYf3EPa7oQ,MS 6 B2/1a,
http://rdfh.ch/0112/MQq6svc9SrO6nhvabl1e1A,MS 4 E/11a,
http://rdfh.ch/0112/c91_-dJaTTSBSDVODkvBiw,MS 6 B2/2a,
http://rdfh.ch/0112/bCO7tOjqSHumKzZ53IgNJw,MS 6 B2/3a,
http://rdfh.ch/0112/Vimso4wTREWojSOX6YR8lA,MS 6 B2/3b,
http://rdfh.ch/0112/CXNOQ0gsSq21tRoOkxRhLA,MS 6 B2/3c,
http://rdfh.ch/0112/s5xXJ5BhR8ax_aW2-2XAzg,MS 4 E/11a,
http://rdfh.ch/0112/ELlzKML9Q_qH_TRHxUE5_A,MS 4 E/12a,
http://rdfh.ch/0112/hJO1O0OmSe-bp0Vavu2bGA,MS 4 E/13a,
http://rdfh.ch/0112/RT0NVtzpSSKqkjs8MfmNOg,MS 6 B2/4a,
http://rdfh.ch/0112/lv8p_aX1T_6o3igGkybbSg,MS 6 B2/5a,
http://rdfh.ch/0112/crdlAvU6SS6cjIeH02sU6w,MS 6 B2/6a,
http://rdfh.ch/0112/YN_2TrdYS1aYWmiKgRTi3g,MS 6 B2/6b,
http://rdfh.ch/0112/2Mxg69N3R7aKyi-nRXKYFA,MS 6 B2/6c,
http://rdfh.ch/0112/8u9-XGYlQUG8kXY1BXCNFw,MS 4 F/26a,
http://rdfh.ch/0112/gKrqcrSiQUGYH5P9x6zeCw,MS 6 B2/6d,
http://rdfh.ch/0112/YD4zUJikRUihW763xdx-mA,MS 4 E/14a,
http://rdfh.ch/0112/FJ1YKmmUS_WfEgJ9i8edOg,MS 6 B2/6e,
http://rdfh.ch/0112/FLVhnpefQoOSRwfOStM4Cw,MS 6 B2/6f,
http://rdfh.ch/0112/rgH4F1haQZmOE769OXLKXA,MS 4 E/15a,
http://rdfh.ch/0112/gGFMhv1fQ36otahtqA_C5A,MS 4 F/27a,
http://rdfh.ch/0112/Uo5Az38RQlKpMeToP4TlIQ,MS 4 E/16a,
http://rdfh.ch/0112/S3kDQS4pSfaiPNKXiCb4dg,MS 6 B2/7a,
http://rdfh.ch/0112/IavegYEdRyqK5IbE2V2omQ,MS 6 B2/7b,
http://rdfh.ch/0112/nuf7xJ1NT22R5EYT_ihRbw,MS 6 B2/8a,
http://rdfh.ch/0112/JULxEZlfQQqW_S-xbFKEEA,MS 6 B2/9a,
http://rdfh.ch/0112/_yGDAaWDTLK4yu4rXxUO-A,MS 6 B2/10a,
http://rdfh.ch/0112/6z8SCp5sTkWl916054TDYQ,MS 6 B2/10b,
http://rdfh.ch/0112/9AMvzEtjRXGOtDDdJoleig,MS 6 B2/10c,
http://rdfh.ch/0112/v3Pien1_RFeZr_A3edcEmg,MS 6 B2/10c,
http://rdfh.ch/0112/hKJYxEvaQ3WZDILFWvaheQ,MS 6 B2/10d,
http://rdfh.ch/0112/9BxFg_7uSOeol6PIEyN0gg,MS 6 B2/11a,
http://rdfh.ch/0112/AUA8pE-TTj-2Z5wwTOCJ8Q,MS 6 B3/1a,
http://rdfh.ch/0112/9lG5Uw4PSGGOB5WRNRI6eg,MS 6 B3/2a,
http://rdfh.ch/0112/94l-7hjSRridYhyd_zODdg,MS 6 B3/3a,
http://rdfh.ch/0112/odj5h_uWRG2r0Lmol7X-7Q,MS 6 B3/4a,
http://rdfh.ch/0112/tc9h3v_zT_-ePll3ViKFDg,MS 6 B3/4b,
http://rdfh.ch/0112/t2F7aJWgQRygfJvJoquvQQ,MS 6 B3/5a,
http://rdfh.ch/0112/He2HBPquTvKTBP6Oo9D3Uw,MS 4 F/31a,
http://rdfh.ch/0112/mp-urAJOTE-F5RqNyXhR_A,MS 4 F/32a,
http://rdfh.ch/0112/hQhUjw1iTvePqeLvtkFfPg,MS 6 B3/6a,
http://rdfh.ch/0112/9neiVbSwSBOx5Pdc_ViyNw,MS 6 B3/6b,
http://rdfh.ch/0112/PSrZfmjmTJSCdYRJeAc3zw,MS 4 F/33a,
http://rdfh.ch/0112/Z1b1IkARQpikPsoVztHnMg,MS 6 B3/6c,
http://rdfh.ch/0112/IJT7NV4BQNyvAuqH6oEQjw,MS 6 B3/7a,
http://rdfh.ch/0112/yxx7CBEZTaOWnmBt4i_9nA,MS 6 B3/10a,
http://rdfh.ch/0112/ht7oKwIISuSShH07PdnGcA,MS 6 B3/10b,
http://rdfh.ch/0112/BpiGTMX8RVSKmIwgkoZK5Q,MS 6 B3/11a,
http://rdfh.ch/0112/JaadbLTSS2qOI_en_XLkpw,MS 6 B3/12a,
http://rdfh.ch/0112/YDyoi4AURcCiy9_ryJfQsg,MS 6 B3/13a,
http://rdfh.ch/0112/yTrgN6t-TjCgLEJsDLaaaw,MS 6 B3/13b,
http://rdfh.ch/0112/EomiBjrlSnmDrjpThfwnXw,MS 6 B3/14a,
http://rdfh.ch/0112/1BEUu2JuRX2vMU0lpHu52w,MS 4 F/34a,
http://rdfh.ch/0112/k6XJbhKRQT2BvRe7Ygc52w,MS 4 F/35a,
http://rdfh.ch/0112/GWc28pvgRmaEbHZBaDYAEw,MS 6 C2/1a,
http://rdfh.ch/0112/NZwnPSiwQfS98GVJ3pw1RQ,MS 6 C2/1b,
http://rdfh.ch/0112/CxwRVa16QjiJnG0SNsWAnA,MS 4 F/36a,
http://rdfh.ch/0112/v8llVjoaQIqUkQhzkWXOsg,MS 6 C2/2a,
http://rdfh.ch/0112/qa7yxM1jT0i04FoS79Qmyw,MS 4 F/37a,
http://rdfh.ch/0112/F_sWN0ZrTUSjqnAUDfUnlg,MS 6 C2/2b,
http://rdfh.ch/0112/8s03q1vUTMO0AYrSyoOBqA,MS 4 F/38a,
http://rdfh.ch/0112/fjv2rpU3SFOpm9HvuyGigQ,MS 4 F/39a,
http://rdfh.ch/0112/iCkMpYXBQCeUjjsmBlr-mQ,MS 4 F/40a,
http://rdfh.ch/0112/aCjST5eBQ2ep8hvCl_Kbtg,MS 4 F/41a,
http://rdfh.ch/0112/NQA1cTb5RiGyaG9HkEAI7A,MS 4 F/42a,
http://rdfh.ch/0112/EMFWY1B2QxeBnRfDijbauQ,MS 4 F/43a,
http://rdfh.ch/0112/k0NF3-R3Q9y44CxX0Jur5A,MS 6 C2/2c,
http://rdfh.ch/0112/iwVYaPDbSxWX6ZTdPxewoQ,MS 4 F/44a,
http://rdfh.ch/0112/oOW0HSDKRXKAcGCmWqskoA,MS 6 C2/2d,
http://rdfh.ch/0112/A5PePzBpRD-hMk9iqrLIpg,MS 4 G/1a,
http://rdfh.ch/0112/PtkVOCmlRRCIAXJGYmjY_g,MS 6 C2/2a,
http://rdfh.ch/0112/OdieLRb3RwuOr2ezylBCPw,MS 4 G/1a,
http://rdfh.ch/0112/n4HCoDPtRYWFp88iM5qhpA,MS 6 C2/3a,
http://rdfh.ch/0112/pDwjyOEyQa-tvAiEr6Opiw,MS 4 G/2a,
http://rdfh.ch/0112/1YdTGkQNTW2MYRorTPl1lw,MS 4 G/3a,
http://rdfh.ch/0112/LpF9PKm4RImdTgsDlaukdQ,MS 6 C2/4a,
http://rdfh.ch/0112/mdPR9IpDSfOzceYROVasLg,MS 6 C2/4a,
http://rdfh.ch/0112/4RskKhIwTCeP9zTOnmSLWQ,MS 4 G/4a,
http://rdfh.ch/0112/7B-J3Ta1RIaI4VR59-eBKw,MS 4 G/5a,
http://rdfh.ch/0112/B-FwA7vUSCi6q7LovygLIg,MS 6 C2/5a,
http://rdfh.ch/0112/xh68r220QFKtMxhQgECWbQ,MS 6 C2/5b,
http://rdfh.ch/0112/D4puSymdTqWgYIamW9oZHA,MS 6 C2/6b,
http://rdfh.ch/0112/SBIqnPH1ThG84n-QhRpDtw,MS 6 C2/6a,
http://rdfh.ch/0112/dpCGubm9RMWxNhHB0r-QAQ,MS 6 C2/7a,
http://rdfh.ch/0112/3wZ0VwHeTqG2se8DFWfy0Q,MS 6 C2/8a,
http://rdfh.ch/0112/Axytwkx0S7S8JcgGpogOdQ,MS 2 C/15b,
http://rdfh.ch/0112/cLHGvjg2REKMVObGpRRPQg,MS 6 C2/9a,
http://rdfh.ch/0112/DJsUXokMSeGT6BovWD6ATQ,MS 2 D/2a,
http://rdfh.ch/0112/Bls9ryxCT3CDpAb1lSH3HA,MS 2 D/2b,
http://rdfh.ch/0112/XmC4ZU2TTbGBGgsbVPPhZg,MS 2 D/3a,
http://rdfh.ch/0112/qc4r2ELoRoSz1dYFv9bu-A,MS 6 C2/10a,
http://rdfh.ch/0112/RuoAxdixREuMqnUUMQOqNg,MS 6 C2/11a,
http://rdfh.ch/0112/SdQv9hQ1RxSUa9vTgzgtAQ,MS 6 C2/12a,
http://rdfh.ch/0112/bvYH3mdQS1yFsw2laGikKA,MS 6 C2/12b,
http://rdfh.ch/0112/umj9N8drR4yWDmaPr7zPfg,MS 6 C2/13a,
http://rdfh.ch/0112/8YWAJIdRSb6_TwvTHvl21A,MS 2 D/4b,
http://rdfh.ch/0112/T7P7DSwPQrO-ggPUvZ8eyw,MS 2 D/5a,
http://rdfh.ch/0112/wzcircWYSL6rW520AQNqGg,MS 6 D1/1a,
http://rdfh.ch/0112/H3g322EPRfSLzhID1BUnZQ,MS 6 D1/1b,
http://rdfh.ch/0112/PUbDuQXIRbqUwjTpL-lZQg,MS 2 E/8a,
http://rdfh.ch/0112/xTgp47dqT4SoXkkvwJdosQ,MS 6 D1/1c,
http://rdfh.ch/0112/L3dqizvdQRik-MjyGEAriA,MS 2 D/6a,
http://rdfh.ch/0112/XrA26WbcTcGB0TiCtc7piQ,MS 2 D/7a,
http://rdfh.ch/0112/yghZRqKAQyq-iWOv06HwAA,MS 2 D/8a,
http://rdfh.ch/0112/-VVgMmCGTw2Hs9MzlVjG5Q,MS 2 D/10a,
http://rdfh.ch/0112/u2n1UqTsR4Gw55YinsG73Q,MS 2 D/11a,
http://rdfh.ch/0112/-L7hj0u_R3yJlimt9opw_A,MS 2 D/11b,
http://rdfh.ch/0112/o7uEiYrDQ56gvrYZ75c6FQ,MS 2 D/12a,
http://rdfh.ch/0112/tUAF_gYyRvCgh0Iw294aDg,MS 6 E1/1a,
http://rdfh.ch/0112/2CHBT5u5RcaEylcqYd4CWA,MS 2 D/13a,
http://rdfh.ch/0112/w-u3ciJdTduYoRX_VL9P1Q,MS 6 E1/1b,
http://rdfh.ch/0112/RbThXCheTNyyMKkb0E3leA,MS 2 D/14a,
http://rdfh.ch/0112/iPDk2B0qQfqeuZTxSRbr8Q,MS 6 E1/2a,
http://rdfh.ch/0112/4S-S69jKSliTZdrhHZy_Ig,MS 2 D/14b,
http://rdfh.ch/0112/5FVby5RaRDay3cLHpS1VVQ,MS 2 E/1a,
http://rdfh.ch/0112/o7obHg8DQrOatX1ReWMdmg,MS 2 E/1a,
http://rdfh.ch/0112/vZjf6tvZRXOiO5Le3Sva7g,MS 2 E/2a,
http://rdfh.ch/0112/-BW0z_EpSmmveNEjwqTHrw,MS 2 E/2b,
http://rdfh.ch/0112/90i6QlNQRdijhRDB7svmsw,MS 6 E1/2b,
http://rdfh.ch/0112/aBSO-dJdQAqmaV_wHFjceA,MS 2 E/2c,
http://rdfh.ch/0112/mDvOEIjdRPW9BcBi_kN5ew,MS 6 E1/2b,
http://rdfh.ch/0112/EkXz8vG4TfimF6m3DE-zSQ,MS 2 E/3a,
http://rdfh.ch/0112/lAvtYaVnTGql0Y3vcM5p4Q,MS 6 E1/2c,
http://rdfh.ch/0112/5u80RwWoRcCk_I2SwMXMuw,MS 6 E1/2d,
http://rdfh.ch/0112/0iu286dZTcW2Cj5F2igmsg,MS 6 E1/2e,
http://rdfh.ch/0112/yokB9s7JQ_WvZ6aR6OI_Tg,MS 2 E/5a,
http://rdfh.ch/0112/1gvRyfmJQui2eNgmgfWKhg,MS 6 E1/2f,
http://rdfh.ch/0112/AApxn-VoSFqTeDVBtYUFSw,MS 2 E/5b,
http://rdfh.ch/0112/DsjgJfNXTNyinwXxH1kiZg,MS 6 E1/2g,
http://rdfh.ch/0112/ZmYhYuLtTzem1bg_h0C9qQ,MS 2 E/5c,
http://rdfh.ch/0112/ts45KsFbS5my8HObpsR1jQ,MS 6 E1/3a,
http://rdfh.ch/0112/s8IZEgC_Qoery3AwOykCPw,MS 6 E1/3b,
http://rdfh.ch/0112/5z_ZH7kPTWi1iHb7ZLxCMA,MS 6 E1/3c,
http://rdfh.ch/0112/0-sk9Pl7SsmXo3JpCRgULg,MS 6 E1/3d,
http://rdfh.ch/0112/afxszWMSRPm5QDWu-CNCSA,MS 6 E1/4a,
http://rdfh.ch/0112/0VhWZfjcRAybJOdbckxIiA,MS 6 E1/5a,
http://rdfh.ch/0112/4o5mtFzqQ7OtIp-0oasKOw,MS 6 E1/5b,
http://rdfh.ch/0112/SPLqPAeFTAObuFlQ_FrJaA,MS 6 E1/5c,
http://rdfh.ch/0112/mG5G3yakRJi3QTlFmaCZdg,MS 6 E1/5d,
http://rdfh.ch/0112/8gmHwsnVRimluzSzEJRLyw,MS 6 E1/5e,
http://rdfh.ch/0112/mM02Q6VnS8u72XN_9_IHgw,MS 4 G/6a,
http://rdfh.ch/0112/QhunxsYsSeKW3fEneQsa2g,MS 4 G/7a,
http://rdfh.ch/0112/3F6uS6UfRsuWnqHH3gy5Tw,MS 4 G/7b,
http://rdfh.ch/0112/ifJTN0cOTa2EXHSXXTqEFg,MS 4 H/2a,
http://rdfh.ch/0112/7AoOOsplTtm46IS3F2oVZw,MS 4 H/2b,
http://rdfh.ch/0112/rm3S0kD2RlOhPHuwNshVwA,MS 4 H/4a,
http://rdfh.ch/0112/JbpWgkpXSYiHdH80oUYLCw,MS 4 H/5a,
http://rdfh.ch/0112/4VDaANhtTtSbjUEUXEK3eQ,MS 4 H/6a,
http://rdfh.ch/0112/sC9_XHiJRGKS9oInynwN8Q,MS 4 H/7a,
http://rdfh.ch/0112/mQUkb957QPaGhKRRScku9w,MS 4 H/8a,
http://rdfh.ch/0112/3Yodwyu-R4ynDG5KhOdgXA,MS 4 H/8a,
http://rdfh.ch/0112/U32AHT9gRbyXh2YBKiacPw,MS 4 H/9a,
http://rdfh.ch/0112/uxDTNoJcSkOifHJQHWog_g,MS 2 E/7b,
http://rdfh.ch/0112/DBBPqCd7Sry-p4H9kppWgg,MS 6 E1/6a,
http://rdfh.ch/0112/UA2Ns4gTSyee7MDPtaaWzw,MS 3 A/3a,
http://rdfh.ch/0112/TRjsoYvBSZ2NvV5O0_hblA,MS 2 E/9a,
http://rdfh.ch/0112/Wp26eikwRru9aj7wTwwKrg,MS 2 E/9b,
http://rdfh.ch/0112/z0gEGfaYQrSSvfXI4-WCpQ,MS 2 E/9c,
http://rdfh.ch/0112/otHrMvdrRJewtn2DizGdfw,MS 3 A/3b,
http://rdfh.ch/0112/KMRnOWbwTdmEmXujbyBZsg,MS 2 E/10a,
http://rdfh.ch/0112/LJSgfpT2RVCJm32_c9YrUQ,MS 6 E1/6b,
http://rdfh.ch/0112/0lnEIZEuTCegapzK4QYCww,MS 3 A/3c,
http://rdfh.ch/0112/Q6kT6WlXQB6cLipo2oIpnw,MS 6 E1/6c,
http://rdfh.ch/0112/PB3I4DKlRQWZp_H8Yeu2FQ,MS 6 E1/6c,
http://rdfh.ch/0112/CsK4xtMNTLmkiro_ES_pUw,MS 3 A/3d,
http://rdfh.ch/0112/u6dcQgDeSr6WqJsp4jyUZA,MS 6 E1/6d,
http://rdfh.ch/0112/TCjOy2fFRgiDb8otPlEGAg,MS 6 E1/6e,
http://rdfh.ch/0112/NPkZQjsnSZq--vAZ2bK6ww,MS 6 E1/6g,
http://rdfh.ch/0112/jC_E5nbXTJ21M77Py_978g,MS 3 A/3e,
http://rdfh.ch/0112/SF2fqsKTQ5ysi9mrujV1tw,MS 6 E1/6h,
http://rdfh.ch/0112/gdmqM3jgTI2N74X4Svz4-g,MS 3 A/3f,
http://rdfh.ch/0112/wiFQuRGtQb2dqpwl1kVmZg,MS 3 A/3g,
http://rdfh.ch/0112/-HMuqCdVS_a_hp3BtZZucw,MS 6 E1/7a,
http://rdfh.ch/0112/Tk6SuPGWRIWaULiSZUFlLQ,MS 6 E1/7a,
http://rdfh.ch/0112/ytHnNsWOTm2Bd5m2MWLCvg,MS 3 A/3h,
http://rdfh.ch/0112/NSL2dMqKSFGkwLn2JmPDAg,MS 6 E1/7b,
http://rdfh.ch/0112/EeHgkwgpRrGdcigZ204ing,MS 3 A/4a,
http://rdfh.ch/0112/6S_z8mhtTOWmiYEXo8ocvQ,MS 6 E1/7c,
http://rdfh.ch/0112/D4E83PZdQxuDif34PEJiAQ,MS 6 E1/7d,
http://rdfh.ch/0112/gi7NnsUIReiV0ha_Lxw2Cg,MS 3 A/5a,
http://rdfh.ch/0112/eB9Syht9TmqtZgnC3iagOA,MS 6 E1/7c,
http://rdfh.ch/0112/xGp90YSkRvKNVQZ2FI8DcA,MS 6 E1/8a,
http://rdfh.ch/0112/ZfG9OKM_QbeCb4h5xZY2ew,MS 6 E1/8b,
http://rdfh.ch/0112/8fIP9yrvQK-tONETRsMYSQ,MS 6 E1/8c,
http://rdfh.ch/0112/YjsUSiv3Ttu0__Bpdv-Crw,MS 6 E1/8d,
http://rdfh.ch/0112/JXFGLqukSsySGwGatFrqQA,MS 6 E1/8e,
http://rdfh.ch/0112/SBCb7ZouTfidTnIijzkOzg,MS 6 E1/8f,
http://rdfh.ch/0112/W-UZA7fwQqeM0zbEy96bPw,MS 3 A/6a,
http://rdfh.ch/0112/BQv6ZU6vT5uakzed_HpGqw,MS 3 A/6b,
http://rdfh.ch/0112/g4CEGlriRs2S_UivmpQ1OA,MS 6 E1/9a,
http://rdfh.ch/0112/Gy0nCnyJSy2E4Xk659XVrA,MS 6 E1/9b,
http://rdfh.ch/0112/aUjo_bgYTKu2cNP7svWtlA,MS 3 A/7a,
http://rdfh.ch/0112/MfUp273dRvODBO9LsRz5tg,MS 6 E1/9c,
http://rdfh.ch/0112/elYBTqVSSPehJpf99lEz5A,MS 6 E1/9d,
http://rdfh.ch/0112/uv8d-zZvRB6eZ9Zpge1glA,MS 6 E1/9e,
http://rdfh.ch/0112/Sh8N9TfkQWKocKyT_3944A,MS 6 E1/9f,
http://rdfh.ch/0112/R4PUpXDlTZu4Uz2CUJzdBw,MS 6 E1/10a,
http://rdfh.ch/0112/PJsicpRnR5uNQEtR7p3nug,MS 2 E/11a,
http://rdfh.ch/0112/3DNZAf1hSl-SVm8AE3zsOA,MS 3 A/8a,
http://rdfh.ch/0112/9fKWwskGSZ6VcGhlePzofQ,MS 6 E1/10a,
http://rdfh.ch/0112/O6SZEWpPS1W_vtp_IJb0Wg,MS 6 E1/10b,
http://rdfh.ch/0112/faWDOeT3QYGe2iHzxmwq8A,MS 6 E1/10b,
http://rdfh.ch/0112/4MQak5YTTdSBpFsvzTFOjA,MS 3 A/9a,
http://rdfh.ch/0112/_zcr-i2rTOaO83mIRyAO2g,MS 6 E1/10c,
http://rdfh.ch/0112/0CNeBcvUQfWwkniTwMBvPA,MS 6 E1/10d,
http://rdfh.ch/0112/eXWm2COESyaSn2ntMe1Ryg,MS 6 E1/10e,
http://rdfh.ch/0112/PjkF31jKT--pCw9tSuk6LQ,MS 2 E/11b,
http://rdfh.ch/0112/kGdWeXhcTgqTprAZGkP_dw,MS 3 A/10a,
http://rdfh.ch/0112/s1MQfQ5oShKQUucLbJzTLw,MS 2 E/11c,
http://rdfh.ch/0112/RJPPbITeSHuWYprTrJ7_vA,MS 6 E1/11a,
http://rdfh.ch/0112/RisN3VyVRZSopcSAl4PCZg,MS 6 E1/11a,
http://rdfh.ch/0112/Ec7eSuCcRC29YSB44G_0ug,MS 6 E1/11b,
http://rdfh.ch/0112/iQL7nj23RhmhWcfH4bdCWA,MS 6 E1/11c,
http://rdfh.ch/0112/inQEnd7QShK7gRPM5bTh-Q,MS 6 E1/11d,
http://rdfh.ch/0112/3rUcdwT7Qh6e79KynMx45w,MS 6 E1/11e,
http://rdfh.ch/0112/bElJ5eOASEmyFsUqvSHgew,MS 6 E1/12a,
http://rdfh.ch/0112/u_pnOQElT1eYYfFgyY1jSg,MS 6 E1/12b,
http://rdfh.ch/0112/kKoAGvKwSBCZoJ2elewdtQ,MS 6 E1/12c,
http://rdfh.ch/0112/0v8vlBGHTvuo844rat4wyA,MS 6 E1/12d,
http://rdfh.ch/0112/RkLW3f9vQrOh3nxvvyNuSg,MS 6 E1/12e,
http://rdfh.ch/0112/HY03GEEPT5KHgw61vfPNIA,MS 6 E1/12f,
http://rdfh.ch/0112/4KYsCGB_QqSxophXWJTUFQ,MS 6 E1/12g,
http://rdfh.ch/0112/LF-odFTXSHSgkYnQc713KA,MS 6 E1/13a,
http://rdfh.ch/0112/ySCvnXw7QhOtBuWazsfatQ,MS 6 E1/13b,
http://rdfh.ch/0112/2l1OL8tERSSEFQxONQtHiA,MS 2 E/12a,
http://rdfh.ch/0112/HZS4MfMSSKCF0hicWRVD_A,MS 6 E1/13c,
http://rdfh.ch/0112/XGJRrgmrRZqzYQTsy2LZbw,MS 2 E/13a,
http://rdfh.ch/0112/Z8rqRyfvQdeRsZYkwhGptQ,MS 6 E1/14a,
http://rdfh.ch/0112/TmNX6hB8TPmjk-PD9OV4EA,MS 6 E1/14b,
http://rdfh.ch/0112/QRFPsN5oTR-S5spYR0mFjg,MS 2 E/14a,
http://rdfh.ch/0112/q3SraUHMRHWBWh2tQCvx-g,MS 6 E1/15a,
http://rdfh.ch/0112/TPjmuegoS52qlZk7wetcJw,MS 6 E1/15b,
http://rdfh.ch/0112/usQNU0-mTS-jn9ZifIYqGQ,MS 6 E1/15c,
http://rdfh.ch/0112/G3KnZNJJSIyLABxfNXa8ew,MS 2 E/15b,
http://rdfh.ch/0112/dL9EZIvGQLe5vnKIo1bEig,MS 6 E1/15d,
http://rdfh.ch/0112/VOwRCRI4Su6alCnsyr-rIA,MS 2 E/16a,
http://rdfh.ch/0112/GHMvHdwMSfO1HW3KEM7F-w,MS 2 E/16b,
http://rdfh.ch/0112/6DvK2rYvTHeYlxHtsmDZdQ,MS 6 E1/15e,
http://rdfh.ch/0112/oFy8Se7CRCiLTVR_HAn7tQ,MS 6 E1/15f,
http://rdfh.ch/0112/ZIf68Ci-Tj-FQgkgwjBfVA,MS 6 E1/16a,
http://rdfh.ch/0112/7Atpj05lRxaVcjPImctysw,MS 2 E/17a,
http://rdfh.ch/0112/blB1-ggxRjKT4klBo1S_Zg,MS 2 E/18a,
http://rdfh.ch/0112/c0OqmWbQSMC-qIGvnD-6FQ,MS 6 E1/17a,
http://rdfh.ch/0112/NV_K-BftRcqX_UGN-2z4wA,MS 2 E/18b,
http://rdfh.ch/0112/BQ4e4zsoT2W4jxTRUkz7-g,MS 2 E/19a,
http://rdfh.ch/0112/Zcj1W-U4SXSn7Q2x2uXZbQ,MS 2 E/19b,
http://rdfh.ch/0112/_W3gRe6bS2yfIK9jgW3DyA,MS 2 E/19c,
http://rdfh.ch/0112/gJIbVK_jTO6HO-Bd4OdAKA,MS 2 E/19d,
http://rdfh.ch/0112/LmGDFWFrRoOe5xj33U2gmw,MS 2 E/20a,
http://rdfh.ch/0112/RNX2WFXERDClTx8qwXshaA,MS 6 E1/18a,
http://rdfh.ch/0112/tz5iB1A3Rumj5mAtI3Evrw,MS 2 E/20b,
http://rdfh.ch/0112/q4xYOo8ZTRSF24VD0EmKoQ,MS 6 E1/18b,
http://rdfh.ch/0112/BUiwW7brRT-q9gGtvQc3Wg,MS 2 E/21a,
http://rdfh.ch/0112/7gLxjDfcS_-BNoltbrXCTQ,MS 6 E1/19a,
http://rdfh.ch/0112/oL_w_prbR0-rpNO9j-eiQA,MS 6 E1/19b,
http://rdfh.ch/0112/idL3KuzETuSCm03gtKBxjQ,MS 6 E1/19c,
http://rdfh.ch/0112/4RByOBBQT6ef2wIO2FritA,MS 6 E1/19d,
http://rdfh.ch/0112/JhwcIz20QCuzsd0Qq7fikw,MS 6 E1/19e,
http://rdfh.ch/0112/l-PoI4PbRy2HnFk4kXgAGA,MS 6 E1/19f,
http://rdfh.ch/0112/nVE2iCxOTbKSNjCun-WjCw,MS 6 E1/19g,
http://rdfh.ch/0112/ZL6_pF7LRRWb6LSAeDZ0Gw,MS 6 E1/19h,
http://rdfh.ch/0112/uKev6gs5TnaAampgiPda6w,MS 6 E1/19i,
http://rdfh.ch/0112/5xZkTmuwRROc36mkTpIm0g,MS 6 E1/15j,
http://rdfh.ch/0112/S3f9qWbGQ-ObPxtov_ep8A,MS 6 E1/20a,
http://rdfh.ch/0112/-o91YJddTSiiBFnmjLqm-w,MS 6 E1/20b,
http://rdfh.ch/0112/6QaRaOhRT-u4-veJDhylmg,MS 6 E1/21a,
http://rdfh.ch/0112/_PFlm_DVS_iOyC-ba0oaCg,MS 6 E1/21b,
http://rdfh.ch/0112/R99BPBTzQ8aP7TwOQ_NhQA,MS 6 E1/21c,
http://rdfh.ch/0112/W_d7J6SBTFqh_tWnYYhD7g,MS 6 E1/22a,
http://rdfh.ch/0112/sAGjlGRBTDaTjZEvv2fN6Q,MS 6 E1/22b,
http://rdfh.ch/0112/_kSdE2yGQZOAIMbn-hpB5w,MS 6 E1/22c,
http://rdfh.ch/0112/Unw82RkMQBe7Ulz34YBWvg,MS 6 E1/22d,
http://rdfh.ch/0112/bfsJNhCqR02U5RUdcFPNxg,MS 6 E1/22e,
http://rdfh.ch/0112/tnFg82sqRymP0rygOPxWHQ,MS 6 E1/22f,
http://rdfh.ch/0112/Yxj5fUbJQa-4XKkQW7R4dw,MS 6 E1/23a,
http://rdfh.ch/0112/g1_5xD7dTP20gigJU3c2sQ,MS 6 E1/23b,
http://rdfh.ch/0112/oSQGTiwqT8uD9_wcmUJNjQ,MS 6 E1/23c,
http://rdfh.ch/0112/SQhvz8dFTOmhoBfz0TM2_Q,MS 6 E1/23d,
http://rdfh.ch/0112/xVw0qLaBTZWNnv_4McXTCA,MS 2 F/1a,
http://rdfh.ch/0112/IOnLER7OQwC-7y28F3h1DA,MS 2 F/2a,
http://rdfh.ch/0112/A_2TxEdJS4WOMHaXZ5GncQ,MS 2 F/3a,
http://rdfh.ch/0112/7f57r3A8THm0ViNYcLK4zw,MS 2 F/3b,
http://rdfh.ch/0112/_HN_RC72QUasisRhtv3x2g,MS 2 F/4a,
http://rdfh.ch/0112/1M-1MgtOS02q7n2Jdf5U3g,MS 2 F/4b,
http://rdfh.ch/0112/vwDz4VPdS-Gztjxj4mmclw,MS 2 F/5a,
http://rdfh.ch/0112/oOerlO77SBWhXduPPpf3qA,MS 2 F/5a,
http://rdfh.ch/0112/VFLcHBQrSQWtTdQLCE7-zQ,MS 2 F/5b,
http://rdfh.ch/0112/VQycEXtdS96xbJ9IuNHWeA,MS 2 F/5c,
http://rdfh.ch/0112/bzEPU-MxTX2W4E7h_TNK_w,MS 2 F/5d,
http://rdfh.ch/0112/nLALREsZQsGr-6lpYZX7zg,MS 2 F/5e,
http://rdfh.ch/0112/k102LLgSSeyaEvaic3NYyw,MS 2 F/5f,
http://rdfh.ch/0112/NBCL1WWgTRyJeA9zj1rK8Q,MS 2 F/5g,
http://rdfh.ch/0112/0e71L9BWTIK0U47GMIcQ2Q,MS 6 E1/24a,
http://rdfh.ch/0112/zp212b4MS7iwBr18u6gHxA,MS 2 F/5h,
http://rdfh.ch/0112/qktFXMW6TSeYlJVTkAVFeQ,MS 6 E1/24b,
http://rdfh.ch/0112/0mMd69RNQGq1N-ifyvwM4Q,MS 2 F/5i,
http://rdfh.ch/0112/t4T1sJ6vS-alyeJPbglkdg,MS 2 F/5j,
http://rdfh.ch/0112/Zelo3ZIKTuyv798qALbi4A,MS 6 E1/24c,
http://rdfh.ch/0112/ahWcAZ04T561ojOLlaf73w,MS 2 F/5k,
http://rdfh.ch/0112/r2taR-CXSmGk02vjQSteUw,MS 6 E1/24d,
http://rdfh.ch/0112/zAD_zSPiQxaAAOqyXmS7Ww,MS 2 F/5l,
http://rdfh.ch/0112/7BwehonFQUyGKaC82O8IIw,MS 2 F/5m,
http://rdfh.ch/0112/ofSino5aQkigc0wXM2Zy5Q,MS 6 E1/25a,
http://rdfh.ch/0112/80KPorzjTDGMjmEjX1Vujg,MS 6 E1/25b,
http://rdfh.ch/0112/r7BgpHXcQ7Ku4Jb4tqtwDA,MS 2 F/5o,
http://rdfh.ch/0112/Ap5CeKoGRrmPHIibs38jjg,MS 2 F/5p,
http://rdfh.ch/0112/ktgBHpAgTxWMWuhA7K26cA,MS 6 E1/25c,
http://rdfh.ch/0112/TUatkupSSaSbvTGsmqY0qA,MS 2 F/5q,
http://rdfh.ch/0112/HGSaqb3jTa29nul6I8gEwQ,MS 2 F/5r,
http://rdfh.ch/0112/Xe4oX4EnQOuWm_NAAZyglw,MS 6 E1/25d,
http://rdfh.ch/0112/PlFlYfhsQ4-BOvHDzroytw,MS 2 F/5s,
http://rdfh.ch/0112/T-5y24FOQI2iUTkcY3GesA,MS 2 F/5t,
http://rdfh.ch/0112/cu7IL13eQfa5nWrFfUKZJA,MS 6 E1/25e,
http://rdfh.ch/0112/keha4lAlRZyyA8Df7rDqVw,MS 2 F/5u,
http://rdfh.ch/0112/xjYABJBrQqiUl9dMVj75Kw,MS 6 E1/25f,
http://rdfh.ch/0112/2VAzRXfmSn6ZjF-NmQJHIQ,MS 2 F/5v,
http://rdfh.ch/0112/OxkewqUZRRqKBlwG3h-4XA,Ms 6 E1/25g,
http://rdfh.ch/0112/xgl7fzUeQhWHNPDvfMG4Vw,MS 2 F/5w,
http://rdfh.ch/0112/5r5mg6gYQ-qsbJTQQO7LRA,MS 6 E1/25h,
http://rdfh.ch/0112/IqlKGklsTg-S8bBnFqHT8g,MS 2 F/5x,
http://rdfh.ch/0112/MyI7RaXQQwytE7whh71pnQ,MS 2 F/5y,
http://rdfh.ch/0112/KPKyG47DSdO0aFsjZ6iLBg,MS 2 F/5z,
http://rdfh.ch/0112/fE-kPuTWQS2rxX13BjDXDA,Ms 6 E1/26a,
http://rdfh.ch/0112/tfvbYIOyT_ia8kABZN1KVA,MS 2 F/5aa,
http://rdfh.ch/0112/4wlegYEtTVm4BsyFR-nirQ,MS 6 E1/26b,
http://rdfh.ch/0112/a6TGqhHwSMuIZzZiyVz-Vw,Ms 6 E1/26c,
http://rdfh.ch/0112/EVbhFmS6T0aZj3ZkBfoa7A,MS 6 E1/26d,
http://rdfh.ch/0112/rYzIGvQMT6y9AOHKwsnJFw,MS 6 E1/26e,
http://rdfh.ch/0112/XWCv52CbRK-9mXS1o79Mjg,MS 6 E1/27a,
http://rdfh.ch/0112/kpjQWlM_RmSD2FVXuy6fXg,MS 2 F/6a,
http://rdfh.ch/0112/GUE6Mqh-Rf-X8s4n8ZGLwg,MS 2 F/7a,
http://rdfh.ch/0112/I7S7UfTySYCSil_QrcS3hQ,MS 2 F/7b,
http://rdfh.ch/0112/PpgVPHBPRgKgylT6gsfx_g,MS 2 F/7c,
http://rdfh.ch/0112/MJDG4XJ0SXWuOu2W3Zz8CA,Ms 6 E1/27b,
http://rdfh.ch/0112/sgS_7eZKSFyFTIUzzDl6wg,MS 2 F/8a,
http://rdfh.ch/0112/bTooFc88Q7i9Dwtf4f1Jpg,MS 6 E1/27c,
http://rdfh.ch/0112/7oZb5g49QpO3LDQzzAnXrw,MS 2 G/1a,
http://rdfh.ch/0112/xEkPNaPATg-A9OOBykigeg,MS 6 E1/27d,
http://rdfh.ch/0112/iVuirqLqSXK9MLNLGAaJJw,MS 2 G/1b,
http://rdfh.ch/0112/u0LilyZWRBWMR20euv3tiw,MS 6 E1/27e,
http://rdfh.ch/0112/dbYa689xTfyh1W2U8vs5Pw,MS 2 G/2a,
http://rdfh.ch/0112/fA8fgzpCTFaWcIljjT2mqQ,MS 6 E1/28a,
http://rdfh.ch/0112/hoRG5ndARaSKwOhjTG39Ow,MS 2 G/3a,
http://rdfh.ch/0112/Ft6mDH0rQV6FM_16hIyu-g,MS 6 E1/28b,
http://rdfh.ch/0112/Um58V63nQ-279gMRcBbL2A,MS 6 E1/28c,
http://rdfh.ch/0112/rqW4S5rHQomPQAhnQxHoXg,MS 6 E1/29a,
http://rdfh.ch/0112/-CDpzV-1Rty9PEicVUfKKw,MS 6 E1/29b,
http://rdfh.ch/0112/qURoE5BYSoyu-UNIMc3EcQ,MS 6 E1/29c,
http://rdfh.ch/0112/m7BCvO4OQ9iOZJtMhAU8Dg,MS 6 E1/29d,
http://rdfh.ch/0112/SnKO2awwTFe226G3PJgJdQ,Ms 6 E1/29e,
http://rdfh.ch/0112/cVPZT_f5RtKMr2QRsCFn8Q,MS 6 E1/29f,
http://rdfh.ch/0112/KqjK7lQyR4OI75EwCxzniA,MS 6 E1/29g,
http://rdfh.ch/0112/7UcARmqPTCGRFZAT9hlt3g,MS 6 E1/30a,
http://rdfh.ch/0112/KceiuUO5Smaf46Vwdc-x3w,MS 6 E1/30b,
http://rdfh.ch/0112/nZzJflruTVOArf-uWTG5wA,MS 6 E1/30b,
http://rdfh.ch/0112/jCuqHs3ERyyCiwOVFjcYpQ,MS 6 E1/30c,
http://rdfh.ch/0112/3iBq0njbT6axLM0Ha381xA,MS 6 E1/31a,
http://rdfh.ch/0112/GXhpGIAHRkK41B9F7hiIRg,MS 6 E1/32a,
http://rdfh.ch/0112/k2DVvf-aQt-7R0bthyKAvw,MS 6 E1/33a,
http://rdfh.ch/0112/bkBQWQ86QMaacYtfZ8ZG-g,MS 6 E1/34a,
http://rdfh.ch/0112/D1AwfmNhTDmuCbsPFLbD4A,MS 6 E1/34b,
http://rdfh.ch/0112/DSh0jQO0Rty5Sr1XnT8lDA,MS 6 E1/35a,
http://rdfh.ch/0112/1WTpd4CNR66qssE45IJoRA,MS 6 E1/35b,
http://rdfh.ch/0112/t2qIgojtTjKBcDqmn6ZddQ,MS 6 E1/36a,
http://rdfh.ch/0112/7JxOu1TRTz6SqvUwlnZDog,MS 6 E1/36a,
http://rdfh.ch/0112/FfUC1A-RRgidHzK_DCQ_eg,MS 6 E1/37a,
http://rdfh.ch/0112/1X2TPy-UThyRYPsvpHgrwQ,MS 6 E1/37b,
http://rdfh.ch/0112/MGlaffX3Q1iiPrT_-V1m1Q,MS 6 E1/37c,
http://rdfh.ch/0112/NGQcqsPATL2kOdNkEne6rw,MS 6 E1/37d,
http://rdfh.ch/0112/1_kO3yyxTM2zQ2jeh8YLQw,MS 6 E1/37e,
http://rdfh.ch/0112/yn_yRjV-Q0urnyjCkvSwIQ,MS 6 E2/1a,
http://rdfh.ch/0112/JSLWlZT4S3eUiHiGv-VbLQ,MS 6 E2/2a,
http://rdfh.ch/0112/Xq--2tHVRmKDf3CgpQA-aQ,MS 6 E2/3a,
http://rdfh.ch/0112/jxBy5RysR-eWphVbBnqexg,MS 6 E2/4a,
http://rdfh.ch/0112/fI0jVsQ5StSLUoQJ1H76mw,MS 6 E2/5a,
http://rdfh.ch/0112/UX8v0ZIKQIuiJ_CDAiThYw,MS 6 E2/6a,
http://rdfh.ch/0112/ePS581FgShKb-AtBbeA-lg,MS 6 F1/1a,
http://rdfh.ch/0112/QmSMsy78SfiYejsHXsWM7A,MS 6 F2/1a,
http://rdfh.ch/0112/uXuUXieKSbmfdJNLQkPDwg,MS 6 F2/1a,
http://rdfh.ch/0112/3EmNsUlqRnOrsgodVVimNw,MS 6 F2/1a,
http://rdfh.ch/0112/xNEDfHAoSMC8GWhZrLJ-CQ,MS 6 F2/1b,
http://rdfh.ch/0112/RjI72Q7WRmiphzPdXEMUwg,MS 6 F2/1b,
http://rdfh.ch/0112/S4Z88tGdRzmZdowlCvQYnA,MS 6 F2/1b,
http://rdfh.ch/0112/Hwj-SJxXRHSjzPQuU9DZEg,MS 6 F2/1b,
http://rdfh.ch/0112/KEr_S6jaTIqx1u2a328GSw,MS 6 F2/1c,
http://rdfh.ch/0112/fULUWQGBSuiaWMNuuYhWKQ,MS 6 F2/1c,
http://rdfh.ch/0112/DED0BUgETuKY0PLiLbrZfw,MS 6 G1/1a,
http://rdfh.ch/0112/65g-3r7lS0OkAP6PhGZnpA,MS 6 G1/1b,
http://rdfh.ch/0112/cq4Hg0qMTbqzJ9FWwX-_Xw,MS 6 G1/1c,
http://rdfh.ch/0112/6xdRatYcQziF9HTsIg7nlA,MS 6 G1/1d,
http://rdfh.ch/0112/_ucLo-B_TnS2C7XY-kwRtg,MS 6 F2/1d,
http://rdfh.ch/0112/tgHj0dO6SEGrkLKBfRmmoQ,MS 6 F2/1d,
http://rdfh.ch/0112/w3dNSqP0RbWMTBd8HqRB_Q,MS 6 G2/2a,
http://rdfh.ch/0112/hro0UC8LQ32ida96VFj-9Q,MS 6 F2/1e,
http://rdfh.ch/0112/b7o-9fAqRA-Gc5r1Nx87BA,MS 6 G2/2a,
http://rdfh.ch/0112/F7E3mg9oRk6GAPh_x5C_7g,MS 6 G2/2b,
http://rdfh.ch/0112/3KrlPKOmTNCosbyFH7bjOg,MS 6 G2/3a,
http://rdfh.ch/0112/33-Ub_NFTFyFMnbh7sv0Jg,MS 6 F2/1f,
http://rdfh.ch/0112/6guL1e14QlaibC6xcJbWoA,MS 6 G3/1a,
http://rdfh.ch/0112/9tvpievnRG-wyn5bzYFOkg,MS 6 G3/1b,
http://rdfh.ch/0112/HVwqm2jISXeG3mEX418NGw,MS 6 F2/2a,
http://rdfh.ch/0112/AH1WZ9TJRCOwKPNEDMNAeQ,MS 6 G4/1a,
http://rdfh.ch/0112/xj7Q0SI_Sn6LduMiKknJHw,MS 6 F2/1g,
http://rdfh.ch/0112/5eAcmZMaQPiiGT40KAW31A,MS 6 G4/1b,
http://rdfh.ch/0112/9A4lxjgtTpC941H88gqaJQ,MS 6 G2/1a,
http://rdfh.ch/0112/S8Jy8Xz4R-Svxp2TrmxorA,MS 6 G2/1b,
http://rdfh.ch/0112/-zi26u_URbiqKJiQjWR5LQ,MS 6 G2/1c,
http://rdfh.ch/0112/be9kLbmCS-GpjnQSe8iRaQ,MS 6 G2/1d,
http://rdfh.ch/0112/-FtQggAqSXeZHXNqbm0_BA,MS 6 G5/1a,
http://rdfh.ch/0112/UwQXiplRToeYu5X8fs6Auw,MS 6 G5/1b,
http://rdfh.ch/0112/l8q8AI2wTOGk1ghVMK59HA,MS 6 F3/1a,
http://rdfh.ch/0112/aUBf5px9QtCQZOROhscQuQ,MS 6 G5/1b,
http://rdfh.ch/0112/ZkXrih-JR9-3kSb85QawoQ,MS 6 F3/1b,
http://rdfh.ch/0112/8sIb4mCsRyeWYyn32lHJwQ,MS 6 F3/2a,
http://rdfh.ch/0112/olWnWhD6ScSqrhl3w26G8Q,MS 6 G5/1c,
http://rdfh.ch/0112/dKaiAbsDS1GVejXeeouFfg,MS 6 G5/1d,
http://rdfh.ch/0112/669KKFdWTNawk9KC4c7RRA,MS 6 G5/2a,
http://rdfh.ch/0112/WmNKntweROKTZwF4rOO7CA,MS 6 G5/3a,
http://rdfh.ch/0112/UmQiwLr_SzaEpL5CYwy05w,MS 6 F4/1a,
http://rdfh.ch/0112/kVju5x6RQvq9PsNKgfakmA,MS 6 G5/4a,
http://rdfh.ch/0112/VOHQrkHpQuOhsd2rxjfamA,MS 6 F4/1b,
http://rdfh.ch/0112/98QTw5dQQ4qysQx3yES_Pw,MS 6 G5/4b,
http://rdfh.ch/0112/b2FiMXIHTLWtDVRP6jSaxQ,MS 6 F4/1c,
http://rdfh.ch/0112/qrs4lntiRCu33l8HJ1wYhw,MS 6 F4/1d,
http://rdfh.ch/0112/NWwtqE4jSZucYv8KI3uL1w,MS 6 G5/5a,
http://rdfh.ch/0112/liIGBiILREmSCh9kdB_V6g,MS 6 F4/1e,
http://rdfh.ch/0112/ZShvE4yLSru6qYTldt__3Q,MS 6 G6/1a,
http://rdfh.ch/0112/KfT-i4ntSY-ttygVk5oiGg,MS 6 G6/1b,
http://rdfh.ch/0112/QHqp_swHQCOqQ46Ufh1hXQ,MS 6 F4/2a,
http://rdfh.ch/0112/_zmRKX3PQ8WSI3BJQ2xjyg,MS 6 F4/2b,
http://rdfh.ch/0112/e5T-wbqsRMidY8o9QfOTfw,MS 6 F4/2c,
http://rdfh.ch/0112/NeqlqRnkQXySD9CvrrHC0g,MS 6 F4/3a,
http://rdfh.ch/0112/rO8cDqw8SIGBh6s4VKHnFA,MS 6 F4/3b,
http://rdfh.ch/0112/U5TudK0KQ--qKbFamAyhZg,MS 6 F4/3c,
http://rdfh.ch/0112/9mDfDvGwQxqSbxjZWwT8fA,MS 106/59,
http://rdfh.ch/0112/E2-WdVB2Q92ZZ4jKHRqvYw,MS 6 F4/4a,
http://rdfh.ch/0112/YssfER2rTlaQypN1Sg6QOA,MS 6 F4/4b,
http://rdfh.ch/0112/hnkyh9tVQxKL1NnkXMAW1g,MS 6 F4/5a,
http://rdfh.ch/0112/1xsffY0_TlioRXDhEuoeYA,MS 6 F4/5b,
http://rdfh.ch/0112/TYhcpavIQ8--6dU2KEgdIg,MS 106/60,
http://rdfh.ch/0112/EJqW881ZR_6QIX7FwXc7qg,MS 6 F5/1a,
http://rdfh.ch/0112/geccqKA7Q7yyPvf44NXj6g,MS 6 F7/1a,
http://rdfh.ch/0112/5qS6lmWRQ9SrgtAFntWBQg,MS 106/61,
http://rdfh.ch/0112/XmD1maCQSFKZbltw3mCR4A,MS 106/62,
http://rdfh.ch/0112/dcOH1kEaS12-w4k9D4cHqA,MS 6 F8/1a,
http://rdfh.ch/0112/EYvJasCGSx-EI38ytkVEKw,MS 106/63,
http://rdfh.ch/0112/Z7wZSSYOQP2rwG6Uc_ZnEA,MS 6 F8/1b,
http://rdfh.ch/0112/xre8F7vFRQC68miRSn8utg,MS 106/64,
http://rdfh.ch/0112/d8P0lV58SiWGm6gNB4wL4A,MS 106/65,
http://rdfh.ch/0112/pkrrjCe-THKrux0E09-95w,MS 6 F8/1c,
http://rdfh.ch/0112/jbROYb26QQidSQYaGlojCg,MS 6 F8/1d,
http://rdfh.ch/0112/hiTQyEeQTDijapVJkVmocA,MS 106/67,
http://rdfh.ch/0112/bz9Ha5cWSL6jWfeEMWL1yg,MS 106/68,
http://rdfh.ch/0112/KoExGGlySlKTcEVou6CvKA,MS 106/69,
http://rdfh.ch/0112/EOy_MtzSQ8i3UO_vD3d4nQ,MS 106/70,
http://rdfh.ch/0112/tlPncmYOQte4AVBS901s_Q,MS 6 F9/1a,
http://rdfh.ch/0112/DFVYfL7AQN26RlUUdL2-SA,MS 6 F9/1a,
http://rdfh.ch/0112/luakbiZVSqOG--fZgggnvw,MS 106/71,
http://rdfh.ch/0112/nx7adkqERuuhTzMVg50b5Q,MS 6 F9/1b,
http://rdfh.ch/0112/j2GssfyzR9CqQFQp0OD_qQ,MS 106/72,
http://rdfh.ch/0112/3YV1IM59TMC3HA_NiB1yIw,MS 106/73,
http://rdfh.ch/0112/HjQyOv9NRCOltWK4d8CFzg,MS 106/73,
http://rdfh.ch/0112/N4ASVpnLQXe25A71iQn6cw,MS 6 F10/1a,
http://rdfh.ch/0112/QNGA452vQkKeJAG_RN_XhQ,MS 106/73,
http://rdfh.ch/0112/AhZtUPgfRcySznQ1-Y1VfQ,MS 106/73,
http://rdfh.ch/0112/65SU6rYcQ_2wYF2lYVWvkg,MS 6 F10/1b,
http://rdfh.ch/0112/JBpVq7ONRlu3ojCffvRScw,MS 106/74,
http://rdfh.ch/0112/UTvzk0SLQM6wZMLUn3nq5Q,MS GF 10/1c,
http://rdfh.ch/0112/1BFkKldwQbexYHuQ8ILYXA,MS 106/75,
http://rdfh.ch/0112/CT9JfUx5QkyORHH1cechUA,MS 6 F14/1a,
http://rdfh.ch/0112/kxM6hLV8RwOibjtZql4yfQ,MS 106/77,
http://rdfh.ch/0112/35FSkA2PSJS_Fvx0pJD-Kg,MS 106/78,
http://rdfh.ch/0112/ypmMysFgSbCA_p1RKCjTNg,MS 106/79,
http://rdfh.ch/0112/uKhaGJiBQKWmN8qCTbGW7Q,MS 6 F14/2a,
http://rdfh.ch/0112/YJOupN1BTSCMQpy-Mh6MnA,MS 106/80,
http://rdfh.ch/0112/YAsV1uGvQDKYCUPRBU-OHg,MS 106/81,
http://rdfh.ch/0112/6xh8i1IQQEe-lxA6nU03Tw,MS 6 F14/2b,
http://rdfh.ch/0112/1qaQM6E4T2u-eAy_2-7FDQ,MS 106/82,
http://rdfh.ch/0112/11LBjSe8QTabWmCzrHOTkA,MS 6 F14/3a,
http://rdfh.ch/0112/ASYMIxWfRvqsnm4vrzwVlQ,MS 6 F14/3b,
http://rdfh.ch/0112/tGOd7wBEQQyCBiulVRbvdg,MS 6 F14/3b,
http://rdfh.ch/0112/zQM3zAJyROy0ykBPDANaLg,MS 6 F14/3c,
http://rdfh.ch/0112/YR4rHiljTlSSzorkOYhFnw,MS 6 F15/1a,
http://rdfh.ch/0112/OQSB-RZwTJ-FUivSwjlEyw,MS 6 F15/1b,
http://rdfh.ch/0112/5xMWfpoFTJKrwmLWLUiuiA,MS 6 F15/1c,
http://rdfh.ch/0112/P-SI3GLmTramX1gcjqfogQ,MS 6 F15/1d,
http://rdfh.ch/0112/CxvH1fOzTJaosJ5b4u1U0A,MS 6 F15/1e,
http://rdfh.ch/0112/y9TmbKWSSgqZ6Db6bxglqw,MS 6 F15/1f,
http://rdfh.ch/0112/6Lsp2sB9TY6jiW5kKlTh3Q,MS 6 F15/2a,
http://rdfh.ch/0112/IWJ8XaitRRuK-gokKQoFlQ,MS 6 F15/2b,
http://rdfh.ch/0112/6GX2EEOGQhO4G2daHZ42Lg,MS 6 F15/2c,
http://rdfh.ch/0112/mRthMRTsT2Ktw6u-e_txDA,MS 6 F15/2d,
http://rdfh.ch/0112/hLLDTY4dTU6u_1uO_XkBXg,MS 6 F15/2e,
http://rdfh.ch/0112/3kVAk52gQRi7zcFJt7jUqA,MS 6 F15/2f,
http://rdfh.ch/0112/1ZzfMK-iTOudjTp2GsMuzw,MS 6 F15/2g,
http://rdfh.ch/0112/XopkBIQHQNKJzPuhWRlwDQ,MS 6 F15/2h,
http://rdfh.ch/0112/qmyIZqXQQZ6ir0ag9MB7Hg,MS 6 F15/2i,
http://rdfh.ch/0112/5eRVSN5JR96mUEhswc4USQ,MS 6 F16/1a,
http://rdfh.ch/0112/fqYVqmyiRFWrXsAApfbh_g,MS 6 F16/1c,
http://rdfh.ch/0112/vDKDU0D0QQG3Zzv07Uysxw,MS 6 F17/1a,
http://rdfh.ch/0112/etIN0rQjRBq_otqlKBVOOA,MS 6 F17/1b,
http://rdfh.ch/0112/8h9wQLkPQ_iP-24WiRdsiw,MS 6 F17/1c,
http://rdfh.ch/0112/wacGy-eAQNCQJwcM4rFXFA,MS 6 F17/1d,
http://rdfh.ch/0112/Wd4xyzicSBCsYf-voQb0pA,MS 6 F17/1e,
http://rdfh.ch/0112/SpYqHNqOToWp5qWSq6wmTw,MS 6 F18/1a,
http://rdfh.ch/0112/f2f0BTeISAO99OPPR9r47g,MS 6 F18/1b,
http://rdfh.ch/0112/5-dAwh7dTCu86nh84vhtuQ,MS 6 G6/1c,
http://rdfh.ch/0112/KoCkPo4tSEKb5P0vf6_l9Q,MS 6 G6/1d,
http://rdfh.ch/0112/6ikGubT1TFi5iGPMqRKspA,MS 6 H/1a,
http://rdfh.ch/0112/8vwWYQ4gSdeAtFav3jFTVQ,MS 6 H/2a,
http://rdfh.ch/0112/VkEOjS5JSMKQlR4qxDTbOA,MS 6 H/2b,
http://rdfh.ch/0112/7TRtDy5VQFOMWXJfYw7hJw,MS 6 H/3a,
http://rdfh.ch/0112/kRllKiV_R4m_FyMeHTYVTQ,MS 6 H/4a,
http://rdfh.ch/0112/epDGe68lSL6a32DfQAUDaQ,MS 6 H/5a,
http://rdfh.ch/0112/D9AhLiOsTtKjAadMeAW5_w,MS 6 H/6a,
http://rdfh.ch/0112/OZb3KMfoRvmHJ23-YuFxsA,MS 6 H/7a,
http://rdfh.ch/0112/_BWxSRgcTsS-8jHL-nfyQg,MS 6 H/7b,
http://rdfh.ch/0112/6mRp_2JCQW6IYSCOYGOe2Q,MS 6 H/8a,
http://rdfh.ch/0112/wMAmmdDcQJK55TPCi0upLA,MS 6 H/9a,
http://rdfh.ch/0112/9WhXyqkFQGiBChXamKpi4w,ALS Fonds Chappaz MCH B-2-ROUD.2,
http://rdfh.ch/0112/WtXwFVZaRSupe7tkDnPxXg,ALS Fonds Chappaz D-11-ROU/4,
http://rdfh.ch/0112/YPhcKRi3Q2Sdu6hUf_M50w,ALS Archiv SSV 01-b-01-1946,
http://rdfh.ch/0112/2qceOpwLQm22OaDBjEtMJw,MS 3 A/10b,
http://rdfh.ch/0112/btcY0rBFSuKwjiQ_cRHEZA,MS 2 F/5z,
http://rdfh.ch/0112/2ISme_PxTnubzxXV8dQeGQ,MS 3 A/11a,
http://rdfh.ch/0112/5kt7VZleRz2JUfebv6tUNg,MS 3 A/11b,
http://rdfh.ch/0112/WP2sdT3KQP2yMXvC-9wOAQ,MS 3 A/11c,
http://rdfh.ch/0112/Ohwk2G9NSJ6s8PnGRO1uug,MS 3 A/12a,
http://rdfh.ch/0112/YO3GtP4oT9epGyPL-DgrGA,MS 3 A/13a,
http://rdfh.ch/0112/Ya8YdI4mSJGuXFieqdinTA,MS 3 A/15a,
http://rdfh.ch/0112/X8RE9haYRrWqmyy-I_0rPw,MS 3 A/16a,
http://rdfh.ch/0112/Dh91Wc5eRimbdbpDinsO1A,MS 3 A/17a,
http://rdfh.ch/0112/tK2YGc-oR5Wgh6cNn5vJZg,MS 3 B/1a,
http://rdfh.ch/0112/0o9BCbmxR7aWSGHE0OMPNw,MS 3 B/2a,
http://rdfh.ch/0112/WvX2TDhKQj6u4pHMvD2Xdg,MS 3 B/3a,
http://rdfh.ch/0112/M-591tbTQ5CRftnksmM3SA,MS 3 B/3b,
http://rdfh.ch/0112/0aieRN1bRI6EZ6nvHoUTAg,MS 3 B/4a,
http://rdfh.ch/0112/v3IJ_L6GS9y2A_grBCGKzA,MS 5 A/13b,
http://rdfh.ch/0112/VUhB2I8bRQa4TaH6qC9Q6Q,MS 5 A/17a,
http://rdfh.ch/0112/_26UzpMxQwuDN7XmDgrYVQ,MS 5 A/22a,
http://rdfh.ch/0112/C7t1aRkeSl2V-bYA41ROSA,MS 5 A/23a,
http://rdfh.ch/0112/0msk85nhTEeb2Vy-Y02MGg,MS 5 B/1a,
http://rdfh.ch/0112/J38FdRRoQNChK9-zYYab4Q,MS 5 B/2a,
http://rdfh.ch/0112/AZm2MJWgQxO6uCBWkloV_w,MS 5 B/3a,
http://rdfh.ch/0112/lUBjTGaYTL-JcbZZ0PdbCQ,MS 5 B/3b,
http://rdfh.ch/0112/0pxVJfV-StKwwLg74Mo_uQ,MS 5 B/3c,
http://rdfh.ch/0112/ifTdzpQlQiC_zdMBbGvtXg,MS 5 B/4a,
http://rdfh.ch/0112/pmRAPRDcT4ma3zFhCk2cVQ,MS 5 B/4b,
http://rdfh.ch/0112/Gm9I2-8IRhC7n2D8sLmOIg,MS 5 B/4c,
http://rdfh.ch/0112/WUBPMzXERpKeAp6xD-jMIw,MS 5 B/4d,
http://rdfh.ch/0112/xaucf8ENTdig9zTMMDUXQg,MS 5 B/4e,
http://rdfh.ch/0112/0jDHrmIJTnmFLA-m-ALLMw,MS 5 B/4f,
http://rdfh.ch/0112/xLN0d_jFRwyKwRgQrZ3x3w,MS 5 B/4g,
http://rdfh.ch/0112/38-lflmNRbWiqEAp5DCGVA,MS 5 B/4h,
http://rdfh.ch/0112/_krK14slQUy0JK4_u9vGKg,MS 5 B/4i,
http://rdfh.ch/0112/B66rDoZIQtiruGrXZ-syPQ,MS 5 B/4j,
http://rdfh.ch/0112/v6CYrGgxT9SXrPSzklM9cw,MS 5 B/4k,
http://rdfh.ch/0112/5WqZNHUjSSG6B41AzO1bbw,MS 5 B/4l,
http://rdfh.ch/0112/z9GG4-5ARlic3QSVwoGh4g,MS 5 C/1a,
http://rdfh.ch/0112/7QizIiRJRx-dMjAhRNaAMQ,MS 5 C/2a,
http://rdfh.ch/0112/g2mUU-3_TECwfkON8mLkOQ,MS 5 C/3a,
http://rdfh.ch/0112/MOtQUmUSTBm1rPFXbjLmsg,MS 5 C/3b,
http://rdfh.ch/0112/uOoXlRrBRUGD5rxrMH0dag,MS 5 C/4a,
http://rdfh.ch/0112/C7_G0sJTS6mqORtUm52FOA,MS 5 D/2a,
http://rdfh.ch/0112/tEbpvN8HSmyOcIz6RxA-1w,MS 5 D/3a,
http://rdfh.ch/0112/KrZqxjMNTVSrlLGpDfwNtQ,MS 5 D/4a,
http://rdfh.ch/0112/sxAHhhkLTAy9U5UvnG4WuA,MS 5 D/5a,
http://rdfh.ch/0112/A2U4ZtAlQt2gAfPHHFW99Q,MS 5 D/6a,
http://rdfh.ch/0112/e3D3XXbGQbiS1bvXmof59A,MS 5 E/1a,
http://rdfh.ch/0112/H6E6ZJi_TRaajnfMKbEgsA,MS 5 E/2a,
http://rdfh.ch/0112/_CD6j77rQWO-7Kpqq8e9Bw,MS 5 E/3a,
http://rdfh.ch/0112/JPIQ50ULQcms8znpNymVvw,MS 5 E/5a,
http://rdfh.ch/0112/GDoinL7cRqWM6rTY8B6TSg,MS 4 B/8a,
http://rdfh.ch/0112/arNxbLAhQmO4PFCx_ijPwQ,MS 4 B/15a,
