Manuscript,coteString
http://rdfh.ch/0112/roud-oeuvres/ceermz2qSlKlMPeAkFVibA,MS 4 D/28a
http://rdfh.ch/0112/roud-oeuvres/wBiSkru5Tia705GL8hYGSA,MS 4 D/28a
http://rdfh.ch/0112/roud-oeuvres/95lFw57kRI-QRPBRu-zKyg,MS 1 G/3a
http://rdfh.ch/0112/roud-oeuvres/gqqnKBAaQx-4EntEAC0wWQ,MS 1 G/3b
http://rdfh.ch/0112/roud-oeuvres/3p3wbQrZSduU5umiFkvrGA,MS 1 G/2a
http://rdfh.ch/0112/roud-oeuvres/e10joRpdQAqtiMFkkDtxLA,MS 4 D/25a
http://rdfh.ch/0112/roud-oeuvres/UU-JIjDXRxWYT0x3sivkdg,MS 1 G/5c
http://rdfh.ch/0112/roud-oeuvres/jmRpx7yDSl6QWUM_wv0ZMw,MS 1 G/5b
http://rdfh.ch/0112/roud-oeuvres/QgQcVwjSQm2qeC9qLaYXnQ,MS 1 G/5a
http://rdfh.ch/0112/roud-oeuvres/tcWCrCUjTgqRz4Fp3ijVmA,MS 1 I/1a
http://rdfh.ch/0112/roud-oeuvres/9zAj96TyTU6QVTg8566RlQ,MS 1 I/2a
http://rdfh.ch/0112/roud-oeuvres/V1rdMPIZRc2F7UulhngM-Q,MS 1 I/13a
http://rdfh.ch/0112/roud-oeuvres/ihYpr6KTTIyP5H54h799rQ,MS 1 I/2e
http://rdfh.ch/0112/roud-oeuvres/UDfggvXDRU-bUUCF5vYbqA,MS 1 A/2a
http://rdfh.ch/0112/roud-oeuvres/oasVpjUZSq-1sh4qqP9IhQ,MS 1 B/1a
http://rdfh.ch/0112/roud-oeuvres/HKgMFss7QheHzZkyDyo39A,MS 1 I/2d
http://rdfh.ch/0112/roud-oeuvres/LE11mGtRTr6eW-mWwVCj-A,MS 1 I/7d
http://rdfh.ch/0112/roud-oeuvres/ngwUr14oQkKmCDQrtKCIJw,MS 1 I/7d
http://rdfh.ch/0112/roud-oeuvres/7eb0lEf9RqiA0NPOfEwRhA,MS 1 I/7e
http://rdfh.ch/0112/roud-oeuvres/2VycOGPHQz-kGBer4EkH0w,MS 3 A/1a
http://rdfh.ch/0112/roud-oeuvres/fUWmQCSPTAiI3DQVJr6ekg,MS 1 C/1a
http://rdfh.ch/0112/roud-oeuvres/GZC66bo8TNyOUk7mRMPwUA,MS 1 C/2a
http://rdfh.ch/0112/roud-oeuvres/uOx1OqElSb6CY7nvmGLarw,MS 2 D/3b
http://rdfh.ch/0112/roud-oeuvres/TOJ18ohtRzmrvI5cDSrlXw,MS 1 D/4f
http://rdfh.ch/0112/roud-oeuvres/Nc2DZtqfSVWEnXy41JarAA,MS 1 D/3b
http://rdfh.ch/0112/roud-oeuvres/xDn1Lx0XS6C-sXqULTEAGQ,MS 1 D/1a
http://rdfh.ch/0112/roud-oeuvres/XTbotbbfRPWy9s7ZDHe20g,MS 1 D/5a
http://rdfh.ch/0112/roud-oeuvres/U9oEK8SNQgWA0G_D6ALcug,CG 49/4
http://rdfh.ch/0112/roud-oeuvres/ztdB2GFtRLqCzIC9qD6euQ,"1920 bis, 67"
http://rdfh.ch/0112/roud-oeuvres/LD1jRE4DRFafMWQDayq3hw,MS 5 A/16b
http://rdfh.ch/0112/roud-oeuvres/4xSwksRvTLuGg7sSque2Rw,CG 111/11
http://rdfh.ch/0112/roud-oeuvres/8PVhkqUFTSKibo6qy25V3g,MS 3 A/2a
http://rdfh.ch/0112/roud-oeuvres/PnRxAGeqSNaX-gCism7BjA,CG 114
http://rdfh.ch/0112/roud-oeuvres/B8rzKVwYSjidIG3Bzxobwg,MS 4 D/27a
http://rdfh.ch/0112/roud-oeuvres/6Vf6-5UHT7qm9gZs_9R43A,MS 6 F4/1e
http://rdfh.ch/0112/roud-oeuvres/DiQ8AY9YQtmpYNOzUINPqQ,MS 1 I/8e
http://rdfh.ch/0112/roud-oeuvres/ZYLa4ic7TtymFG3vFpe3Jw,MS 1 I/8f
http://rdfh.ch/0112/roud-oeuvres/WgSdHRaEQqOs-8CQE470fQ,MS 1 I/8a
http://rdfh.ch/0112/roud-oeuvres/-AcY5JtJSVudlW3gqXr_6A,MS 1 I/8b
http://rdfh.ch/0112/roud-oeuvres/-nyzYVviTKinz14WpawHfw,MS 1 I/8c
http://rdfh.ch/0112/roud-oeuvres/Xu3nGS-pQmeTxESwV509eQ,MS 4 B/6a
http://rdfh.ch/0112/roud-oeuvres/RSJw0kokQC-iX-d6qPH6Lw,MS 2 E/7a
http://rdfh.ch/0112/roud-oeuvres/A54rBUMTTc-DupXyhlMIMQ,MS 4 H/3a
http://rdfh.ch/0112/roud-oeuvres/BevGYFRsSHqfWZ099KEzZg,MS 2 E/15a
http://rdfh.ch/0112/roud-oeuvres/7kUCHmE5RW6N4QiMP5RC5w,COTE MANQUANTE
http://rdfh.ch/0112/roud-oeuvres/pEcH0chJRNuRQZY2dN-E7A,MS manquant !
http://rdfh.ch/0112/roud-oeuvres/MgsyFn1ZSLync1Um6XlL4A,MS 4 D/17a
http://rdfh.ch/0112/roud-oeuvres/CsUbwj5HRT2Y0XEESdfUfQ,MS 1 E/8a
http://rdfh.ch/0112/roud-oeuvres/6JToiFnjSwuYZM96UFvNjA,COTE MANQUANTE
http://rdfh.ch/0112/roud-oeuvres/WKl-qpUnRgaDIvpXC9jzVw,MS 1 E/1c
http://rdfh.ch/0112/roud-oeuvres/MyBVwbapTM-5eIrUhk4L0Q,MS 1 E/7c
http://rdfh.ch/0112/roud-oeuvres/G9QEoN5KRRiYxcxGuZbKGg,MS 5 A/1a
http://rdfh.ch/0112/roud-oeuvres/MGKYeietT_aeVSR0XOYKTA,MS 5 A/3a
http://rdfh.ch/0112/roud-oeuvres/x9oTjTzjSI-uEFeDUjnOVA,MS 5 A/4a
http://rdfh.ch/0112/roud-oeuvres/jgKbMJ4bRAeWL1e8sPN9BA,MS 5 A/5a
http://rdfh.ch/0112/roud-oeuvres/7CGyFqhXQbWrB-jm1jh43w,MS 2 A/1a
http://rdfh.ch/0112/roud-oeuvres/ubt5O-bsSqu4ELFEXKIieA,MS 5 A/7a
http://rdfh.ch/0112/roud-oeuvres/T_EGXAKiRja-AADCHlgXww,MS 5 A/8a
http://rdfh.ch/0112/roud-oeuvres/1hTCnDhoQJmVZKMboyqqSg,MS 2 C/6a
http://rdfh.ch/0112/roud-oeuvres/yNyIJG3fR72dtUeIDfBKBg,MS 5 D/1a
http://rdfh.ch/0112/roud-oeuvres/WqptypgfQxqJLxy83wV6SQ,MS 2 B/1a
http://rdfh.ch/0112/roud-oeuvres/TEm_gpBYSXqBFijT5crXRQ,MS 5 A/9c
http://rdfh.ch/0112/roud-oeuvres/FI7iUQiqRS2Ocj4DVXcqFg,MS 5 A/9a
http://rdfh.ch/0112/roud-oeuvres/5hBvSKquR6SvvD03rx7pew,MS 5 A/9b
http://rdfh.ch/0112/roud-oeuvres/64pWC1bKQIqx07AL-8E6wQ,MS 1 A/1a
http://rdfh.ch/0112/roud-oeuvres/IMLK2l_MQ16WgVPyiLZGdA,MS 1 A/1b
http://rdfh.ch/0112/roud-oeuvres/6JSI4xfqSMKVS_8lZ-qKlw,COTE MANQUANTE
http://rdfh.ch/0112/roud-oeuvres/WZ05-oWYQj2cIUmKgwc8Ag,MS 1 D/4b
http://rdfh.ch/0112/roud-oeuvres/xkd9YYpyQZOtD2uvbLasHw,MS 1 D/4a
http://rdfh.ch/0112/roud-oeuvres/D5Qy-E6FSVCiEek8Dw3ZFA,MS 5 A/10a
http://rdfh.ch/0112/roud-oeuvres/AvZ9X9SzTVqZsXKGcRBr0A,MS 5 A/19a
http://rdfh.ch/0112/roud-oeuvres/PLKICo1MTPqDc1Ly0Dqh6A,MS 5 A/18a
http://rdfh.ch/0112/roud-oeuvres/tUjNcdZDTeyU9q8tGPUNTw,MS 5 A/21a
http://rdfh.ch/0112/roud-oeuvres/IQr7k5ZbS8yxCe-4B9Rsgw,MS 5 A/17b
http://rdfh.ch/0112/roud-oeuvres/JsOQH0NNTtOGsnZhPtTztA,MS 2 C/7a
http://rdfh.ch/0112/roud-oeuvres/GjBwBRnyREq0SVRmux98Cw,MS 4 D/22a
http://rdfh.ch/0112/roud-oeuvres/kPjvVYo5TtqbmicJ265Npw,MS 5 A/11a
http://rdfh.ch/0112/roud-oeuvres/3lTyHAdfTvuUdfsm_9R_xA,MS 2 D/4a
http://rdfh.ch/0112/roud-oeuvres/icF72_kwSVW6sguBFMf8Sw,MS 1 E/6a
http://rdfh.ch/0112/roud-oeuvres/KgRloU4bR72dBOWoU1ibtw,MS 1 E/6a
http://rdfh.ch/0112/roud-oeuvres/S2Qm3tPNQdaOJ5ERLF0zdw,MS 2 F/5b
http://rdfh.ch/0112/roud-oeuvres/X5bq85xORTK1pdl4vQ829Q,MS 2 A/2a
http://rdfh.ch/0112/roud-oeuvres/V3cDPQpkTn-TlMREHcDjSw,MS 5 A/14a
http://rdfh.ch/0112/roud-oeuvres/Te30n1aGTseJ_V41uTBxBg,MS 1 E/5a
http://rdfh.ch/0112/roud-oeuvres/m2HvGQxVTEGaYOteUPR6hA,MS 5 A/12a
http://rdfh.ch/0112/roud-oeuvres/QAgy8w_ZQUiyStjvBVFM0w,MS 5 A/13a
http://rdfh.ch/0112/roud-oeuvres/DWVFgWx0SqOvsZ_p59wbHA,MS 5 A/13b
http://rdfh.ch/0112/roud-oeuvres/7vAnkeNVSxKi8EtQaLjohg,MS 7 E/2a
http://rdfh.ch/0112/roud-oeuvres/rpdZJtqjR_mG2VmLybPmZg,MS 2 D/9a
http://rdfh.ch/0112/roud-oeuvres/tv8HhTnESfuwxUfrHU1ErQ,MS 2 C/13a
http://rdfh.ch/0112/roud-oeuvres/xLLX9BhyTkObvL1HbDRhMA,MS 2 D/1a
http://rdfh.ch/0112/roud-oeuvres/5kGbZ7ItTdWFXWJvhZCGrw,CG 24
http://rdfh.ch/0112/roud-oeuvres/MFPw4340RpSkLUtyqzz1fg,CG 20
http://rdfh.ch/0112/roud-oeuvres/bnlD8TXSQDeijhpxCwy96w,MS 6 B3/6a
http://rdfh.ch/0112/roud-oeuvres/hAb4ut74RPWYXJDFnygCag,MS 6 C2/2a
http://rdfh.ch/0112/roud-oeuvres/h-FUGlHHSiuhps7ZnV9oZA,MS 1 G/5a
http://rdfh.ch/0112/roud-oeuvres/4ZYWbuLyR16Tp49EnV16xw,MS 2 F/5n
http://rdfh.ch/0112/roud-oeuvres/qPkhCh8zQmOs3wj3q0b-eg,MS 1 H1/6b
http://rdfh.ch/0112/roud-oeuvres/_WSglT7mTwmo5YL2ujvMcA,MS 1 H1/6d
http://rdfh.ch/0112/roud-oeuvres/uVV_u4YgS0O0ZUxB60OGvA,COTE MANQUANTE
http://rdfh.ch/0112/roud-oeuvres/w2k1GSVnQ62NW3kFMgiH0Q,MS 1 H1/4a
http://rdfh.ch/0112/roud-oeuvres/tBlo3elER_izlCbb4T5pXw,MS 6 G5/5a
http://rdfh.ch/0112/roud-oeuvres/LFCX7pmSR1mZUfocT-ak-Q,CG 133
http://rdfh.ch/0112/roud-oeuvres/nQ36h9lQQuiA_kct7MWqRg,CG 151
http://rdfh.ch/0112/roud-oeuvres/ANr2GTSdTLSzTujLDvoo8Q,MS 6 E1/30a
http://rdfh.ch/0112/roud-oeuvres/mTN60E-tQ46ZxGE10Kqbww,MS 4 B/15a
http://rdfh.ch/0112/roud-oeuvres/6JCQ4oDlS_ONt8HQsHnWdQ,MS 4 C/4a
http://rdfh.ch/0112/roud-oeuvres/XyA1lJ1qS5asA0Ervd8KXQ,MS 4 C/14a
http://rdfh.ch/0112/roud-oeuvres/W0RxsVhMTOWuD4XImnSSAQ,MS 4 C/14a
http://rdfh.ch/0112/roud-oeuvres/0TOQdDJrRBm2BOuU8ivOTA,MS 4 C/14a
http://rdfh.ch/0112/roud-oeuvres/uSVtF5-1SKidKGth41xuUQ,MS 4 C/22a
http://rdfh.ch/0112/roud-oeuvres/lVl9Pd50TKGhsKlEOYSrng,MS 2 C/16a
http://rdfh.ch/0112/roud-oeuvres/TYFybyHRQWKGQDnC2yxClg,MS 4 D/6a
http://rdfh.ch/0112/roud-oeuvres/BN87uctCRTuodpQwHKf7AA,MS 4 D/6a
http://rdfh.ch/0112/roud-oeuvres/LBQUpJ7DQlyZeNf_8lw87w,MS 2 E/10a
http://rdfh.ch/0112/roud-oeuvres/oTWPpL6gShSkwrhPsflomQ,MS 4 D/22a
http://rdfh.ch/0112/roud-oeuvres/UWfycCshTPayHu_jhn0nNg,MS 4 D/22a
http://rdfh.ch/0112/roud-oeuvres/MAtEjeB8TWKYilYbqmV8Sw,COTE MANQUANTE
http://rdfh.ch/0112/roud-oeuvres/P7VpxSGaRrykToZb_OWk2Q,COTE MANQUANTE
http://rdfh.ch/0112/roud-oeuvres/XiyM1UPVQF-IVJRrh9eLDA,MS 5 A/20a
http://rdfh.ch/0112/roud-oeuvres/pF8tyfQtS2a3wt2i7cDeuA,MS 4 F/33a
http://rdfh.ch/0112/roud-oeuvres/glJJSsPqT4qVvLnQh5HMxA,CG 293
http://rdfh.ch/0112/roud-oeuvres/UDUxBp3ZRsC69dbFqGz3PQ,MS 4 F/35a
http://rdfh.ch/0112/roud-oeuvres/FH8d2XUzSmmfCMp4M0psUA,MS 4 F/32a
http://rdfh.ch/0112/roud-oeuvres/RAVqa_KCQBGjaILCJucQcQ,MS 4 E/11a
http://rdfh.ch/0112/roud-oeuvres/7yO7SjYaQhGwn4xaO-a4Xw,BIO 54
http://rdfh.ch/0112/roud-oeuvres/HU71ZppYTHuyhm31YRChnA,MS 4 B/17a
http://rdfh.ch/0112/roud-oeuvres/OFcm6ypoQUiD393Vp-Ds5g,MS 4 B/12a
http://rdfh.ch/0112/roud-oeuvres/14FgwZCaRfaifGCcLl4gOA,MS 4 B/11a
http://rdfh.ch/0112/roud-oeuvres/6QdBiym0T-uxy1adV0IfBA,MS 4 B/5a
http://rdfh.ch/0112/roud-oeuvres/ecWBwzNCR_Oqh2zrI0CE0Q,MS 4 A/7a
http://rdfh.ch/0112/roud-oeuvres/iRuJeMu5TdSS_G9WiMLcgQ,MS 4 A/7a
http://rdfh.ch/0112/roud-oeuvres/k_nZaLvGTGWnyDs0zp3rQQ,MS 2 F/1a
http://rdfh.ch/0112/roud-oeuvres/Tdn_16XBR_aBoZvtzAKfYg,CR 10/2
http://rdfh.ch/0112/roud-oeuvres/Llwga4kpQp21TVDJt4deYg,CG 363/1
http://rdfh.ch/0112/roud-oeuvres/lDnNn0bbSh-aZvTHAznXEA,CG 265/3
http://rdfh.ch/0112/roud-oeuvres/QAO8zpWpR6yVISmu0VlSLg,CG 265
http://rdfh.ch/0112/roud-oeuvres/qwHpnDYuTHqg0B_ATY4P9A,CG 265/3
http://rdfh.ch/0112/roud-oeuvres/OejlFdQ-QSaApunsv4Gv9Q,CG 265/2
http://rdfh.ch/0112/roud-oeuvres/BTZLitCUTTGrJFqCcnYXpg,CG 265
http://rdfh.ch/0112/roud-oeuvres/Ukkgk1uIRIa128QnWb4oVg,CG 479/3
http://rdfh.ch/0112/roud-oeuvres/UHmTzB6JR_aVOFNKtzI5gw,CG 481/4
http://rdfh.ch/0112/roud-oeuvres/fyuSkTPfRzCgtFvXB1QmsQ,CG 485/120
http://rdfh.ch/0112/roud-oeuvres/z5fmCopkT76rzuzimRECzg,CG 485/151
http://rdfh.ch/0112/roud-oeuvres/OqV-sHNiSmSj2UxTXU3usA,CG 503/3-4
http://rdfh.ch/0112/roud-oeuvres/qD5golgMScyPUoRChZwiFw,CG 446
http://rdfh.ch/0112/roud-oeuvres/MiGKubdjR96Tr2YvYy0Jqg,CG 531/16
http://rdfh.ch/0112/roud-oeuvres/K_6MUxV6TTaHsC2sAi_YsQ,CD 5/10-11
http://rdfh.ch/0112/roud-oeuvres/TVJRmEc8TjOyz12hxgJVDw,CRJ 32
http://rdfh.ch/0112/roud-oeuvres/q8JQ5IbATKSyTi2yPtYgeA,CRJ 42
http://rdfh.ch/0112/roud-oeuvres/TcZ0uF1WS0Cf7upg02iZhA,MS 2 E/4a
http://rdfh.ch/0112/roud-oeuvres/FMZFqDXAQaKLnEvMLio_hg,MS 2 E/4b
http://rdfh.ch/0112/roud-oeuvres/N8Baove5RPS9uQJzqzhfrA,CEI 20/C
http://rdfh.ch/0112/roud-oeuvres/_JZFA1wMQES9jE6fy8vKpw,CG 241
http://rdfh.ch/0112/roud-oeuvres/-J6wl2n1Qum_qm8eQZhQ9A,CEI 29/204
http://rdfh.ch/0112/roud-oeuvres/uwbQxV1USPmF0xoL2jMBXw,CEI 29/19
http://rdfh.ch/0112/roud-oeuvres/RT5-Rjv-TA6hjlVtjG-eeA,CEI 20/8/167
http://rdfh.ch/0112/roud-oeuvres/S7hqVQ6uS-S9SZl2mDwRQw,MS 4 D/17a
http://rdfh.ch/0112/roud-oeuvres/xYwoGGjISSiPzbK4pRBDbg,BIO 34/6
http://rdfh.ch/0112/roud-oeuvres/nbXVY6ytStKNICF61LE-GA,Bio 34/6
http://rdfh.ch/0112/roud-oeuvres/G9BMmDDOQbKN-oFrii2yRQ,BIO 34
http://rdfh.ch/0112/roud-oeuvres/4Shd6cNRQT-_dhHSfZt2lA,MS 5 A/2a
http://rdfh.ch/0112/roud-oeuvres/lSsGWXLiT-ClHf-2otvdaw,MS 5 A/6a
http://rdfh.ch/0112/roud-oeuvres/3pDvmL9nQGOd8pz-2N3n_g,Bio 30/C
http://rdfh.ch/0112/roud-oeuvres/9KN8pBaORYuBAFOrxd6ysg,Bibliothèque Roud
http://rdfh.ch/0112/roud-oeuvres/kB2oLZSVRIC9jOecOilA2g,Bibliothèque Roud
http://rdfh.ch/0112/roud-oeuvres/2LZhJ9ZNTQ-uOM7oOEv4RA,Bibliothèque Roud
http://rdfh.ch/0112/roud-oeuvres/0JzPwTp3S7WuUP93FYhpug,MS 2 B/2a
http://rdfh.ch/0112/roud-oeuvres/EifQJhnNSWqtuIx5VHeZLQ,MS 6 F3/3a
http://rdfh.ch/0112/roud-oeuvres/4GiMRyKURs-VI1VHaoPrTg,MS 6 A1/4a
http://rdfh.ch/0112/roud-oeuvres/yWdXuc9dTziM4lHV43ZlFQ,Lettres de Gustave Roud
http://rdfh.ch/0112/roud-oeuvres/brrjzW08RHC3FrJpTQdkVg,Lettres de Gustave Roud
http://rdfh.ch/0112/roud-oeuvres/EjDFdkI4T4eK5dyYQbI4ng,Lettres de Gustave Roud
http://rdfh.ch/0112/roud-oeuvres/I2lIZtIfSSynR3eTWPHXZQ,MS 2 D/1a
http://rdfh.ch/0112/roud-oeuvres/iLSicc0KSn-r9Bf6ab43aA,MS 2 E/10a
http://rdfh.ch/0112/roud-oeuvres/AdnLDNS8SveB3t5uZh0VPg,COTE MANQUANTE
http://rdfh.ch/0112/roud-oeuvres/R5mi2wpSQGGbCw2hZT5NHA,MS 2 F/4a
http://rdfh.ch/0112/roud-oeuvres/8GpfTLMqRFqyk1G2S0whJg,MS 2 F/5r
http://rdfh.ch/0112/roud-oeuvres/4Hhs4N7sQoy6HD4PKWawaw,MS 4 H/7a
http://rdfh.ch/0112/roud-oeuvres/t6dHpFwyRlOU48EoEAquCg,MS 4 F/24a
http://rdfh.ch/0112/roud-oeuvres/KMSVMhVVRQSvUSrzlFhU7Q,MS 4 F/29a
http://rdfh.ch/0112/roud-oeuvres/GmsUqJj_Tea--1WDKNtzFw,MS 4 F/30a
http://rdfh.ch/0112/roud-oeuvres/dTCgUuRMS3CT6r_COyoJVg,MS 4 F/28a
http://rdfh.ch/0112/roud-oeuvres/hetCOtDaQUq_E5VKSIkPKw,MS 4 F/29a
http://rdfh.ch/0112/roud-oeuvres/pOfx4_jsSJud5wjcoWF--g,A compléter au cours du travail
http://rdfh.ch/0112/roud-oeuvres/Hi2dp_1JTPq5aXuLE6pxNg,CRJ 42
http://rdfh.ch/0112/roud-oeuvres/XEwKWzH8Qr6sMPh-zIoVKg,MS 4 H/1a
http://rdfh.ch/0112/roud-oeuvres/a8EuF5BwTUaBm12YC1k9EA,MS 4 A/5a
http://rdfh.ch/0112/roud-oeuvres/NWqBXNmrQ1qO9OS9SnpW4g,COTE MANQUANTE
http://rdfh.ch/0112/roud-oeuvres/1dvlpXlYQjKkA45Hz3kdVQ,Bibliothèque de Roud
http://rdfh.ch/0112/roud-oeuvres/15fcCP15SQSH7lM1htlWHQ,MS 6 B2/4a
http://rdfh.ch/0112/roud-oeuvres/sWIOpxM5SneFfMm5aPzKbA,MS 5 B/4e
http://rdfh.ch/0112/roud-oeuvres/8C8ZYzNURKa5FLJVu3pN_w,A compléter au cours du travail
http://rdfh.ch/0112/roud-oeuvres/pSVHKnFgRdeHj7CYzKFd-w,BIO 15
http://rdfh.ch/0112/roud-oeuvres/F5FAYuAfRD-JKWWQquLjnA,MS 4 F/25a
http://rdfh.ch/0112/roud-oeuvres/dhJd3TlZQt-NVFNsZbBOtw,MS 1 H1/1a
http://rdfh.ch/0112/roud-oeuvres/l1HW7__MRWO7p3PfYYOkHg,Voir dans le dossier Requiem
http://rdfh.ch/0112/roud-oeuvres/2sWFFFv2ThS4F29hudSuYQ,Voir dans le dossier Requiem
http://rdfh.ch/0112/roud-oeuvres/2OZg4NGnQ-ea7MUZPZbpag,ACR1GD/1/11
http://rdfh.ch/0112/roud-oeuvres/0spP24QiRUSTX_Uet5SkFg,MS 1 A/3a
http://rdfh.ch/0112/roud-oeuvres/WDv_aFIFTmiFHo_mZIFqMg,MS 2 C/15a
http://rdfh.ch/0112/roud-oeuvres/-Rnhgo1bTOW7X3Oqpy9sog,MS 1 C/1b
http://rdfh.ch/0112/roud-oeuvres/ouZgOcdbQWK_IJr8uTy-jg,MS 1 C/3a
http://rdfh.ch/0112/roud-oeuvres/H6IvMe3kSjGbLXfwmuDNXA,MS 1 D/2a
http://rdfh.ch/0112/roud-oeuvres/Is6f_c_kQV2lsdxzQcmwow,MS 1 D/3a
http://rdfh.ch/0112/roud-oeuvres/dXmwI0DnRfC3uURNdO3tKg,MS 1 D/4c
http://rdfh.ch/0112/roud-oeuvres/QKyBsUJoRyW4JphDsWdRLQ,MS 1 A/1b
http://rdfh.ch/0112/roud-oeuvres/Ex3jc9T7T3ayU_D2Q90ecw,MS 1 E/1a
http://rdfh.ch/0112/roud-oeuvres/DcLryg5MT3upsjseZ7rMaA,MS 1 E/1b
http://rdfh.ch/0112/roud-oeuvres/-YUADplHQeOEH56qfSD-Jw,MS 1 E/3a
http://rdfh.ch/0112/roud-oeuvres/qHRtTBEyTBeKjgHeCNlHQQ,MS 1 E/4a
http://rdfh.ch/0112/roud-oeuvres/3EOFAvObT-eHtiYdswWorg,MS 1 E/6b
http://rdfh.ch/0112/roud-oeuvres/yhQJrcw_Ty6LaCKJpWHdIA,MS 1 E/7b
http://rdfh.ch/0112/roud-oeuvres/t50lRPyCTzuVc6HnWbEuSg,MS 1 F/1b
http://rdfh.ch/0112/roud-oeuvres/g-85Lo2CRL2kmQcQy7pAXQ,MS 1 G/1
http://rdfh.ch/0112/roud-oeuvres/zTDoFyw1RG6S-lXVoKMSzQ,MS 1 G/2b
http://rdfh.ch/0112/roud-oeuvres/GzU_WUaoQEiOiLzFv7NmVg,MS 1 G/3c
http://rdfh.ch/0112/roud-oeuvres/nvbhm0nBTyaaXA5BXZRWwQ,MS 1 G/4a
http://rdfh.ch/0112/roud-oeuvres/ioCpKzbRR9G0rnGJLGH_Qg,D-1-ROU-1
http://rdfh.ch/0112/roud-oeuvres/lPNfAB_QTtSk6JsxZSYRRg,D-1-ROU-2
http://rdfh.ch/0112/roud-oeuvres/vChG3q8sSp-G0GS4IAVD1A,D-1-ROU-3
http://rdfh.ch/0112/roud-oeuvres/LWt6jrtzRsyZHU2Qu3MQPA,D-1-ROU-4
http://rdfh.ch/0112/roud-oeuvres/dqzQm8rMRhK5tYjCGJ-MHQ,D-1-ROU-4
http://rdfh.ch/0112/roud-oeuvres/tryhAOpAS8afA7LJ6z6S8g,D-1-ROU-5
http://rdfh.ch/0112/roud-oeuvres/wpsNJssdSjyx3-5cJ-bT8A,D-1-ROU-6
http://rdfh.ch/0112/roud-oeuvres/Dc6KWBucRxeKsVh6JB1wJA,D-1-ROU-8
http://rdfh.ch/0112/roud-oeuvres/nIPEBH5ZRLmvHwKw-OdLwg,D-1-ROU-9
http://rdfh.ch/0112/roud-oeuvres/iMNh2qBzSXSdF_u-GG5j_A,D-1-ROU-10
http://rdfh.ch/0112/roud-oeuvres/QmE6PRXlQVGcjKcY7z2QAw,D-5-2-09/07
http://rdfh.ch/0112/roud-oeuvres/5wQhIh42TAiToQdD7Ku6UA,D-5-2-09/07
http://rdfh.ch/0112/roud-oeuvres/_52_yNjtRaa3VvlYr4Gg8Q,D-5-2-09/08
http://rdfh.ch/0112/roud-oeuvres/GsEcjBP5SWy-ad-UNzWQ-w,D-5-2-09/08
http://rdfh.ch/0112/roud-oeuvres/kFksx_XZQb6UF1e0hAjlOg,D-5-2-05/04
http://rdfh.ch/0112/roud-oeuvres/YFtJ5y_9T86SnJszkqdGFQ,D-5-2-05/04
http://rdfh.ch/0112/roud-oeuvres/pbky943WTbaRTJkEuQ8OPw,D-5-2-05/05
http://rdfh.ch/0112/roud-oeuvres/G4Sfaae-Rr2iMA-Nwo9HYw,D-5-2-05/05
http://rdfh.ch/0112/roud-oeuvres/DU6XIhJ_SSiLx4NaGBXpSg,MS 1 H1/2a
http://rdfh.ch/0112/roud-oeuvres/1L-Y6bRHQzGmoZesFv2t8g,MS 1 H1/2b
http://rdfh.ch/0112/roud-oeuvres/Kpj1xjGzRKqHFWPLVljnqw,MS 1 H1/3a
http://rdfh.ch/0112/roud-oeuvres/ueJwmgm1SFmWZqISbRVZeg,D-5-2-10/07
http://rdfh.ch/0112/roud-oeuvres/ixK69aK0Sjm48HTbxRKdYQ,MS 1 H1/3b
http://rdfh.ch/0112/roud-oeuvres/yI_11jkuQJqFTv_Z0UlW7A,D-5-2-10/07
http://rdfh.ch/0112/roud-oeuvres/GF8ULm7gShyV_-ZMQspcHg,MS 1 H1/3c
http://rdfh.ch/0112/roud-oeuvres/LFLVUNThQqawliIPSPHK4g,D-5-2-16/04
http://rdfh.ch/0112/roud-oeuvres/UiedBeOHRPW-fMYIgcGvBg,MS 1 H1/4a
http://rdfh.ch/0112/roud-oeuvres/IWZHxVnOS7Ww4e_arZEV9Q,D-5-2-25/03
http://rdfh.ch/0112/roud-oeuvres/Xcu_79L-RfqT-L7xuwXkKQ,MS 1 H1/4b
http://rdfh.ch/0112/roud-oeuvres/_7X8AhOFS02XbfwmFYk7yg,MS 1 H1/4c
http://rdfh.ch/0112/roud-oeuvres/2t4e-i_-SeKKYY-aQLAQBQ,MS 1 H1/4d
http://rdfh.ch/0112/roud-oeuvres/vNz3sXVdQLq0FMBxIMVvKA,D-5-2-27/04
http://rdfh.ch/0112/roud-oeuvres/bJ_CCQCwQDSHCtM6Dw-Tmg,MS 1 H1/4e
http://rdfh.ch/0112/roud-oeuvres/NRM-r-6OTbyn0E_HQfhOdQ,MS 1 H1/4f
http://rdfh.ch/0112/roud-oeuvres/VoqdEsw_RAOSrYB3b89MTA,D-5-2-27/04
http://rdfh.ch/0112/roud-oeuvres/yrAvUwwCSeGrkzQ2GdiCgQ,D-5-2-27/04
http://rdfh.ch/0112/roud-oeuvres/DU2E9MNUQLuxGRAlwDpdHw,D-5-2-99/01
http://rdfh.ch/0112/roud-oeuvres/cmQ5IzfvT_iIC1_8v95GYA,MS 4 C/14a
http://rdfh.ch/0112/roud-oeuvres/6Z4SqQZUQj2oqJiNXnJ3vQ,MS 1 H1/5a
http://rdfh.ch/0112/roud-oeuvres/3bf_CjgZSMeoB4YtSuve0w,MS 1 H1/6a
http://rdfh.ch/0112/roud-oeuvres/_E-DqRPFTruVM1PxJYHjQA,MS 1 H1/6c
http://rdfh.ch/0112/roud-oeuvres/GID6olreTSmOcF36XBqZug,MS 1 H1/6e
http://rdfh.ch/0112/roud-oeuvres/ityM1mgMTPO_6rGqxteJ-A,MS 1 H1/6f
http://rdfh.ch/0112/roud-oeuvres/QDqC2ENaQQ2omJueNErtOQ,MS 1 H2/1a
http://rdfh.ch/0112/roud-oeuvres/L41Mspy5TBaW9_2efd7mnQ,MS 1 H2/2a
http://rdfh.ch/0112/roud-oeuvres/Q0yzPCybQ6m-RKIO-8toZg,MS 1 H2/2b
http://rdfh.ch/0112/roud-oeuvres/7ZadSekgRmqwbQCD4HVoTQ,MS 1 H2/2c
http://rdfh.ch/0112/roud-oeuvres/HA-5vXSvRdCfreloB9w8hg,MS 1 H2/2d
http://rdfh.ch/0112/roud-oeuvres/nubrUADhTdygSdX5P4BM8w,MS 1 H2/2e
http://rdfh.ch/0112/roud-oeuvres/visttUpBRv68M7pLk6cfIw,MS 1 H2/3a
http://rdfh.ch/0112/roud-oeuvres/KQrCOEQkSCeYKEhuF-PH0g,MS 1 H2/4a
http://rdfh.ch/0112/roud-oeuvres/kGf1ARXtSq2FqU3G8ObysQ,MS 1 H2/4a
http://rdfh.ch/0112/roud-oeuvres/nhRwo4pwQFWCsRSHDTjMhQ,MS 1 H2/4a
http://rdfh.ch/0112/roud-oeuvres/PsztlbNYRniNkicJsrbvsA,MS 1 H2/4a
http://rdfh.ch/0112/roud-oeuvres/xx1KWnQISTGod7eqyZuNtA,MS 1 H2/4b
http://rdfh.ch/0112/roud-oeuvres/6EwRXzs1Sxy2hoDkjm5qeg,MS 1 H2/4c
http://rdfh.ch/0112/roud-oeuvres/znXoGTWlR0Caaabvzo5qow,MS 1 H2/5a
http://rdfh.ch/0112/roud-oeuvres/K4_bni12Sz2uvy92I3PPCg,MS 1 H2/5b
http://rdfh.ch/0112/roud-oeuvres/sMhZGF23R8alZX1hHyOYZw,MS 1 H2/5c
http://rdfh.ch/0112/roud-oeuvres/8lKTBCzSSA6WxYggd1G_Ow,MS 1 H2/5d
http://rdfh.ch/0112/roud-oeuvres/RXM5cKkUQnKlSh37ov1RqA,MS 1 H2/5e
http://rdfh.ch/0112/roud-oeuvres/ZC18xFIGQ7GqZBjMfeoPJA,MS 1 H2/5f
http://rdfh.ch/0112/roud-oeuvres/yqshrCy5RauA_CSqyVe__w,MS 1 H2/5g
http://rdfh.ch/0112/roud-oeuvres/MaRVj9UWRq6l3a3VJVaH6g,MS 1 H2/5a
http://rdfh.ch/0112/roud-oeuvres/xqSoWv6nQk-lyFP1J-hShw,MS 1 H2/6a
http://rdfh.ch/0112/roud-oeuvres/tvYQlcXaSM2E5kwzN5hHDw,MS 1 H2/6b
http://rdfh.ch/0112/roud-oeuvres/f3xeMFtTQySPAu2ZVdtzGw,MS 1 H2/11a
http://rdfh.ch/0112/roud-oeuvres/YTsvrjHzSo2LdzXcVDbsDw,MS 1 H2/6c
http://rdfh.ch/0112/roud-oeuvres/5OUgBcuVTjOrHR-jsYDsDg,MS 1 H2/5g
http://rdfh.ch/0112/roud-oeuvres/VVz0lizST--M9RTmAbUaKA,MS 1 H2/7a
http://rdfh.ch/0112/roud-oeuvres/oc0i6KmiRGakFuYcaDSExA,MS 1 H2/7b
http://rdfh.ch/0112/roud-oeuvres/8iS4yGf4TXahgnPsGiYAwQ,MS 1 H2/7c
http://rdfh.ch/0112/roud-oeuvres/T_WuRLidTe-9HJRk1D7YYg,MS 1 H2/7d
http://rdfh.ch/0112/roud-oeuvres/P2jqiuylS8GUIhBoahxnfQ,MS 1 H2/7e
http://rdfh.ch/0112/roud-oeuvres/pWULIvN7QOisr53zgVMmGg,MS 1 H2/7f
http://rdfh.ch/0112/roud-oeuvres/pjltrE6qRyuvDr2naz02JA,MS 1 H2/7f
http://rdfh.ch/0112/roud-oeuvres/i9YguxOIQKSj63Hf_53nMw,MS 1 H2/9a
http://rdfh.ch/0112/roud-oeuvres/O3wAAxonQY6zRQgWkFdCRA,MS 1 H2/9a
http://rdfh.ch/0112/roud-oeuvres/YCBMwaaOQt6cbNvljVQkJw,MS 1 H2/7g
http://rdfh.ch/0112/roud-oeuvres/m8BtdlH7RDOhlCWzhkI14w,MS 1 H2/7h
http://rdfh.ch/0112/roud-oeuvres/Pb9V3qLYQUSICJc6gJd6fA,MS 1 H2/8a
http://rdfh.ch/0112/roud-oeuvres/OTR2nRCNTTyWc3s74bSjyg,MS 1 H2/8b
http://rdfh.ch/0112/roud-oeuvres/ptJX9wp4Qk2wWSZWUDTQkg,MS 1 H2/8b
http://rdfh.ch/0112/roud-oeuvres/V5l63T3kQGmVXvaUHCSkrA,MS 1 H2/8c
http://rdfh.ch/0112/roud-oeuvres/75VkF9BZR72l7Iu41h_nhg,MS 1 H2/8d
http://rdfh.ch/0112/roud-oeuvres/QcSsCEJCRfuzWqcoq6AqUA,MS 1 H2/8e
http://rdfh.ch/0112/roud-oeuvres/XZaJ4j4CQaOtHMJJ-FcJlg,MS 1 H2/9b
http://rdfh.ch/0112/roud-oeuvres/nb2UKeJ2SD2_vLWvH2IW7w,MS 1 H2/9c
http://rdfh.ch/0112/roud-oeuvres/dLZh7RHCQf-qojoE95YC6g,MS 1 H2/9c
http://rdfh.ch/0112/roud-oeuvres/QGSlS9tuTjyw71tvucKQrA,MS 1 H2/9d
http://rdfh.ch/0112/roud-oeuvres/KC39elszQaqY4ADNFSSIeQ,MS 1 H2/9e
http://rdfh.ch/0112/roud-oeuvres/-DZtAHmUS3aaX5MmX6Kmug,MS 1 H2/9f
http://rdfh.ch/0112/roud-oeuvres/9nEnl31qQxKG1zqXC4UE-Q,MS 1 H2/10a
http://rdfh.ch/0112/roud-oeuvres/Umrc3d88RcCWqVQCI8rlyQ,MS 1 H2/10b
http://rdfh.ch/0112/roud-oeuvres/fGwIhri6QoOnTX11ZlnJqQ,MS 1 H2/10b
http://rdfh.ch/0112/roud-oeuvres/OF2Z0ylSS_-v9QLByZchVQ,MS 1 H2/10c
http://rdfh.ch/0112/roud-oeuvres/OtjUWMWZRi6gcVQ78uqKRA,MS 1 H2/10d
http://rdfh.ch/0112/roud-oeuvres/jU8M7dECQim96UXwtT7A7A,MS 1 H2/10e
http://rdfh.ch/0112/roud-oeuvres/Aau2DzCMQUmb5xc04EuDrA,MS 1 H2/10f
http://rdfh.ch/0112/roud-oeuvres/KzmGBTwJSeO6d3SVB55YJg,MS 1 H2/10g
http://rdfh.ch/0112/roud-oeuvres/XoNOM9Z-QXCvE2O1s3_SmA,MS 1 H2/10h
http://rdfh.ch/0112/roud-oeuvres/R7t-KrX9RcqcyPZ1gTgBRQ,MS 1 H2/14a
http://rdfh.ch/0112/roud-oeuvres/bKKKgT2VT_i8T_oSvFULnQ,MS 1 H2/15a
http://rdfh.ch/0112/roud-oeuvres/X_7sqJWvS2G267iF3EoWpw,MS 1 H2/16a
http://rdfh.ch/0112/roud-oeuvres/FMXQZpKTQkuC83NFh_daww,MS 1 H2/17a
http://rdfh.ch/0112/roud-oeuvres/HQ75ityVTXmvNWEIQWbYUw,MS 1 H2/18a
http://rdfh.ch/0112/roud-oeuvres/dbEus1QCQoOIuMi4yuyhHA,MS 1 H2/11b
http://rdfh.ch/0112/roud-oeuvres/9MLK46sCQtCEw_VLnhERbQ,MS 1 H2/11c
http://rdfh.ch/0112/roud-oeuvres/SaT82qWmRDOn29W0ocJUMQ,MS 1 H2/11d
http://rdfh.ch/0112/roud-oeuvres/4eIUtxu6RmGUOgtaJqZQkQ,MS 1 H2/12a
http://rdfh.ch/0112/roud-oeuvres/vsj85JXYT2etjOKUelqneg,MS 1 H2/12b
http://rdfh.ch/0112/roud-oeuvres/gQ0YmdC4QEC-4cOo1xEnsg,MS 1 H2/12c
http://rdfh.ch/0112/roud-oeuvres/SO2xylZwStySX1kZ_CnXXA,MS 1 H2/12d
http://rdfh.ch/0112/roud-oeuvres/UAfP5y7pTAecxaBARpiwgg,MS 1 H2/12e
http://rdfh.ch/0112/roud-oeuvres/3XXzMthbT0CJzGmpjTC9Lw,MS 1 H2/12f
http://rdfh.ch/0112/roud-oeuvres/s6Ul_TEXR32PDV6LezIwfA,MS 1 H2/13a
http://rdfh.ch/0112/roud-oeuvres/-nx4YkRHRYeFiU1BWR1hrA,MS 1 H2/13a
http://rdfh.ch/0112/roud-oeuvres/5yCWTMnmQqaNwibnkOT4MQ,MS 1 H2/13b
http://rdfh.ch/0112/roud-oeuvres/QYfCmepPRWyvaWwReMlhcg,MS 1 H2/13c
http://rdfh.ch/0112/roud-oeuvres/qFC0b8ckToaAmzChid9Ohg,MS 1 H2/13d
http://rdfh.ch/0112/roud-oeuvres/Dki4mMhxRl2Q6NIaLDwNAA,MS 1 H2/13e
http://rdfh.ch/0112/roud-oeuvres/dswXc0EMQymFgCaqwGH0-Q,MS 1 H2/13f
http://rdfh.ch/0112/roud-oeuvres/1gky3WSaSImJ04rPGP8B4Q,MS 1 H2/13f
http://rdfh.ch/0112/roud-oeuvres/Us1iU6ChQ1a9b7NQyJVoXw,MS 1 H2/13g
http://rdfh.ch/0112/roud-oeuvres/dA42BwBmQ-at14qOedwd2w,MS 1 H2/13h
http://rdfh.ch/0112/roud-oeuvres/WgrY_zX1SuO4dMbLTSTc2w,MS 1 H2/13i
http://rdfh.ch/0112/roud-oeuvres/-hRfhGUQTSOddfEs_J9rrA,MS 1 H2/13j
http://rdfh.ch/0112/roud-oeuvres/UKeP7sOCTqGdiQZ7OHQYjg,MS 1 H2/13k
http://rdfh.ch/0112/roud-oeuvres/V0y1MjujSs-L8nKxGyw3MQ,MS 1 I/2b
http://rdfh.ch/0112/roud-oeuvres/xVz48n8YTYqix3OeP9JVog,MS 1 I/2c
http://rdfh.ch/0112/roud-oeuvres/92u4IlLZQ4KTt7I-t4fnhA,MS 1 I/3a
http://rdfh.ch/0112/roud-oeuvres/uZbtf0GYR8Ok_xRBpT5OUA,MS 1 I/4a
http://rdfh.ch/0112/roud-oeuvres/Gn067fZBSmas9B0yFbDdvQ,MS 1 I/4b
http://rdfh.ch/0112/roud-oeuvres/AF54PIzRTBa9xzcMjTVnww,MS 1 I/4c
http://rdfh.ch/0112/roud-oeuvres/TWKWRnuTRU6H-RB4mol0Fw,MS 1 I/4d
http://rdfh.ch/0112/roud-oeuvres/65DVSo2hSQOCG22wjuEgDg,D-1-ROU-5
http://rdfh.ch/0112/roud-oeuvres/CAYs36gSSTCTb7vEkL0p-g,D-1-ROU-7
http://rdfh.ch/0112/roud-oeuvres/UR_G-7qwR964UAM6kq-OIw,MS 1 I/5a
http://rdfh.ch/0112/roud-oeuvres/FnA8ZvE5T3SYVl4bhaVhAw,MS 1 I/5b
http://rdfh.ch/0112/roud-oeuvres/8DppTdtJTsyKpDMEAuEefA,MS 1 I/6a
http://rdfh.ch/0112/roud-oeuvres/LUTrmPecQwu8Wv-1BCIpKg,MS 1 I/7a
http://rdfh.ch/0112/roud-oeuvres/wsPDIitERXuWD6DQ7OPhbg,MS 1 I/7b
http://rdfh.ch/0112/roud-oeuvres/mr8JbnxxS9O0sB8BapjR6Q,MS 1 I/7c
http://rdfh.ch/0112/roud-oeuvres/Y65mJE9aRq6MGv1BrrqylQ,MS 1 I/8d
http://rdfh.ch/0112/roud-oeuvres/dvI8Mk7IToCGgJPSNypFbQ,MS 1 I/9a
http://rdfh.ch/0112/roud-oeuvres/lijmZJ3XTmOQPqQ25HLxqg,MS 1 I/10a
http://rdfh.ch/0112/roud-oeuvres/MiNXy5xSQU-MYfQYRe3g-w,MS 1 I/12a
http://rdfh.ch/0112/roud-oeuvres/tO5gVa6BTEWhN539v3NEqw,MS 1 I/10b
http://rdfh.ch/0112/roud-oeuvres/6ddnDq5VQZuszEzUpuDGmw,MS 1 I/12b
http://rdfh.ch/0112/roud-oeuvres/7ywyjgwlSAm9U3jrlzOhoQ,MS 1 I/12c
http://rdfh.ch/0112/roud-oeuvres/3JUW0hveTW6NP5mk4Z_XRg,MS 1 I/11a
http://rdfh.ch/0112/roud-oeuvres/RSmTAlETRGWPQ0V_JnFiog,MS 1 I/12d
http://rdfh.ch/0112/roud-oeuvres/pMapMgxIQPOTju14d63aaw,"IS 4391, boîte 52"
http://rdfh.ch/0112/roud-oeuvres/LYE7zxlkSC6On7j0U5xv4Q,"IS 4391, boîte 52"
http://rdfh.ch/0112/roud-oeuvres/yEZdT1xISyiSQWGiK9zWkw,MS 1 I/12e
http://rdfh.ch/0112/roud-oeuvres/fuUFQ-PlT4a44gWlUS-Wzg,MS 1 I/12f
http://rdfh.ch/0112/roud-oeuvres/JHZH-5ozQy2RnJ4b9CwPjA,MS 1 I/14a
http://rdfh.ch/0112/roud-oeuvres/Bv1p9GBESweVJ2ykHnMHTQ,MS 4 A/1a
http://rdfh.ch/0112/roud-oeuvres/98n8rU37ReqHEcoHRA1qTA,MS 4 A/2a
http://rdfh.ch/0112/roud-oeuvres/CI8J0F4FRKiggwtjOdF3wg,MS 4 A/3a
http://rdfh.ch/0112/roud-oeuvres/kmunQ4gfQ7i5z9dI20HBmQ,MS 4 A/4a
http://rdfh.ch/0112/roud-oeuvres/X0HGVOkgSMaWOtHQuEW6gw,MS 4 A/6a
http://rdfh.ch/0112/roud-oeuvres/GPWFFD27Te2MWACMgV3dfQ,MS 4 A/7a
http://rdfh.ch/0112/roud-oeuvres/xy4rPVTjSNOdtcPKfLNDdw,MS 5 A/15a
http://rdfh.ch/0112/roud-oeuvres/-U6Z2cIXS0GNtdJzhMqqqg,MS 4 A/8a
http://rdfh.ch/0112/roud-oeuvres/npge6PG4QmulRwODEiyDBA,MS 4 A/9a
http://rdfh.ch/0112/roud-oeuvres/_elorvmUROGciudzl9kiwg,MS 4 A/10a
http://rdfh.ch/0112/roud-oeuvres/W8o0pY7FTdWsssqEIpoKnw,MS 4 A/11a
http://rdfh.ch/0112/roud-oeuvres/gDL0r7tZSomwqOJT70qfPg,MS 4 A/12a
http://rdfh.ch/0112/roud-oeuvres/YTeKVPFDQcuPg3zMNe32ww,MS 4 A/13a
http://rdfh.ch/0112/roud-oeuvres/VogWLUS5R-6gJp11WiOrvA,MS 4 A/14a
http://rdfh.ch/0112/roud-oeuvres/gC7ALVB2Q9iI6zoeSTSAFA,MS 4 B/1a
http://rdfh.ch/0112/roud-oeuvres/9blmP3e2RGm2bzSvgjpHnw,MS 4 B/2a
http://rdfh.ch/0112/roud-oeuvres/XbSspQEgSOef8TMZknz0xQ,MS 4 B/3a
http://rdfh.ch/0112/roud-oeuvres/DxAQNPFtTzasloBlRmimvg,MS 4 B/4a
http://rdfh.ch/0112/roud-oeuvres/lLmqvjfzSOOvzF4srBqeQg,MS 4 B/7a
http://rdfh.ch/0112/roud-oeuvres/5uc5-_2FR7SqFNs93XGAdg,MS 4 B/8a
http://rdfh.ch/0112/roud-oeuvres/gEWpzia5TYOdjmjzp1TyBg,MS 4 B/9a
http://rdfh.ch/0112/roud-oeuvres/jS0Jc6cYSxeZ0ryMX8J3qA,MS 4 B/10a
http://rdfh.ch/0112/roud-oeuvres/zx7JmJD-TGGyHT1WSkireg,MS 4 B/13a
http://rdfh.ch/0112/roud-oeuvres/xHLKvVqaQR2BxxeTxDbEvw,MS 4 B/14a
http://rdfh.ch/0112/roud-oeuvres/dA49bqflSnKj63Y7sirmHw,MS 4 B/15a
http://rdfh.ch/0112/roud-oeuvres/gCz1bi4PQMCUtigviW_mSg,MS 4 C/9a
http://rdfh.ch/0112/roud-oeuvres/IXumYYjQQTmhzvrSJSEohg,MS 4 C/10a
http://rdfh.ch/0112/roud-oeuvres/vwoHDHf5Tj6AOHRVX0OopQ,MS 4 C/11a
http://rdfh.ch/0112/roud-oeuvres/GjodauVSTvqRHzemhA9Xww,MS 4 B/16a
http://rdfh.ch/0112/roud-oeuvres/ikql-wbUTkyWNw8JhL1JMQ,MS 4 B/17a
http://rdfh.ch/0112/roud-oeuvres/0KB8QkAUQkKLzjCtWG7ZaQ,MS 4 C/12a
http://rdfh.ch/0112/roud-oeuvres/OhcbF7brQYmq4rakbyoJEw,MS 4 B/18a
http://rdfh.ch/0112/roud-oeuvres/sfK6Z6cgQOCI5jk-jLaTBQ,MS 4 B/19a
http://rdfh.ch/0112/roud-oeuvres/qEyiojWhQTqYaLgq3nkBzA,MS 106/76
http://rdfh.ch/0112/roud-oeuvres/KsoxBKhHRUOA7N44gtYkGQ,ACRGD1/1/2
http://rdfh.ch/0112/roud-oeuvres/253IbUvXRT294cvJYVpfZA,ACR1GD/1/1
http://rdfh.ch/0112/roud-oeuvres/RLBOuY9MQRK05JCN6cmfbw,ACR1GD/1/3
http://rdfh.ch/0112/roud-oeuvres/PZM-WQwYRpmYKC4O0ui5fw,ACRGD1/1/4
http://rdfh.ch/0112/roud-oeuvres/Ji6OPpaJRd6DZE-FnPXNdg,ACRGD1/1/5
http://rdfh.ch/0112/roud-oeuvres/yGQdxhM7RF-7eK14xuzKWQ,ACRGD1/1/6
http://rdfh.ch/0112/roud-oeuvres/pmha2zP_Q4q_zqzkfPNXqQ,ACRGD1/1/7
http://rdfh.ch/0112/roud-oeuvres/MUIwDBvBQvm_SNDWNIetRA,ACRGD1/1/8
http://rdfh.ch/0112/roud-oeuvres/khv2VZYvSh-8rcaYDq9MLQ,ACRGD1/1/9
http://rdfh.ch/0112/roud-oeuvres/LIvzCBu9QW-cxeTmqq8LXA,ACRGR1/1/8
http://rdfh.ch/0112/roud-oeuvres/35QMPBZpQfSUIBbFiGkrrw,ACRGD1/1/10
http://rdfh.ch/0112/roud-oeuvres/fM51RbI8QJWDYW7J-ydFAw,MS 4 B/20a
http://rdfh.ch/0112/roud-oeuvres/OqIuTTsCRIGKrZcTQVQorw,MS 4 C/1a
http://rdfh.ch/0112/roud-oeuvres/PSEPTKa1Q4e3MhkA9zfcTg,MS 4 C/1b
http://rdfh.ch/0112/roud-oeuvres/nWbOK9RwRxK3JrDc9Gu7wQ,MS 4 C/1c
http://rdfh.ch/0112/roud-oeuvres/hiO1t7AfScm5XWDEXn7fPA,MS 4 C/13a
http://rdfh.ch/0112/roud-oeuvres/4XT6s5k-QsqKsgbV5H4FDg,MS 4 C/14a
http://rdfh.ch/0112/roud-oeuvres/wZ5FQlbzTv6MdMWiF9wzRg,MS 4 C/2a
http://rdfh.ch/0112/roud-oeuvres/xUAiOWffTJ2TwstxrGPBuw,MS 4 C/15a
http://rdfh.ch/0112/roud-oeuvres/tc8n-1q-QoyKSCFmONt3mA,MS 4 C/16a
http://rdfh.ch/0112/roud-oeuvres/4TAa5f2BTJ-GWVLusq8gGQ,MS 4 C/3a
http://rdfh.ch/0112/roud-oeuvres/yS9BTLDuSdaKpP-gR9fPww,MS 4 C/4a
http://rdfh.ch/0112/roud-oeuvres/GO4Rv7I4Ss2khdsJOmJN1A,MS 4 C/5a
http://rdfh.ch/0112/roud-oeuvres/UM0xGFn-R1ypJmqtF46kzw,MS 4 C/6a
http://rdfh.ch/0112/roud-oeuvres/0BvvBwDKS4-W0d9_587pmg,MS 4 C/7a
http://rdfh.ch/0112/roud-oeuvres/Qyk5ih3qQ7KWSEE6pv2zFQ,MS 4 C/8a
http://rdfh.ch/0112/roud-oeuvres/JCo3W4RLTr-wu_ckULPErA,MS 106/66
http://rdfh.ch/0112/roud-oeuvres/BQvBlKmYTWSF9M4tmI0ZUg,MS 4 C/18a
http://rdfh.ch/0112/roud-oeuvres/mSNfSc8AR7qMYoAnJ3nUzg,MS 4 C/19a
http://rdfh.ch/0112/roud-oeuvres/_3sXj7bxTVae-ERBa2N7mQ,MS 4 C/20a
http://rdfh.ch/0112/roud-oeuvres/-1HKeEeuQpubwCgofrK_3Q,MS 4 C/21a
http://rdfh.ch/0112/roud-oeuvres/F5Ng67mETg62ypaD5Uuksw,MS 4 C/22a
http://rdfh.ch/0112/roud-oeuvres/FCHAnqGJT6yOJHFRDPIK9Q,MS 4 C/22a
http://rdfh.ch/0112/roud-oeuvres/xMyUSQkZQq2RXD0CccwfmQ,MS 2 B/2b
http://rdfh.ch/0112/roud-oeuvres/da9P4nQrRCWFM5dLSAI5FQ,MS 2 B/3a
http://rdfh.ch/0112/roud-oeuvres/6SXHjS_rQIaFO_lVs8cFyg,MS 2 B/4a
http://rdfh.ch/0112/roud-oeuvres/xojn56jeQFCZzy6PKKsBeQ,MS 2 C/1a
http://rdfh.ch/0112/roud-oeuvres/f4g-DBfyQ4W6j6Adec14CQ,MS 2 C/2a
http://rdfh.ch/0112/roud-oeuvres/2OZgcqAJTE-V6epAoMVLTA,MS 2 C/3a
http://rdfh.ch/0112/roud-oeuvres/ryv7h7nMSrSDS8X4fobobQ,MS 2 C/3a
http://rdfh.ch/0112/roud-oeuvres/j4qAI4DJT5iMWb6QMoZ05g,MS 2 C/3a
http://rdfh.ch/0112/roud-oeuvres/Z4VvuIO9RVSmppFoQppvEg,MS 2 C/3a
http://rdfh.ch/0112/roud-oeuvres/R4UlsVreRY6n3ncw8eY6ig,MS 2 C/3a
http://rdfh.ch/0112/roud-oeuvres/W_26YVEXSUaYr3RjUuL4ww,MS 2 C/3a
http://rdfh.ch/0112/roud-oeuvres/5pm5bIxeR_Cozz2VIIsOtw,MS 2 C/3b
http://rdfh.ch/0112/roud-oeuvres/4uQ-mbBGRlCo3QRCw1PKFQ,MS 2 C/4a
http://rdfh.ch/0112/roud-oeuvres/qRYvzvomSVC6RV9LmcdaHw,MS 2 C/5a
http://rdfh.ch/0112/roud-oeuvres/W0mUsltPTyi8QkkW_otP6A,MS 2 C/5b
http://rdfh.ch/0112/roud-oeuvres/W0zU7h9LTzuXi57R_ulDUg,MS 2 C/6b
http://rdfh.ch/0112/roud-oeuvres/3m6mYRAYShCHBgDSMNXPaQ,MS 2 C/8a
http://rdfh.ch/0112/roud-oeuvres/-gpxdusmR3u0dtUgEGAqMA,MS 2 C/9a
http://rdfh.ch/0112/roud-oeuvres/CBFEfWpnT1Gx5uOVOgZfWA,MS 2 C/9b
http://rdfh.ch/0112/roud-oeuvres/7xwa9bvtRayGWfEKoPjOIQ,MS 2 C/10a
http://rdfh.ch/0112/roud-oeuvres/amSayAq7SOaAypbMRtnaJA,MS 2 C/11a
http://rdfh.ch/0112/roud-oeuvres/_qkkDGkIR_KTBz1bH2A7Nw,MS 2 C/12a
http://rdfh.ch/0112/roud-oeuvres/tf8MR8h7Tg2a1fQ4EFfz4Q,"IS 4359 – Lettres de et à Albert Mermoud / Ramuz, Roud"
http://rdfh.ch/0112/roud-oeuvres/vG0O91nzRWuwx7r3fAaiXw,MS 2 C/14a
http://rdfh.ch/0112/roud-oeuvres/kRG-8OXEQ5CLzO7ji2mwzw,MS 2 C/14b
http://rdfh.ch/0112/roud-oeuvres/6n7p4iLJQd-osqZDsaVfyQ,MS 4 C/23a
http://rdfh.ch/0112/roud-oeuvres/aIj9ig65StWhkgPlLnxR1g,MS 4 C/24a
http://rdfh.ch/0112/roud-oeuvres/VYZoeEiDRFSJ_PoObSPMpQ,MS 6 A1/1a
http://rdfh.ch/0112/roud-oeuvres/T9rABYDIQUiuHtvzdPF1Gg,MS 4 C/25a
http://rdfh.ch/0112/roud-oeuvres/UH6Aaw1LT3uYjihzWG50Qg,MS 4 C/26a
http://rdfh.ch/0112/roud-oeuvres/WLE2e3fMRzq_0sdQI5RZ-A,MS 6 A1/2a
http://rdfh.ch/0112/roud-oeuvres/APyujCLfSqeNC6CT9QF_xA,MS 4 C/27a
http://rdfh.ch/0112/roud-oeuvres/ApFKRX1GTSyEsZ2hQ144pQ,MS 6 A1/2b
http://rdfh.ch/0112/roud-oeuvres/jtAd7QX0TpyfQxmExfYTLA,MS 4 C/28a
http://rdfh.ch/0112/roud-oeuvres/SwK2ZSD1Qf2kzGUHSj51zw,MS 6 A1/2c
http://rdfh.ch/0112/roud-oeuvres/bpGVKDgnSHajCuE5hWbe4g,MS 4 C/29a
http://rdfh.ch/0112/roud-oeuvres/F-90ZB_oQRSmU7lKsrHahg,MS 4 C/30a
http://rdfh.ch/0112/roud-oeuvres/mfVhNfMmRuGNkhN8oM6NXQ,MS 6 A1/3a
http://rdfh.ch/0112/roud-oeuvres/uFNB2LODQgSTtm8tRtMFUQ,MS 6 A1/3b
http://rdfh.ch/0112/roud-oeuvres/yOR3sIo6T-C_MWZ6uGv_8w,MS 6 A1/3c
http://rdfh.ch/0112/roud-oeuvres/LMqs8TiYQ_OxvZqgEQSJAg,MS 6 A1/3a
http://rdfh.ch/0112/roud-oeuvres/JqIbJ-ohSra1UBbNRhXm9g,MS 4 D/1a
http://rdfh.ch/0112/roud-oeuvres/lCidgTdaTa6V6BVmUStC4A,MS 4 D/2a
http://rdfh.ch/0112/roud-oeuvres/S0MyHlm7Txu-ytk19_XpAw,MS 6 A2/1a
http://rdfh.ch/0112/roud-oeuvres/J69PkzMCRfGLKUoh5nhBJg,MS 4 D/3a
http://rdfh.ch/0112/roud-oeuvres/uQaiKlyGSXO-OBW4cd-bug,MS 6 A2/2a
http://rdfh.ch/0112/roud-oeuvres/90Kuh8q6QoypOEgiIlN7Ag,MS 4 D/4a
http://rdfh.ch/0112/roud-oeuvres/P8ZBr9pxRCmdmEusyGOn1w,MS 6 A3/1a
http://rdfh.ch/0112/roud-oeuvres/FcWkoXQQQjeNot1sxnX8MQ,MS 4 D/5a
http://rdfh.ch/0112/roud-oeuvres/grNi2LITRaWfsdsiYH-FnA,MS 6 A3/2a
http://rdfh.ch/0112/roud-oeuvres/Nz7bMCx2TISShfkYTCeDdQ,MS 6 A3/3a
http://rdfh.ch/0112/roud-oeuvres/UNrs9XAVR-OvecS2x8f1EQ,MS 4 D/6a
http://rdfh.ch/0112/roud-oeuvres/dy8ng5zeSbSEHp8OTmW4AQ,MS 4 D/6a
http://rdfh.ch/0112/roud-oeuvres/hlB-hMOZSNyBF36trmyH0w,MS 6 A3/4a
http://rdfh.ch/0112/roud-oeuvres/q4ZHO19jTFKANWIdA5zp_g,MS 4 D/6a
http://rdfh.ch/0112/roud-oeuvres/jlauAWiGR5i2Ru2tPHcmBA,MS 6 B1 /1a
http://rdfh.ch/0112/roud-oeuvres/4mNael7NQnmkrmeVq5Au9w,MS 4 D/6a
http://rdfh.ch/0112/roud-oeuvres/-g4tb_m8SAi9jCL8E9gerg,MS 6 B1/2a
http://rdfh.ch/0112/roud-oeuvres/3T3qzEEtQfCUxYbwAqup1w,MS 4 D/7a
http://rdfh.ch/0112/roud-oeuvres/zK3NicwNRrWeK4dLF_1duw,MS 6 B1/2b
http://rdfh.ch/0112/roud-oeuvres/1f3A6FLdQ46N_uAW7iphlg,MS 6 B1/2c
http://rdfh.ch/0112/roud-oeuvres/MulhgNEORFaN6Oc26DuedQ,MS 4 D/8a
http://rdfh.ch/0112/roud-oeuvres/HOCf_chgS42qinZKnk1pRQ,MS 6 B1/3a
http://rdfh.ch/0112/roud-oeuvres/TGcMN4WaS6-L7_3rFbX_dA,MS 4 D/9a
http://rdfh.ch/0112/roud-oeuvres/a0mBmkRlSMi01lpD7QAOuA,MS 4 D/10a
http://rdfh.ch/0112/roud-oeuvres/4O_qsVzlQz6NNcpgAbJAvA,MS 4 D/10a
http://rdfh.ch/0112/roud-oeuvres/VZJhAZpTScyUX9lB9NF8CQ,MS 6 B1/3b
http://rdfh.ch/0112/roud-oeuvres/rruZQ-sET72NJembnyJX9Q,MS 4 D/11a
http://rdfh.ch/0112/roud-oeuvres/BbdAp_VLQquHW1IN_6wj-g,MS 6 B1/3c
http://rdfh.ch/0112/roud-oeuvres/5__oRWIWRYKLBVUi8FzNOg,MS 4 D/12a
http://rdfh.ch/0112/roud-oeuvres/sZdz--3nTi-S8OBAiFsnrg,MS 4 D/13a
http://rdfh.ch/0112/roud-oeuvres/pntDuMI4QyqX5-SzN5bwEQ,MS 4 D/13a
http://rdfh.ch/0112/roud-oeuvres/h-UTr4KgTLWU44_7nTxYrQ,MS 4 D/13a
http://rdfh.ch/0112/roud-oeuvres/6IuiDNLaQSiivwNiw6jPgA,MS 4 D/14a
http://rdfh.ch/0112/roud-oeuvres/gYt_UsmIRKyVctvUKLKsqw,MS 4 D/15a
http://rdfh.ch/0112/roud-oeuvres/l5E3cebuQH-8AvjQLLmRxA,MS 4 D/15a
http://rdfh.ch/0112/roud-oeuvres/LMV2cEELRuioIiNBsDjP_g,MS 6 B1/4a
http://rdfh.ch/0112/roud-oeuvres/DKNOCJkxTNuN1N9vgjMBBA,MS 4 D/16a
http://rdfh.ch/0112/roud-oeuvres/2cxYSq-mRHKWv03qTYGlCA,MS 6 B1/5a
http://rdfh.ch/0112/roud-oeuvres/FpMbBjNKTWa4-gi9iEvmpg,MS 6 B1/5b
http://rdfh.ch/0112/roud-oeuvres/NnQDR1aCRuasKigC2nIXRA,MS 6 B1/5c
http://rdfh.ch/0112/roud-oeuvres/L6V8aDFjSWuou5VnUv_8rA,MS 6 B1/5d
http://rdfh.ch/0112/roud-oeuvres/UA1VSELESTyrdaioUfO_fw,MS 4 D/18a
http://rdfh.ch/0112/roud-oeuvres/_tqvm6m1TYy4hBQPuhsH3Q,MS 6 B1/5e
http://rdfh.ch/0112/roud-oeuvres/AhU9Bs2cRD2N7UZh56nVbg,MS 4 D/19a
http://rdfh.ch/0112/roud-oeuvres/8dN_JVSvT6C_4JF9iT7h-A,MS 4 D/20a
http://rdfh.ch/0112/roud-oeuvres/WlCMQghIQOeVmBSEGXBZ5Q,MS 6 B1/6a
http://rdfh.ch/0112/roud-oeuvres/K9U-skqUTqyIgcNeHxOObA,MS 6 B1/6b
http://rdfh.ch/0112/roud-oeuvres/WRfUMemkT8iP3fmjSeQO1A,MS 6 B1/6c
http://rdfh.ch/0112/roud-oeuvres/PLjP0EnmRxOVnFG-0RlwDA,MS 6 B1/6d
http://rdfh.ch/0112/roud-oeuvres/eVZIynkbQJSLIgY4sLo3XQ,MS 6 B1/7a
http://rdfh.ch/0112/roud-oeuvres/Z7TKcfaeQwSqiwcvdbAUzw,MS 4 D/21a
http://rdfh.ch/0112/roud-oeuvres/iHxKhm7fTUCd3llyRFIW7w,MS 6 B1/7b
http://rdfh.ch/0112/roud-oeuvres/RDr6Wfg_Td2cbFSn7X4_FQ,MA 6 B1/7c
http://rdfh.ch/0112/roud-oeuvres/WhxS3gY-TJaZE0OmiYew9Q,MS 6 B1/7d
http://rdfh.ch/0112/roud-oeuvres/PBeIrxhHTJKQf2N-wiwrDw,MS 4 D/21a
http://rdfh.ch/0112/roud-oeuvres/13EdMiFXTNiWMWE2RZ453Q,MS 6 B1/7e
http://rdfh.ch/0112/roud-oeuvres/RyfCg9S8TAOgyLvy346XmQ,MS 6 B1/8a
http://rdfh.ch/0112/roud-oeuvres/arDCVOA1RESdUgvGxcObQQ,MS 6 B1/8b
http://rdfh.ch/0112/roud-oeuvres/TQU1wZo0SCWMwQLxKPimEw,MS 4 D/22a
http://rdfh.ch/0112/roud-oeuvres/nV2Q7WlzQD6mGXWHphFloQ,MS 6 B1/8c
http://rdfh.ch/0112/roud-oeuvres/0ts_DfpPTSKyQdl1zHVhmQ,MS 6 B1/8d
http://rdfh.ch/0112/roud-oeuvres/VIYjMNToT4iRA4kbFjJP4g,MS 4 D/22a
http://rdfh.ch/0112/roud-oeuvres/2DscJbS2QNmn9fq4lS5MjA,MS 6 B1/8e
http://rdfh.ch/0112/roud-oeuvres/7Zv8G1OtS5iwMPTjwp1Izg,MS 4 D/22a
http://rdfh.ch/0112/roud-oeuvres/9-hoIc0FQemSYdP7lLKaHg,MS 4 D/22a
http://rdfh.ch/0112/roud-oeuvres/eB5LecTnSg-BJGSVsAoq8A,MS 4 D/22a
http://rdfh.ch/0112/roud-oeuvres/8GM_JrK0TF6sweuz8LdTbg,MS 4 D/22a
http://rdfh.ch/0112/roud-oeuvres/eNw5bIdySjyMp0nieLYYaA,MS 6 B1/9a
http://rdfh.ch/0112/roud-oeuvres/eMjY4qtjSC-50yNRCbNhUQ,MS 6 B1/9b
http://rdfh.ch/0112/roud-oeuvres/QpBdpE-uQ-mJdoBGkiHXzg,MS 4 D/22a
http://rdfh.ch/0112/roud-oeuvres/NonSfI8ATRWbsECPxQQsOQ,MS 4 D/22a
http://rdfh.ch/0112/roud-oeuvres/mSgQn2YCTQWVVRVJgJiEFg,MS 6 B1/9c
http://rdfh.ch/0112/roud-oeuvres/jZSWnC2URQWBCg_lzSxhKw,MS 6 B1/9d
http://rdfh.ch/0112/roud-oeuvres/w9U4Mhy7SEOdIPCj-6YVFw,MS 6 B1/9e
http://rdfh.ch/0112/roud-oeuvres/cvS0d7iESsG4WqZ_TovDmQ,MS 4 D/22a
http://rdfh.ch/0112/roud-oeuvres/6SUZuX-uQemoUk7Vpe_fzg,MS 6 B1/9f
http://rdfh.ch/0112/roud-oeuvres/_Fr5KEKmTyK76qY3pea8AA,MS 6 B1/9g
http://rdfh.ch/0112/roud-oeuvres/aAiIfkC2TM-OpghfRpeZEw,MS 4 E/17a
http://rdfh.ch/0112/roud-oeuvres/hWFMUJ18TkuxR_Jt9OAcag,MS 4 D/22a
http://rdfh.ch/0112/roud-oeuvres/WUtllR1hReK73RFvI5oiwg,MS 4 E/18a
http://rdfh.ch/0112/roud-oeuvres/gzSg8rurSbKxTzasc4eHQg,MS 6 B1/10a
http://rdfh.ch/0112/roud-oeuvres/UcoU6kPlTyKaUkkweNzfrw,MS 6 B1/10b
http://rdfh.ch/0112/roud-oeuvres/B9iIjKB4RKejCsYA9BV8rw,MS 4 E/19a
http://rdfh.ch/0112/roud-oeuvres/_8RtwmPvTw-KfVZdYiM3Mg,MS 6 B1/10c
http://rdfh.ch/0112/roud-oeuvres/7yGsNCxiREeglJ8JM_98zQ,MS 4 E/20a
http://rdfh.ch/0112/roud-oeuvres/Ecx7j6etT6WP4atPckkYyw,MS 4 D/22a
http://rdfh.ch/0112/roud-oeuvres/STSXoftGQvu51gPbZTuQsw,MS 6 B1/11a
http://rdfh.ch/0112/roud-oeuvres/4GczmZS6Ta2ub3WbWnio0g,MS 6 B1/12a
http://rdfh.ch/0112/roud-oeuvres/GOyaLzS_TpSqOQNBKO-76Q,MS 4 D/22a
http://rdfh.ch/0112/roud-oeuvres/RmHLlZhcQnOfvmooA5U_7g,MS 4 E/21a
http://rdfh.ch/0112/roud-oeuvres/u9PhbQjdQGyxQeqPGB2oIg,MS 4 D/23a
http://rdfh.ch/0112/roud-oeuvres/fqD29XLsRLSWJ8zNmougDA,MS 6 B1/13a
http://rdfh.ch/0112/roud-oeuvres/VOuatRkETZOd-4HDHapNsQ,MS 4 E/22a
http://rdfh.ch/0112/roud-oeuvres/GPbpOZIIQ-C0NuBthTkZbg,MS 6 B1/13b
http://rdfh.ch/0112/roud-oeuvres/2wsTVM0UQbGbmZBEWLi4Dw,MS 4 E/23a
http://rdfh.ch/0112/roud-oeuvres/lGUk2RErQoC7AZtYuHpfIA,MS 4 D/24a
http://rdfh.ch/0112/roud-oeuvres/bG5KI-ifRzqWDxw3VMTqmg,MS 6 B1/14a
http://rdfh.ch/0112/roud-oeuvres/n238E486Rzij3p6GeJdg-w,MS 6 B1/15a
http://rdfh.ch/0112/roud-oeuvres/VMEGc8ewSYGC-K3hmBpGLA,MS 6 B1/15b
http://rdfh.ch/0112/roud-oeuvres/VvAiyfwfQX6rBVCHCEkowg,MS 4 D/26a
http://rdfh.ch/0112/roud-oeuvres/gjJk3UHOT86AS5Ka06RuKg,MS 6 B1/16a
http://rdfh.ch/0112/roud-oeuvres/TmlRgEv3R5-GHaeKdbSwRA,MS 6 B1/16b
http://rdfh.ch/0112/roud-oeuvres/agQFKzzFSzWzD37XIXfYUA,MS 4 D/27a
http://rdfh.ch/0112/roud-oeuvres/5uOiiiNpQgW3I-zoeBGqPQ,MS 6 B1/17a
http://rdfh.ch/0112/roud-oeuvres/-hqBbCfsS_KfFr1eoIfeVw,MS 6 B1/17b
http://rdfh.ch/0112/roud-oeuvres/KjRKYF6lQXypyox7BprjPg,MS 4 E/24a
http://rdfh.ch/0112/roud-oeuvres/EhV9MCDIRGWlf_zdUkVL6Q,MS 6 B1/18a
http://rdfh.ch/0112/roud-oeuvres/szRfSuljR_G-3HnAHIL0mQ,MS 6 B1/18b
http://rdfh.ch/0112/roud-oeuvres/f2M9VUL3SZicyP5azpZqxQ,MS 4 E/24a
http://rdfh.ch/0112/roud-oeuvres/46tdSqoCTqGhYjJ6EWv6Ow,MS 6 B1/18c
http://rdfh.ch/0112/roud-oeuvres/qMXADcxiQc2OHnX70yv5-g,MS 6 B1/19a
http://rdfh.ch/0112/roud-oeuvres/RYFpQCUqQ1iFxdf8UuR37A,MS 6 B1/19b
http://rdfh.ch/0112/roud-oeuvres/uTmHFQvsQHmXCXrSxx3enw,MS 6 B1 /19c
http://rdfh.ch/0112/roud-oeuvres/MhM4xdg9T-2HmVFy_c_zFA,MS 4 F/1a
http://rdfh.ch/0112/roud-oeuvres/iu7MX5jPTq2Ns12BafePpA,MS 6 B1/19d
http://rdfh.ch/0112/roud-oeuvres/Ko8uR2NkSO62uxg7KagFCg,MS 4 F/2a
http://rdfh.ch/0112/roud-oeuvres/2BOltTInQpq8lUV7onffKw,MS 4 F/3a
http://rdfh.ch/0112/roud-oeuvres/0moGPd5IRCWAUGsmjwu_hg,MS 6 B1/20a
http://rdfh.ch/0112/roud-oeuvres/xQLn5Xi_Q1O-j8YO-sJ60Q,MS 4 F/4a
http://rdfh.ch/0112/roud-oeuvres/M2h0i6ZbRDWs5BQ6Wra3JA,MS 6 B1/21a
http://rdfh.ch/0112/roud-oeuvres/O-rhXsHYSC2sDE3d3JBsYA,MS 4 F/5a
http://rdfh.ch/0112/roud-oeuvres/8gWlwsHURUWrp5PBkh4J5A,MA 6 B1/21b
http://rdfh.ch/0112/roud-oeuvres/1xD2VtqgRj213j5ny3h5Ow,MS 4 F/6a
http://rdfh.ch/0112/roud-oeuvres/7sCjl_IzQk6XCcmbGQH8yg,MS 6 B1/22a
http://rdfh.ch/0112/roud-oeuvres/9Vn32CW4TP2pTi8FLtjEWw,MS 6 B1/23a
http://rdfh.ch/0112/roud-oeuvres/I_YA2B_2Se24PnbJ3rZFiQ,MS 4 F/7a
http://rdfh.ch/0112/roud-oeuvres/hX-giO7RRECH-laAKRPZkg,MS 6 B1/24a
http://rdfh.ch/0112/roud-oeuvres/ZC6vYssTRwCXWfKDDu7edQ,MS 6 B1/24b
http://rdfh.ch/0112/roud-oeuvres/xFfzzbvcRh-9KA1rut7VOQ,MS 4 D/28a
http://rdfh.ch/0112/roud-oeuvres/sOqmq6XaTzir_qBaJuWsdw,MS 4 F/8a
http://rdfh.ch/0112/roud-oeuvres/rm2V5RmiQnmc1KVl75wH8g,MS 4 E/1a
http://rdfh.ch/0112/roud-oeuvres/oDKIiYHdSL2DbICiexoYSg,Ms 6 B1/25a
http://rdfh.ch/0112/roud-oeuvres/5iug4OSdTx2WtkghB2GNOg,MS 6 B1/26a
http://rdfh.ch/0112/roud-oeuvres/1OGNbKfQSD2DaLy4d99a6w,MS 4 F/9a
http://rdfh.ch/0112/roud-oeuvres/aPjEVz51RHeppKaHaQlW9g,MS 4 F/10a
http://rdfh.ch/0112/roud-oeuvres/yHaJc14tT96YIh7NyflrpQ,MS 6 B1/27a
http://rdfh.ch/0112/roud-oeuvres/SqgbsqsHT1iX3aMusQJUbQ,MS 6 B1/27b
http://rdfh.ch/0112/roud-oeuvres/pllM7AL-R_6BYlOvE1-wXw,MS 4 F/11a
http://rdfh.ch/0112/roud-oeuvres/DfYyhYq5Qt63-JsF-IdQlw,MS 4 E/2a
http://rdfh.ch/0112/roud-oeuvres/Vkbrx-3YTVS3awviDIG1CQ,MS 4 F/12a
http://rdfh.ch/0112/roud-oeuvres/9NIQ-vXzQwKItqSri56jmw,MS 4 E/3a
http://rdfh.ch/0112/roud-oeuvres/NCb9Xa-sRzmX197mJdwvTA,MS 4 F/13a
http://rdfh.ch/0112/roud-oeuvres/BkeA2cc9RBO2E4yckkfQaw,MS 4 E/4a
http://rdfh.ch/0112/roud-oeuvres/zBFqmKRCSXKa6lyMURiYKA,MS 4 F/14a
http://rdfh.ch/0112/roud-oeuvres/gcSPNm31QfCMYB3CqrFAMw,MS 6 B1/28a
http://rdfh.ch/0112/roud-oeuvres/LXzqDr7aRjWdNduAe0Fg4g,MS 6 B1/28b
http://rdfh.ch/0112/roud-oeuvres/pN5glkeuT2mczkwn9m-5Lg,MS 4 F/15a
http://rdfh.ch/0112/roud-oeuvres/3IhIZmDgQU-eIwRyjBn21A,MS 6 B1/29a
http://rdfh.ch/0112/roud-oeuvres/fjDpGVQCS_e3SQKt5re-6w,MS 6 B1/30a
http://rdfh.ch/0112/roud-oeuvres/vq_5T-RKR7aDsv3yRQ8GLw,MS 4 F/16a
http://rdfh.ch/0112/roud-oeuvres/Hw-y6okFQ_q8fOMFTb-eeg,MS 6 B1/30b
http://rdfh.ch/0112/roud-oeuvres/CBYvd2d2SlaC7KjQeYjiSQ,MS 6 B1/31a
http://rdfh.ch/0112/roud-oeuvres/5GlEBMdPSBGGjZgS3KPXJw,MS 4 F/17a
http://rdfh.ch/0112/roud-oeuvres/SVJx5IVxSkePbKCJdIGKgQ,MS 6 B1/32a
http://rdfh.ch/0112/roud-oeuvres/x3vH34uNRTWEEzEw57CUcw,MS 4 F/18a
http://rdfh.ch/0112/roud-oeuvres/f2d0MYmhRIihNf7mnZoL0Q,MS 6 B1/32b
http://rdfh.ch/0112/roud-oeuvres/BPnX22hPQwCLpdO2LJNflA,MS 6 B1/33a
http://rdfh.ch/0112/roud-oeuvres/QNz5mlnKQ2afegzXkdryEg,MS 4 F/19a
http://rdfh.ch/0112/roud-oeuvres/Tgt4gldGSUK78PIc1Qh6AQ,MS 4 E/5a
http://rdfh.ch/0112/roud-oeuvres/gEjO-4xwSGaw4wEY4QnJvA,MS 6 B1/34a
http://rdfh.ch/0112/roud-oeuvres/RHaXI44lSi2Vq7NjX13CzQ,MS 4 E/6a
http://rdfh.ch/0112/roud-oeuvres/bktkPzYPRZ6h2wXKAbpp0Q,MS 4 F/20a
http://rdfh.ch/0112/roud-oeuvres/_GYesXrNQD620mUnw1izBw,MS 6 B1/34b
http://rdfh.ch/0112/roud-oeuvres/R-r6aTEERfS8qi6V8xz-Dw,MS 4 F/21a
http://rdfh.ch/0112/roud-oeuvres/r3v77Dt-Rvi7PeEiNFUKZQ,MS 6 B1/35a
http://rdfh.ch/0112/roud-oeuvres/MTyyqpIXSwyRX7UDXr5dPQ,MS 6 B1/35b
http://rdfh.ch/0112/roud-oeuvres/6JmP9s0uTOewaRqCk3U1uQ,MS 4 F/22a
http://rdfh.ch/0112/roud-oeuvres/8eefgh2gTeWe_HsKa_yeTQ,MS 6 B1/36a
http://rdfh.ch/0112/roud-oeuvres/89BaTKVkQfCUYrDdmBecUg,MA 6 B1/37a
http://rdfh.ch/0112/roud-oeuvres/y1dXIzWbQj2clDWNBqtXOg,MS 4 E/7a
http://rdfh.ch/0112/roud-oeuvres/m9p-GFJ9QI2B532mMbGwoA,MS 4 E/8a
http://rdfh.ch/0112/roud-oeuvres/dr6UAQO7SIOChN7ovvMDsw,MS 4 E/9a
http://rdfh.ch/0112/roud-oeuvres/yVlrcQd6QOei9aaNQArYxQ,MS 6 B1/38a
http://rdfh.ch/0112/roud-oeuvres/aowBV0_ERPKI3Z5i8T8WGA,MS 4 E/10a
http://rdfh.ch/0112/roud-oeuvres/qN2QCt8CTVi0Ew6mt6Lq-A,MS 4 F/23a
http://rdfh.ch/0112/roud-oeuvres/zscptEciQKG-GYf3EPa7oQ,MS 6 B2/1a
http://rdfh.ch/0112/roud-oeuvres/MQq6svc9SrO6nhvabl1e1A,MS 4 E/11a
http://rdfh.ch/0112/roud-oeuvres/c91_-dJaTTSBSDVODkvBiw,MS 6 B2/2a
http://rdfh.ch/0112/roud-oeuvres/bCO7tOjqSHumKzZ53IgNJw,MS 6 B2/3a
http://rdfh.ch/0112/roud-oeuvres/Vimso4wTREWojSOX6YR8lA,MS 6 B2/3b
http://rdfh.ch/0112/roud-oeuvres/CXNOQ0gsSq21tRoOkxRhLA,MS 6 B2/3c
http://rdfh.ch/0112/roud-oeuvres/s5xXJ5BhR8ax_aW2-2XAzg,MS 4 E/11a
http://rdfh.ch/0112/roud-oeuvres/ELlzKML9Q_qH_TRHxUE5_A,MS 4 E/12a
http://rdfh.ch/0112/roud-oeuvres/hJO1O0OmSe-bp0Vavu2bGA,MS 4 E/13a
http://rdfh.ch/0112/roud-oeuvres/RT0NVtzpSSKqkjs8MfmNOg,MS 6 B2/4a
http://rdfh.ch/0112/roud-oeuvres/lv8p_aX1T_6o3igGkybbSg,MS 6 B2/5a
http://rdfh.ch/0112/roud-oeuvres/crdlAvU6SS6cjIeH02sU6w,MS 6 B2/6a
http://rdfh.ch/0112/roud-oeuvres/YN_2TrdYS1aYWmiKgRTi3g,MS 6 B2/6b
http://rdfh.ch/0112/roud-oeuvres/2Mxg69N3R7aKyi-nRXKYFA,MS 6 B2/6c
http://rdfh.ch/0112/roud-oeuvres/8u9-XGYlQUG8kXY1BXCNFw,MS 4 F/26a
http://rdfh.ch/0112/roud-oeuvres/gKrqcrSiQUGYH5P9x6zeCw,MS 6 B2/6d
http://rdfh.ch/0112/roud-oeuvres/YD4zUJikRUihW763xdx-mA,MS 4 E/14a
http://rdfh.ch/0112/roud-oeuvres/FJ1YKmmUS_WfEgJ9i8edOg,MS 6 B2/6e
http://rdfh.ch/0112/roud-oeuvres/FLVhnpefQoOSRwfOStM4Cw,MS 6 B2/6f
http://rdfh.ch/0112/roud-oeuvres/rgH4F1haQZmOE769OXLKXA,MS 4 E/15a
http://rdfh.ch/0112/roud-oeuvres/gGFMhv1fQ36otahtqA_C5A,MS 4 F/27a
http://rdfh.ch/0112/roud-oeuvres/Uo5Az38RQlKpMeToP4TlIQ,MS 4 E/16a
http://rdfh.ch/0112/roud-oeuvres/S3kDQS4pSfaiPNKXiCb4dg,MS 6 B2/7a
http://rdfh.ch/0112/roud-oeuvres/IavegYEdRyqK5IbE2V2omQ,MS 6 B2/7b
http://rdfh.ch/0112/roud-oeuvres/nuf7xJ1NT22R5EYT_ihRbw,MS 6 B2/8a
http://rdfh.ch/0112/roud-oeuvres/JULxEZlfQQqW_S-xbFKEEA,MS 6 B2/9a
http://rdfh.ch/0112/roud-oeuvres/_yGDAaWDTLK4yu4rXxUO-A,MS 6 B2/10a
http://rdfh.ch/0112/roud-oeuvres/6z8SCp5sTkWl916054TDYQ,MS 6 B2/10b
http://rdfh.ch/0112/roud-oeuvres/9AMvzEtjRXGOtDDdJoleig,MS 6 B2/10c
http://rdfh.ch/0112/roud-oeuvres/v3Pien1_RFeZr_A3edcEmg,MS 6 B2/10c
http://rdfh.ch/0112/roud-oeuvres/hKJYxEvaQ3WZDILFWvaheQ,MS 6 B2/10d
http://rdfh.ch/0112/roud-oeuvres/9BxFg_7uSOeol6PIEyN0gg,MS 6 B2/11a
http://rdfh.ch/0112/roud-oeuvres/AUA8pE-TTj-2Z5wwTOCJ8Q,MS 6 B3/1a
http://rdfh.ch/0112/roud-oeuvres/9lG5Uw4PSGGOB5WRNRI6eg,MS 6 B3/2a
http://rdfh.ch/0112/roud-oeuvres/94l-7hjSRridYhyd_zODdg,MS 6 B3/3a
http://rdfh.ch/0112/roud-oeuvres/odj5h_uWRG2r0Lmol7X-7Q,MS 6 B3/4a
http://rdfh.ch/0112/roud-oeuvres/tc9h3v_zT_-ePll3ViKFDg,MS 6 B3/4b
http://rdfh.ch/0112/roud-oeuvres/t2F7aJWgQRygfJvJoquvQQ,MS 6 B3/5a
http://rdfh.ch/0112/roud-oeuvres/He2HBPquTvKTBP6Oo9D3Uw,MS 4 F/31a
http://rdfh.ch/0112/roud-oeuvres/mp-urAJOTE-F5RqNyXhR_A,MS 4 F/32a
http://rdfh.ch/0112/roud-oeuvres/hQhUjw1iTvePqeLvtkFfPg,MS 6 B3/6a
http://rdfh.ch/0112/roud-oeuvres/9neiVbSwSBOx5Pdc_ViyNw,MS 6 B3/6b
http://rdfh.ch/0112/roud-oeuvres/PSrZfmjmTJSCdYRJeAc3zw,MS 4 F/33a
http://rdfh.ch/0112/roud-oeuvres/Z1b1IkARQpikPsoVztHnMg,MS 6 B3/6c
http://rdfh.ch/0112/roud-oeuvres/IJT7NV4BQNyvAuqH6oEQjw,MS 6 B3/7a
http://rdfh.ch/0112/roud-oeuvres/yxx7CBEZTaOWnmBt4i_9nA,MS 6 B3/10a
http://rdfh.ch/0112/roud-oeuvres/ht7oKwIISuSShH07PdnGcA,MS 6 B3/10b
http://rdfh.ch/0112/roud-oeuvres/BpiGTMX8RVSKmIwgkoZK5Q,MS 6 B3/11a
http://rdfh.ch/0112/roud-oeuvres/JaadbLTSS2qOI_en_XLkpw,MS 6 B3/12a
http://rdfh.ch/0112/roud-oeuvres/YDyoi4AURcCiy9_ryJfQsg,MS 6 B3/13a
http://rdfh.ch/0112/roud-oeuvres/yTrgN6t-TjCgLEJsDLaaaw,MS 6 B3/13b
http://rdfh.ch/0112/roud-oeuvres/EomiBjrlSnmDrjpThfwnXw,MS 6 B3/14a
http://rdfh.ch/0112/roud-oeuvres/1BEUu2JuRX2vMU0lpHu52w,MS 4 F/34a
http://rdfh.ch/0112/roud-oeuvres/k6XJbhKRQT2BvRe7Ygc52w,MS 4 F/35a
http://rdfh.ch/0112/roud-oeuvres/GWc28pvgRmaEbHZBaDYAEw,MS 6 C2/1a
http://rdfh.ch/0112/roud-oeuvres/NZwnPSiwQfS98GVJ3pw1RQ,MS 6 C2/1b
http://rdfh.ch/0112/roud-oeuvres/CxwRVa16QjiJnG0SNsWAnA,MS 4 F/36a
http://rdfh.ch/0112/roud-oeuvres/v8llVjoaQIqUkQhzkWXOsg,MS 6 C2/2a
http://rdfh.ch/0112/roud-oeuvres/qa7yxM1jT0i04FoS79Qmyw,MS 4 F/37a
http://rdfh.ch/0112/roud-oeuvres/F_sWN0ZrTUSjqnAUDfUnlg,MS 6 C2/2b
http://rdfh.ch/0112/roud-oeuvres/8s03q1vUTMO0AYrSyoOBqA,MS 4 F/38a
http://rdfh.ch/0112/roud-oeuvres/fjv2rpU3SFOpm9HvuyGigQ,MS 4 F/39a
http://rdfh.ch/0112/roud-oeuvres/iCkMpYXBQCeUjjsmBlr-mQ,MS 4 F/40a
http://rdfh.ch/0112/roud-oeuvres/aCjST5eBQ2ep8hvCl_Kbtg,MS 4 F/41a
http://rdfh.ch/0112/roud-oeuvres/NQA1cTb5RiGyaG9HkEAI7A,MS 4 F/42a
http://rdfh.ch/0112/roud-oeuvres/EMFWY1B2QxeBnRfDijbauQ,MS 4 F/43a
http://rdfh.ch/0112/roud-oeuvres/k0NF3-R3Q9y44CxX0Jur5A,MS 6 C2/2c
http://rdfh.ch/0112/roud-oeuvres/iwVYaPDbSxWX6ZTdPxewoQ,MS 4 F/44a
http://rdfh.ch/0112/roud-oeuvres/oOW0HSDKRXKAcGCmWqskoA,MS 6 C2/2d
http://rdfh.ch/0112/roud-oeuvres/A5PePzBpRD-hMk9iqrLIpg,MS 4 G/1a
http://rdfh.ch/0112/roud-oeuvres/PtkVOCmlRRCIAXJGYmjY_g,MS 6 C2/2a
http://rdfh.ch/0112/roud-oeuvres/OdieLRb3RwuOr2ezylBCPw,MS 4 G/1a
http://rdfh.ch/0112/roud-oeuvres/n4HCoDPtRYWFp88iM5qhpA,MS 6 C2/3a
http://rdfh.ch/0112/roud-oeuvres/pDwjyOEyQa-tvAiEr6Opiw,MS 4 G/2a
http://rdfh.ch/0112/roud-oeuvres/1YdTGkQNTW2MYRorTPl1lw,MS 4 G/3a
http://rdfh.ch/0112/roud-oeuvres/LpF9PKm4RImdTgsDlaukdQ,MS 6 C2/4a
http://rdfh.ch/0112/roud-oeuvres/mdPR9IpDSfOzceYROVasLg,MS 6 C2/4a
http://rdfh.ch/0112/roud-oeuvres/4RskKhIwTCeP9zTOnmSLWQ,MS 4 G/4a
http://rdfh.ch/0112/roud-oeuvres/7B-J3Ta1RIaI4VR59-eBKw,MS 4 G/5a
http://rdfh.ch/0112/roud-oeuvres/B-FwA7vUSCi6q7LovygLIg,MS 6 C2/5a
http://rdfh.ch/0112/roud-oeuvres/xh68r220QFKtMxhQgECWbQ,MS 6 C2/5b
http://rdfh.ch/0112/roud-oeuvres/D4puSymdTqWgYIamW9oZHA,MS 6 C2/6b
http://rdfh.ch/0112/roud-oeuvres/SBIqnPH1ThG84n-QhRpDtw,MS 6 C2/6a
http://rdfh.ch/0112/roud-oeuvres/dpCGubm9RMWxNhHB0r-QAQ,MS 6 C2/7a
http://rdfh.ch/0112/roud-oeuvres/3wZ0VwHeTqG2se8DFWfy0Q,MS 6 C2/8a
http://rdfh.ch/0112/roud-oeuvres/Axytwkx0S7S8JcgGpogOdQ,MS 2 C/15b
http://rdfh.ch/0112/roud-oeuvres/cLHGvjg2REKMVObGpRRPQg,MS 6 C2/9a
http://rdfh.ch/0112/roud-oeuvres/DJsUXokMSeGT6BovWD6ATQ,MS 2 D/2a
http://rdfh.ch/0112/roud-oeuvres/Bls9ryxCT3CDpAb1lSH3HA,MS 2 D/2b
http://rdfh.ch/0112/roud-oeuvres/XmC4ZU2TTbGBGgsbVPPhZg,MS 2 D/3a
http://rdfh.ch/0112/roud-oeuvres/qc4r2ELoRoSz1dYFv9bu-A,MS 6 C2/10a
http://rdfh.ch/0112/roud-oeuvres/RuoAxdixREuMqnUUMQOqNg,MS 6 C2/11a
http://rdfh.ch/0112/roud-oeuvres/SdQv9hQ1RxSUa9vTgzgtAQ,MS 6 C2/12a
http://rdfh.ch/0112/roud-oeuvres/bvYH3mdQS1yFsw2laGikKA,MS 6 C2/12b
http://rdfh.ch/0112/roud-oeuvres/umj9N8drR4yWDmaPr7zPfg,MS 6 C2/13a
http://rdfh.ch/0112/roud-oeuvres/8YWAJIdRSb6_TwvTHvl21A,MS 2 D/4b
http://rdfh.ch/0112/roud-oeuvres/T7P7DSwPQrO-ggPUvZ8eyw,MS 2 D/5a
http://rdfh.ch/0112/roud-oeuvres/wzcircWYSL6rW520AQNqGg,MS 6 D1/1a
http://rdfh.ch/0112/roud-oeuvres/H3g322EPRfSLzhID1BUnZQ,MS 6 D1/1b
http://rdfh.ch/0112/roud-oeuvres/PUbDuQXIRbqUwjTpL-lZQg,MS 2 E/8a
http://rdfh.ch/0112/roud-oeuvres/xTgp47dqT4SoXkkvwJdosQ,MS 6 D1/1c
http://rdfh.ch/0112/roud-oeuvres/L3dqizvdQRik-MjyGEAriA,MS 2 D/6a
http://rdfh.ch/0112/roud-oeuvres/XrA26WbcTcGB0TiCtc7piQ,MS 2 D/7a
http://rdfh.ch/0112/roud-oeuvres/yghZRqKAQyq-iWOv06HwAA,MS 2 D/8a
http://rdfh.ch/0112/roud-oeuvres/-VVgMmCGTw2Hs9MzlVjG5Q,MS 2 D/10a
http://rdfh.ch/0112/roud-oeuvres/u2n1UqTsR4Gw55YinsG73Q,MS 2 D/11a
http://rdfh.ch/0112/roud-oeuvres/-L7hj0u_R3yJlimt9opw_A,MS 2 D/11b
http://rdfh.ch/0112/roud-oeuvres/o7uEiYrDQ56gvrYZ75c6FQ,MS 2 D/12a
http://rdfh.ch/0112/roud-oeuvres/tUAF_gYyRvCgh0Iw294aDg,MS 6 E1/1a
http://rdfh.ch/0112/roud-oeuvres/2CHBT5u5RcaEylcqYd4CWA,MS 2 D/13a
http://rdfh.ch/0112/roud-oeuvres/w-u3ciJdTduYoRX_VL9P1Q,MS 6 E1/1b
http://rdfh.ch/0112/roud-oeuvres/RbThXCheTNyyMKkb0E3leA,MS 2 D/14a
http://rdfh.ch/0112/roud-oeuvres/iPDk2B0qQfqeuZTxSRbr8Q,MS 6 E1/2a
http://rdfh.ch/0112/roud-oeuvres/4S-S69jKSliTZdrhHZy_Ig,MS 2 D/14b
http://rdfh.ch/0112/roud-oeuvres/5FVby5RaRDay3cLHpS1VVQ,MS 2 E/1a
http://rdfh.ch/0112/roud-oeuvres/o7obHg8DQrOatX1ReWMdmg,MS 2 E/1a
http://rdfh.ch/0112/roud-oeuvres/vZjf6tvZRXOiO5Le3Sva7g,MS 2 E/2a
http://rdfh.ch/0112/roud-oeuvres/-BW0z_EpSmmveNEjwqTHrw,MS 2 E/2b
http://rdfh.ch/0112/roud-oeuvres/90i6QlNQRdijhRDB7svmsw,MS 6 E1/2b
http://rdfh.ch/0112/roud-oeuvres/aBSO-dJdQAqmaV_wHFjceA,MS 2 E/2c
http://rdfh.ch/0112/roud-oeuvres/mDvOEIjdRPW9BcBi_kN5ew,MS 6 E1/2b
http://rdfh.ch/0112/roud-oeuvres/EkXz8vG4TfimF6m3DE-zSQ,MS 2 E/3a
http://rdfh.ch/0112/roud-oeuvres/lAvtYaVnTGql0Y3vcM5p4Q,MS 6 E1/2c
http://rdfh.ch/0112/roud-oeuvres/5u80RwWoRcCk_I2SwMXMuw,MS 6 E1/2d
http://rdfh.ch/0112/roud-oeuvres/0iu286dZTcW2Cj5F2igmsg,MS 6 E1/2e
http://rdfh.ch/0112/roud-oeuvres/yokB9s7JQ_WvZ6aR6OI_Tg,MS 2 E/5a
http://rdfh.ch/0112/roud-oeuvres/1gvRyfmJQui2eNgmgfWKhg,MS 6 E1/2f
http://rdfh.ch/0112/roud-oeuvres/AApxn-VoSFqTeDVBtYUFSw,MS 2 E/5b
http://rdfh.ch/0112/roud-oeuvres/DsjgJfNXTNyinwXxH1kiZg,MS 6 E1/2g
http://rdfh.ch/0112/roud-oeuvres/ZmYhYuLtTzem1bg_h0C9qQ,MS 2 E/5c
http://rdfh.ch/0112/roud-oeuvres/ts45KsFbS5my8HObpsR1jQ,MS 6 E1/3a
http://rdfh.ch/0112/roud-oeuvres/s8IZEgC_Qoery3AwOykCPw,MS 6 E1/3b
http://rdfh.ch/0112/roud-oeuvres/5z_ZH7kPTWi1iHb7ZLxCMA,MS 6 E1/3c
http://rdfh.ch/0112/roud-oeuvres/0-sk9Pl7SsmXo3JpCRgULg,MS 6 E1/3d
http://rdfh.ch/0112/roud-oeuvres/afxszWMSRPm5QDWu-CNCSA,MS 6 E1/4a
http://rdfh.ch/0112/roud-oeuvres/0VhWZfjcRAybJOdbckxIiA,MS 6 E1/5a
http://rdfh.ch/0112/roud-oeuvres/4o5mtFzqQ7OtIp-0oasKOw,MS 6 E1/5b
http://rdfh.ch/0112/roud-oeuvres/SPLqPAeFTAObuFlQ_FrJaA,MS 6 E1/5c
http://rdfh.ch/0112/roud-oeuvres/mG5G3yakRJi3QTlFmaCZdg,MS 6 E1/5d
http://rdfh.ch/0112/roud-oeuvres/8gmHwsnVRimluzSzEJRLyw,MS 6 E1/5e
http://rdfh.ch/0112/roud-oeuvres/mM02Q6VnS8u72XN_9_IHgw,MS 4 G/6a
http://rdfh.ch/0112/roud-oeuvres/QhunxsYsSeKW3fEneQsa2g,MS 4 G/7a
http://rdfh.ch/0112/roud-oeuvres/3F6uS6UfRsuWnqHH3gy5Tw,MS 4 G/7b
http://rdfh.ch/0112/roud-oeuvres/ifJTN0cOTa2EXHSXXTqEFg,MS 4 H/2a
http://rdfh.ch/0112/roud-oeuvres/7AoOOsplTtm46IS3F2oVZw,MS 4 H/2b
http://rdfh.ch/0112/roud-oeuvres/rm3S0kD2RlOhPHuwNshVwA,MS 4 H/4a
http://rdfh.ch/0112/roud-oeuvres/JbpWgkpXSYiHdH80oUYLCw,MS 4 H/5a
http://rdfh.ch/0112/roud-oeuvres/4VDaANhtTtSbjUEUXEK3eQ,MS 4 H/6a
http://rdfh.ch/0112/roud-oeuvres/sC9_XHiJRGKS9oInynwN8Q,MS 4 H/7a
http://rdfh.ch/0112/roud-oeuvres/mQUkb957QPaGhKRRScku9w,MS 4 H/8a
http://rdfh.ch/0112/roud-oeuvres/3Yodwyu-R4ynDG5KhOdgXA,MS 4 H/8a
http://rdfh.ch/0112/roud-oeuvres/U32AHT9gRbyXh2YBKiacPw,MS 4 H/9a
http://rdfh.ch/0112/roud-oeuvres/uxDTNoJcSkOifHJQHWog_g,MS 2 E/7b
http://rdfh.ch/0112/roud-oeuvres/DBBPqCd7Sry-p4H9kppWgg,MS 6 E1/6a
http://rdfh.ch/0112/roud-oeuvres/UA2Ns4gTSyee7MDPtaaWzw,MS 3 A/3a
http://rdfh.ch/0112/roud-oeuvres/TRjsoYvBSZ2NvV5O0_hblA,MS 2 E/9a
http://rdfh.ch/0112/roud-oeuvres/Wp26eikwRru9aj7wTwwKrg,MS 2 E/9b
http://rdfh.ch/0112/roud-oeuvres/z0gEGfaYQrSSvfXI4-WCpQ,MS 2 E/9c
http://rdfh.ch/0112/roud-oeuvres/otHrMvdrRJewtn2DizGdfw,MS 3 A/3b
http://rdfh.ch/0112/roud-oeuvres/KMRnOWbwTdmEmXujbyBZsg,MS 2 E/10a
http://rdfh.ch/0112/roud-oeuvres/LJSgfpT2RVCJm32_c9YrUQ,MS 6 E1/6b
http://rdfh.ch/0112/roud-oeuvres/0lnEIZEuTCegapzK4QYCww,MS 3 A/3c
http://rdfh.ch/0112/roud-oeuvres/Q6kT6WlXQB6cLipo2oIpnw,MS 6 E1/6c
http://rdfh.ch/0112/roud-oeuvres/PB3I4DKlRQWZp_H8Yeu2FQ,MS 6 E1/6c
http://rdfh.ch/0112/roud-oeuvres/CsK4xtMNTLmkiro_ES_pUw,MS 3 A/3d
http://rdfh.ch/0112/roud-oeuvres/u6dcQgDeSr6WqJsp4jyUZA,MS 6 E1/6d
http://rdfh.ch/0112/roud-oeuvres/TCjOy2fFRgiDb8otPlEGAg,MS 6 E1/6e
http://rdfh.ch/0112/roud-oeuvres/NPkZQjsnSZq--vAZ2bK6ww,MS 6 E1/6g
http://rdfh.ch/0112/roud-oeuvres/jC_E5nbXTJ21M77Py_978g,MS 3 A/3e
http://rdfh.ch/0112/roud-oeuvres/SF2fqsKTQ5ysi9mrujV1tw,MS 6 E1/6h
http://rdfh.ch/0112/roud-oeuvres/gdmqM3jgTI2N74X4Svz4-g,MS 3 A/3f
http://rdfh.ch/0112/roud-oeuvres/wiFQuRGtQb2dqpwl1kVmZg,MS 3 A/3g
http://rdfh.ch/0112/roud-oeuvres/-HMuqCdVS_a_hp3BtZZucw,MS 6 E1/7a
http://rdfh.ch/0112/roud-oeuvres/Tk6SuPGWRIWaULiSZUFlLQ,MS 6 E1/7a
http://rdfh.ch/0112/roud-oeuvres/ytHnNsWOTm2Bd5m2MWLCvg,MS 3 A/3h
http://rdfh.ch/0112/roud-oeuvres/NSL2dMqKSFGkwLn2JmPDAg,MS 6 E1/7b
http://rdfh.ch/0112/roud-oeuvres/EeHgkwgpRrGdcigZ204ing,MS 3 A/4a
http://rdfh.ch/0112/roud-oeuvres/6S_z8mhtTOWmiYEXo8ocvQ,MS 6 E1/7c
http://rdfh.ch/0112/roud-oeuvres/D4E83PZdQxuDif34PEJiAQ,MS 6 E1/7d
http://rdfh.ch/0112/roud-oeuvres/gi7NnsUIReiV0ha_Lxw2Cg,MS 3 A/5a
http://rdfh.ch/0112/roud-oeuvres/eB9Syht9TmqtZgnC3iagOA,MS 6 E1/7c
http://rdfh.ch/0112/roud-oeuvres/xGp90YSkRvKNVQZ2FI8DcA,MS 6 E1/8a
http://rdfh.ch/0112/roud-oeuvres/ZfG9OKM_QbeCb4h5xZY2ew,MS 6 E1/8b
http://rdfh.ch/0112/roud-oeuvres/8fIP9yrvQK-tONETRsMYSQ,MS 6 E1/8c
http://rdfh.ch/0112/roud-oeuvres/YjsUSiv3Ttu0__Bpdv-Crw,MS 6 E1/8d
http://rdfh.ch/0112/roud-oeuvres/JXFGLqukSsySGwGatFrqQA,MS 6 E1/8e
http://rdfh.ch/0112/roud-oeuvres/SBCb7ZouTfidTnIijzkOzg,MS 6 E1/8f
http://rdfh.ch/0112/roud-oeuvres/W-UZA7fwQqeM0zbEy96bPw,MS 3 A/6a
http://rdfh.ch/0112/roud-oeuvres/BQv6ZU6vT5uakzed_HpGqw,MS 3 A/6b
http://rdfh.ch/0112/roud-oeuvres/g4CEGlriRs2S_UivmpQ1OA,MS 6 E1/9a
http://rdfh.ch/0112/roud-oeuvres/Gy0nCnyJSy2E4Xk659XVrA,MS 6 E1/9b
http://rdfh.ch/0112/roud-oeuvres/aUjo_bgYTKu2cNP7svWtlA,MS 3 A/7a
http://rdfh.ch/0112/roud-oeuvres/MfUp273dRvODBO9LsRz5tg,MS 6 E1/9c
http://rdfh.ch/0112/roud-oeuvres/elYBTqVSSPehJpf99lEz5A,MS 6 E1/9d
http://rdfh.ch/0112/roud-oeuvres/uv8d-zZvRB6eZ9Zpge1glA,MS 6 E1/9e
http://rdfh.ch/0112/roud-oeuvres/Sh8N9TfkQWKocKyT_3944A,MS 6 E1/9f
http://rdfh.ch/0112/roud-oeuvres/R4PUpXDlTZu4Uz2CUJzdBw,MS 6 E1/10a
http://rdfh.ch/0112/roud-oeuvres/PJsicpRnR5uNQEtR7p3nug,MS 2 E/11a
http://rdfh.ch/0112/roud-oeuvres/3DNZAf1hSl-SVm8AE3zsOA,MS 3 A/8a
http://rdfh.ch/0112/roud-oeuvres/9fKWwskGSZ6VcGhlePzofQ,MS 6 E1/10a
http://rdfh.ch/0112/roud-oeuvres/O6SZEWpPS1W_vtp_IJb0Wg,MS 6 E1/10b
http://rdfh.ch/0112/roud-oeuvres/faWDOeT3QYGe2iHzxmwq8A,MS 6 E1/10b
http://rdfh.ch/0112/roud-oeuvres/4MQak5YTTdSBpFsvzTFOjA,MS 3 A/9a
http://rdfh.ch/0112/roud-oeuvres/_zcr-i2rTOaO83mIRyAO2g,MS 6 E1/10c
http://rdfh.ch/0112/roud-oeuvres/0CNeBcvUQfWwkniTwMBvPA,MS 6 E1/10d
http://rdfh.ch/0112/roud-oeuvres/eXWm2COESyaSn2ntMe1Ryg,MS 6 E1/10e
http://rdfh.ch/0112/roud-oeuvres/PjkF31jKT--pCw9tSuk6LQ,MS 2 E/11b
http://rdfh.ch/0112/roud-oeuvres/kGdWeXhcTgqTprAZGkP_dw,MS 3 A/10a
http://rdfh.ch/0112/roud-oeuvres/s1MQfQ5oShKQUucLbJzTLw,MS 2 E/11c
http://rdfh.ch/0112/roud-oeuvres/RJPPbITeSHuWYprTrJ7_vA,MS 6 E1/11a
http://rdfh.ch/0112/roud-oeuvres/RisN3VyVRZSopcSAl4PCZg,MS 6 E1/11a
http://rdfh.ch/0112/roud-oeuvres/Ec7eSuCcRC29YSB44G_0ug,MS 6 E1/11b
http://rdfh.ch/0112/roud-oeuvres/iQL7nj23RhmhWcfH4bdCWA,MS 6 E1/11c
http://rdfh.ch/0112/roud-oeuvres/inQEnd7QShK7gRPM5bTh-Q,MS 6 E1/11d
http://rdfh.ch/0112/roud-oeuvres/3rUcdwT7Qh6e79KynMx45w,MS 6 E1/11e
http://rdfh.ch/0112/roud-oeuvres/bElJ5eOASEmyFsUqvSHgew,MS 6 E1/12a
http://rdfh.ch/0112/roud-oeuvres/u_pnOQElT1eYYfFgyY1jSg,MS 6 E1/12b
http://rdfh.ch/0112/roud-oeuvres/kKoAGvKwSBCZoJ2elewdtQ,MS 6 E1/12c
http://rdfh.ch/0112/roud-oeuvres/0v8vlBGHTvuo844rat4wyA,MS 6 E1/12d
http://rdfh.ch/0112/roud-oeuvres/RkLW3f9vQrOh3nxvvyNuSg,MS 6 E1/12e
http://rdfh.ch/0112/roud-oeuvres/HY03GEEPT5KHgw61vfPNIA,MS 6 E1/12f
http://rdfh.ch/0112/roud-oeuvres/4KYsCGB_QqSxophXWJTUFQ,MS 6 E1/12g
http://rdfh.ch/0112/roud-oeuvres/LF-odFTXSHSgkYnQc713KA,MS 6 E1/13a
http://rdfh.ch/0112/roud-oeuvres/ySCvnXw7QhOtBuWazsfatQ,MS 6 E1/13b
http://rdfh.ch/0112/roud-oeuvres/2l1OL8tERSSEFQxONQtHiA,MS 2 E/12a
http://rdfh.ch/0112/roud-oeuvres/HZS4MfMSSKCF0hicWRVD_A,MS 6 E1/13c
http://rdfh.ch/0112/roud-oeuvres/XGJRrgmrRZqzYQTsy2LZbw,MS 2 E/13a
http://rdfh.ch/0112/roud-oeuvres/Z8rqRyfvQdeRsZYkwhGptQ,MS 6 E1/14a
http://rdfh.ch/0112/roud-oeuvres/TmNX6hB8TPmjk-PD9OV4EA,MS 6 E1/14b
http://rdfh.ch/0112/roud-oeuvres/QRFPsN5oTR-S5spYR0mFjg,MS 2 E/14a
http://rdfh.ch/0112/roud-oeuvres/q3SraUHMRHWBWh2tQCvx-g,MS 6 E1/15a
http://rdfh.ch/0112/roud-oeuvres/TPjmuegoS52qlZk7wetcJw,MS 6 E1/15b
http://rdfh.ch/0112/roud-oeuvres/usQNU0-mTS-jn9ZifIYqGQ,MS 6 E1/15c
http://rdfh.ch/0112/roud-oeuvres/G3KnZNJJSIyLABxfNXa8ew,MS 2 E/15b
http://rdfh.ch/0112/roud-oeuvres/dL9EZIvGQLe5vnKIo1bEig,MS 6 E1/15d
http://rdfh.ch/0112/roud-oeuvres/VOwRCRI4Su6alCnsyr-rIA,MS 2 E/16a
http://rdfh.ch/0112/roud-oeuvres/GHMvHdwMSfO1HW3KEM7F-w,MS 2 E/16b
http://rdfh.ch/0112/roud-oeuvres/6DvK2rYvTHeYlxHtsmDZdQ,MS 6 E1/15e
http://rdfh.ch/0112/roud-oeuvres/oFy8Se7CRCiLTVR_HAn7tQ,MS 6 E1/15f
http://rdfh.ch/0112/roud-oeuvres/ZIf68Ci-Tj-FQgkgwjBfVA,MS 6 E1/16a
http://rdfh.ch/0112/roud-oeuvres/7Atpj05lRxaVcjPImctysw,MS 2 E/17a
http://rdfh.ch/0112/roud-oeuvres/blB1-ggxRjKT4klBo1S_Zg,MS 2 E/18a
http://rdfh.ch/0112/roud-oeuvres/c0OqmWbQSMC-qIGvnD-6FQ,MS 6 E1/17a
http://rdfh.ch/0112/roud-oeuvres/NV_K-BftRcqX_UGN-2z4wA,MS 2 E/18b
http://rdfh.ch/0112/roud-oeuvres/BQ4e4zsoT2W4jxTRUkz7-g,MS 2 E/19a
http://rdfh.ch/0112/roud-oeuvres/Zcj1W-U4SXSn7Q2x2uXZbQ,MS 2 E/19b
http://rdfh.ch/0112/roud-oeuvres/_W3gRe6bS2yfIK9jgW3DyA,MS 2 E/19c
http://rdfh.ch/0112/roud-oeuvres/gJIbVK_jTO6HO-Bd4OdAKA,MS 2 E/19d
http://rdfh.ch/0112/roud-oeuvres/LmGDFWFrRoOe5xj33U2gmw,MS 2 E/20a
http://rdfh.ch/0112/roud-oeuvres/RNX2WFXERDClTx8qwXshaA,MS 6 E1/18a
http://rdfh.ch/0112/roud-oeuvres/tz5iB1A3Rumj5mAtI3Evrw,MS 2 E/20b
http://rdfh.ch/0112/roud-oeuvres/q4xYOo8ZTRSF24VD0EmKoQ,MS 6 E1/18b
http://rdfh.ch/0112/roud-oeuvres/BUiwW7brRT-q9gGtvQc3Wg,MS 2 E/21a
http://rdfh.ch/0112/roud-oeuvres/7gLxjDfcS_-BNoltbrXCTQ,MS 6 E1/19a
http://rdfh.ch/0112/roud-oeuvres/oL_w_prbR0-rpNO9j-eiQA,MS 6 E1/19b
http://rdfh.ch/0112/roud-oeuvres/idL3KuzETuSCm03gtKBxjQ,MS 6 E1/19c
http://rdfh.ch/0112/roud-oeuvres/4RByOBBQT6ef2wIO2FritA,MS 6 E1/19d
http://rdfh.ch/0112/roud-oeuvres/JhwcIz20QCuzsd0Qq7fikw,MS 6 E1/19e
http://rdfh.ch/0112/roud-oeuvres/l-PoI4PbRy2HnFk4kXgAGA,MS 6 E1/19f
http://rdfh.ch/0112/roud-oeuvres/nVE2iCxOTbKSNjCun-WjCw,MS 6 E1/19g
http://rdfh.ch/0112/roud-oeuvres/ZL6_pF7LRRWb6LSAeDZ0Gw,MS 6 E1/19h
http://rdfh.ch/0112/roud-oeuvres/uKev6gs5TnaAampgiPda6w,MS 6 E1/19i
http://rdfh.ch/0112/roud-oeuvres/5xZkTmuwRROc36mkTpIm0g,MS 6 E1/15j
http://rdfh.ch/0112/roud-oeuvres/S3f9qWbGQ-ObPxtov_ep8A,MS 6 E1/20a
http://rdfh.ch/0112/roud-oeuvres/-o91YJddTSiiBFnmjLqm-w,MS 6 E1/20b
http://rdfh.ch/0112/roud-oeuvres/6QaRaOhRT-u4-veJDhylmg,MS 6 E1/21a
http://rdfh.ch/0112/roud-oeuvres/_PFlm_DVS_iOyC-ba0oaCg,MS 6 E1/21b
http://rdfh.ch/0112/roud-oeuvres/R99BPBTzQ8aP7TwOQ_NhQA,MS 6 E1/21c
http://rdfh.ch/0112/roud-oeuvres/W_d7J6SBTFqh_tWnYYhD7g,MS 6 E1/22a
http://rdfh.ch/0112/roud-oeuvres/sAGjlGRBTDaTjZEvv2fN6Q,MS 6 E1/22b
http://rdfh.ch/0112/roud-oeuvres/_kSdE2yGQZOAIMbn-hpB5w,MS 6 E1/22c
http://rdfh.ch/0112/roud-oeuvres/Unw82RkMQBe7Ulz34YBWvg,MS 6 E1/22d
http://rdfh.ch/0112/roud-oeuvres/bfsJNhCqR02U5RUdcFPNxg,MS 6 E1/22e
http://rdfh.ch/0112/roud-oeuvres/tnFg82sqRymP0rygOPxWHQ,MS 6 E1/22f
http://rdfh.ch/0112/roud-oeuvres/Yxj5fUbJQa-4XKkQW7R4dw,MS 6 E1/23a
http://rdfh.ch/0112/roud-oeuvres/g1_5xD7dTP20gigJU3c2sQ,MS 6 E1/23b
http://rdfh.ch/0112/roud-oeuvres/oSQGTiwqT8uD9_wcmUJNjQ,MS 6 E1/23c
http://rdfh.ch/0112/roud-oeuvres/SQhvz8dFTOmhoBfz0TM2_Q,MS 6 E1/23d
http://rdfh.ch/0112/roud-oeuvres/xVw0qLaBTZWNnv_4McXTCA,MS 2 F/1a
http://rdfh.ch/0112/roud-oeuvres/IOnLER7OQwC-7y28F3h1DA,MS 2 F/2a
http://rdfh.ch/0112/roud-oeuvres/A_2TxEdJS4WOMHaXZ5GncQ,MS 2 F/3a
http://rdfh.ch/0112/roud-oeuvres/7f57r3A8THm0ViNYcLK4zw,MS 2 F/3b
http://rdfh.ch/0112/roud-oeuvres/_HN_RC72QUasisRhtv3x2g,MS 2 F/4a
http://rdfh.ch/0112/roud-oeuvres/1M-1MgtOS02q7n2Jdf5U3g,MS 2 F/4b
http://rdfh.ch/0112/roud-oeuvres/vwDz4VPdS-Gztjxj4mmclw,MS 2 F/5a
http://rdfh.ch/0112/roud-oeuvres/oOerlO77SBWhXduPPpf3qA,MS 2 F/5a
http://rdfh.ch/0112/roud-oeuvres/VFLcHBQrSQWtTdQLCE7-zQ,MS 2 F/5b
http://rdfh.ch/0112/roud-oeuvres/VQycEXtdS96xbJ9IuNHWeA,MS 2 F/5c
http://rdfh.ch/0112/roud-oeuvres/bzEPU-MxTX2W4E7h_TNK_w,MS 2 F/5d
http://rdfh.ch/0112/roud-oeuvres/nLALREsZQsGr-6lpYZX7zg,MS 2 F/5e
http://rdfh.ch/0112/roud-oeuvres/k102LLgSSeyaEvaic3NYyw,MS 2 F/5f
http://rdfh.ch/0112/roud-oeuvres/NBCL1WWgTRyJeA9zj1rK8Q,MS 2 F/5g
http://rdfh.ch/0112/roud-oeuvres/0e71L9BWTIK0U47GMIcQ2Q,MS 6 E1/24a
http://rdfh.ch/0112/roud-oeuvres/zp212b4MS7iwBr18u6gHxA,MS 2 F/5h
http://rdfh.ch/0112/roud-oeuvres/qktFXMW6TSeYlJVTkAVFeQ,MS 6 E1/24b
http://rdfh.ch/0112/roud-oeuvres/0mMd69RNQGq1N-ifyvwM4Q,MS 2 F/5i
http://rdfh.ch/0112/roud-oeuvres/t4T1sJ6vS-alyeJPbglkdg,MS 2 F/5j
http://rdfh.ch/0112/roud-oeuvres/Zelo3ZIKTuyv798qALbi4A,MS 6 E1/24c
http://rdfh.ch/0112/roud-oeuvres/ahWcAZ04T561ojOLlaf73w,MS 2 F/5k
http://rdfh.ch/0112/roud-oeuvres/r2taR-CXSmGk02vjQSteUw,MS 6 E1/24d
http://rdfh.ch/0112/roud-oeuvres/zAD_zSPiQxaAAOqyXmS7Ww,MS 2 F/5l
http://rdfh.ch/0112/roud-oeuvres/7BwehonFQUyGKaC82O8IIw,MS 2 F/5m
http://rdfh.ch/0112/roud-oeuvres/ofSino5aQkigc0wXM2Zy5Q,MS 6 E1/25a
http://rdfh.ch/0112/roud-oeuvres/80KPorzjTDGMjmEjX1Vujg,MS 6 E1/25b
http://rdfh.ch/0112/roud-oeuvres/r7BgpHXcQ7Ku4Jb4tqtwDA,MS 2 F/5o
http://rdfh.ch/0112/roud-oeuvres/Ap5CeKoGRrmPHIibs38jjg,MS 2 F/5p
http://rdfh.ch/0112/roud-oeuvres/ktgBHpAgTxWMWuhA7K26cA,MS 6 E1/25c
http://rdfh.ch/0112/roud-oeuvres/TUatkupSSaSbvTGsmqY0qA,MS 2 F/5q
http://rdfh.ch/0112/roud-oeuvres/HGSaqb3jTa29nul6I8gEwQ,MS 2 F/5r
http://rdfh.ch/0112/roud-oeuvres/Xe4oX4EnQOuWm_NAAZyglw,MS 6 E1/25d
http://rdfh.ch/0112/roud-oeuvres/PlFlYfhsQ4-BOvHDzroytw,MS 2 F/5s
http://rdfh.ch/0112/roud-oeuvres/T-5y24FOQI2iUTkcY3GesA,MS 2 F/5t
http://rdfh.ch/0112/roud-oeuvres/cu7IL13eQfa5nWrFfUKZJA,MS 6 E1/25e
http://rdfh.ch/0112/roud-oeuvres/keha4lAlRZyyA8Df7rDqVw,MS 2 F/5u
http://rdfh.ch/0112/roud-oeuvres/xjYABJBrQqiUl9dMVj75Kw,MS 6 E1/25f
http://rdfh.ch/0112/roud-oeuvres/2VAzRXfmSn6ZjF-NmQJHIQ,MS 2 F/5v
http://rdfh.ch/0112/roud-oeuvres/OxkewqUZRRqKBlwG3h-4XA,Ms 6 E1/25g
http://rdfh.ch/0112/roud-oeuvres/xgl7fzUeQhWHNPDvfMG4Vw,MS 2 F/5w
http://rdfh.ch/0112/roud-oeuvres/5r5mg6gYQ-qsbJTQQO7LRA,MS 6 E1/25h
http://rdfh.ch/0112/roud-oeuvres/IqlKGklsTg-S8bBnFqHT8g,MS 2 F/5x
http://rdfh.ch/0112/roud-oeuvres/MyI7RaXQQwytE7whh71pnQ,MS 2 F/5y
http://rdfh.ch/0112/roud-oeuvres/KPKyG47DSdO0aFsjZ6iLBg,MS 2 F/5z
http://rdfh.ch/0112/roud-oeuvres/fE-kPuTWQS2rxX13BjDXDA,Ms 6 E1/26a
http://rdfh.ch/0112/roud-oeuvres/tfvbYIOyT_ia8kABZN1KVA,MS 2 F/5aa
http://rdfh.ch/0112/roud-oeuvres/4wlegYEtTVm4BsyFR-nirQ,MS 6 E1/26b
http://rdfh.ch/0112/roud-oeuvres/a6TGqhHwSMuIZzZiyVz-Vw,Ms 6 E1/26c
http://rdfh.ch/0112/roud-oeuvres/EVbhFmS6T0aZj3ZkBfoa7A,MS 6 E1/26d
http://rdfh.ch/0112/roud-oeuvres/rYzIGvQMT6y9AOHKwsnJFw,MS 6 E1/26e
http://rdfh.ch/0112/roud-oeuvres/XWCv52CbRK-9mXS1o79Mjg,MS 6 E1/27a
http://rdfh.ch/0112/roud-oeuvres/kpjQWlM_RmSD2FVXuy6fXg,MS 2 F/6a
http://rdfh.ch/0112/roud-oeuvres/GUE6Mqh-Rf-X8s4n8ZGLwg,MS 2 F/7a
http://rdfh.ch/0112/roud-oeuvres/I7S7UfTySYCSil_QrcS3hQ,MS 2 F/7b
http://rdfh.ch/0112/roud-oeuvres/PpgVPHBPRgKgylT6gsfx_g,MS 2 F/7c
http://rdfh.ch/0112/roud-oeuvres/MJDG4XJ0SXWuOu2W3Zz8CA,Ms 6 E1/27b
http://rdfh.ch/0112/roud-oeuvres/sgS_7eZKSFyFTIUzzDl6wg,MS 2 F/8a
http://rdfh.ch/0112/roud-oeuvres/bTooFc88Q7i9Dwtf4f1Jpg,MS 6 E1/27c
http://rdfh.ch/0112/roud-oeuvres/7oZb5g49QpO3LDQzzAnXrw,MS 2 G/1a
http://rdfh.ch/0112/roud-oeuvres/xEkPNaPATg-A9OOBykigeg,MS 6 E1/27d
http://rdfh.ch/0112/roud-oeuvres/iVuirqLqSXK9MLNLGAaJJw,MS 2 G/1b
http://rdfh.ch/0112/roud-oeuvres/u0LilyZWRBWMR20euv3tiw,MS 6 E1/27e
http://rdfh.ch/0112/roud-oeuvres/dbYa689xTfyh1W2U8vs5Pw,MS 2 G/2a
http://rdfh.ch/0112/roud-oeuvres/fA8fgzpCTFaWcIljjT2mqQ,MS 6 E1/28a
http://rdfh.ch/0112/roud-oeuvres/hoRG5ndARaSKwOhjTG39Ow,MS 2 G/3a
http://rdfh.ch/0112/roud-oeuvres/Ft6mDH0rQV6FM_16hIyu-g,MS 6 E1/28b
http://rdfh.ch/0112/roud-oeuvres/Um58V63nQ-279gMRcBbL2A,MS 6 E1/28c
http://rdfh.ch/0112/roud-oeuvres/rqW4S5rHQomPQAhnQxHoXg,MS 6 E1/29a
http://rdfh.ch/0112/roud-oeuvres/-CDpzV-1Rty9PEicVUfKKw,MS 6 E1/29b
http://rdfh.ch/0112/roud-oeuvres/qURoE5BYSoyu-UNIMc3EcQ,MS 6 E1/29c
http://rdfh.ch/0112/roud-oeuvres/m7BCvO4OQ9iOZJtMhAU8Dg,MS 6 E1/29d
http://rdfh.ch/0112/roud-oeuvres/SnKO2awwTFe226G3PJgJdQ,Ms 6 E1/29e
http://rdfh.ch/0112/roud-oeuvres/cVPZT_f5RtKMr2QRsCFn8Q,MS 6 E1/29f
http://rdfh.ch/0112/roud-oeuvres/KqjK7lQyR4OI75EwCxzniA,MS 6 E1/29g
http://rdfh.ch/0112/roud-oeuvres/7UcARmqPTCGRFZAT9hlt3g,MS 6 E1/30a
http://rdfh.ch/0112/roud-oeuvres/KceiuUO5Smaf46Vwdc-x3w,MS 6 E1/30b
http://rdfh.ch/0112/roud-oeuvres/nZzJflruTVOArf-uWTG5wA,MS 6 E1/30b
http://rdfh.ch/0112/roud-oeuvres/jCuqHs3ERyyCiwOVFjcYpQ,MS 6 E1/30c
http://rdfh.ch/0112/roud-oeuvres/3iBq0njbT6axLM0Ha381xA,MS 6 E1/31a
http://rdfh.ch/0112/roud-oeuvres/GXhpGIAHRkK41B9F7hiIRg,MS 6 E1/32a
http://rdfh.ch/0112/roud-oeuvres/k2DVvf-aQt-7R0bthyKAvw,MS 6 E1/33a
http://rdfh.ch/0112/roud-oeuvres/bkBQWQ86QMaacYtfZ8ZG-g,MS 6 E1/34a
http://rdfh.ch/0112/roud-oeuvres/D1AwfmNhTDmuCbsPFLbD4A,MS 6 E1/34b
http://rdfh.ch/0112/roud-oeuvres/DSh0jQO0Rty5Sr1XnT8lDA,MS 6 E1/35a
http://rdfh.ch/0112/roud-oeuvres/1WTpd4CNR66qssE45IJoRA,MS 6 E1/35b
http://rdfh.ch/0112/roud-oeuvres/t2qIgojtTjKBcDqmn6ZddQ,MS 6 E1/36a
http://rdfh.ch/0112/roud-oeuvres/7JxOu1TRTz6SqvUwlnZDog,MS 6 E1/36a
http://rdfh.ch/0112/roud-oeuvres/FfUC1A-RRgidHzK_DCQ_eg,MS 6 E1/37a
http://rdfh.ch/0112/roud-oeuvres/1X2TPy-UThyRYPsvpHgrwQ,MS 6 E1/37b
http://rdfh.ch/0112/roud-oeuvres/MGlaffX3Q1iiPrT_-V1m1Q,MS 6 E1/37c
http://rdfh.ch/0112/roud-oeuvres/NGQcqsPATL2kOdNkEne6rw,MS 6 E1/37d
http://rdfh.ch/0112/roud-oeuvres/1_kO3yyxTM2zQ2jeh8YLQw,MS 6 E1/37e
http://rdfh.ch/0112/roud-oeuvres/yn_yRjV-Q0urnyjCkvSwIQ,MS 6 E2/1a
http://rdfh.ch/0112/roud-oeuvres/JSLWlZT4S3eUiHiGv-VbLQ,MS 6 E2/2a
http://rdfh.ch/0112/roud-oeuvres/Xq--2tHVRmKDf3CgpQA-aQ,MS 6 E2/3a
http://rdfh.ch/0112/roud-oeuvres/jxBy5RysR-eWphVbBnqexg,MS 6 E2/4a
http://rdfh.ch/0112/roud-oeuvres/fI0jVsQ5StSLUoQJ1H76mw,MS 6 E2/5a
http://rdfh.ch/0112/roud-oeuvres/UX8v0ZIKQIuiJ_CDAiThYw,MS 6 E2/6a
http://rdfh.ch/0112/roud-oeuvres/ePS581FgShKb-AtBbeA-lg,MS 6 F1/1a
http://rdfh.ch/0112/roud-oeuvres/QmSMsy78SfiYejsHXsWM7A,MS 6 F2/1a
http://rdfh.ch/0112/roud-oeuvres/uXuUXieKSbmfdJNLQkPDwg,MS 6 F2/1a
http://rdfh.ch/0112/roud-oeuvres/3EmNsUlqRnOrsgodVVimNw,MS 6 F2/1a
http://rdfh.ch/0112/roud-oeuvres/xNEDfHAoSMC8GWhZrLJ-CQ,MS 6 F2/1b
http://rdfh.ch/0112/roud-oeuvres/RjI72Q7WRmiphzPdXEMUwg,MS 6 F2/1b
http://rdfh.ch/0112/roud-oeuvres/S4Z88tGdRzmZdowlCvQYnA,MS 6 F2/1b
http://rdfh.ch/0112/roud-oeuvres/Hwj-SJxXRHSjzPQuU9DZEg,MS 6 F2/1b
http://rdfh.ch/0112/roud-oeuvres/KEr_S6jaTIqx1u2a328GSw,MS 6 F2/1c
http://rdfh.ch/0112/roud-oeuvres/fULUWQGBSuiaWMNuuYhWKQ,MS 6 F2/1c
http://rdfh.ch/0112/roud-oeuvres/DED0BUgETuKY0PLiLbrZfw,MS 6 G1/1a
http://rdfh.ch/0112/roud-oeuvres/65g-3r7lS0OkAP6PhGZnpA,MS 6 G1/1b
http://rdfh.ch/0112/roud-oeuvres/cq4Hg0qMTbqzJ9FWwX-_Xw,MS 6 G1/1c
http://rdfh.ch/0112/roud-oeuvres/6xdRatYcQziF9HTsIg7nlA,MS 6 G1/1d
http://rdfh.ch/0112/roud-oeuvres/_ucLo-B_TnS2C7XY-kwRtg,MS 6 F2/1d
http://rdfh.ch/0112/roud-oeuvres/tgHj0dO6SEGrkLKBfRmmoQ,MS 6 F2/1d
http://rdfh.ch/0112/roud-oeuvres/w3dNSqP0RbWMTBd8HqRB_Q,MS 6 G2/2a
http://rdfh.ch/0112/roud-oeuvres/hro0UC8LQ32ida96VFj-9Q,MS 6 F2/1e
http://rdfh.ch/0112/roud-oeuvres/b7o-9fAqRA-Gc5r1Nx87BA,MS 6 G2/2a
http://rdfh.ch/0112/roud-oeuvres/F7E3mg9oRk6GAPh_x5C_7g,MS 6 G2/2b
http://rdfh.ch/0112/roud-oeuvres/3KrlPKOmTNCosbyFH7bjOg,MS 6 G2/3a
http://rdfh.ch/0112/roud-oeuvres/33-Ub_NFTFyFMnbh7sv0Jg,MS 6 F2/1f
http://rdfh.ch/0112/roud-oeuvres/6guL1e14QlaibC6xcJbWoA,MS 6 G3/1a
http://rdfh.ch/0112/roud-oeuvres/9tvpievnRG-wyn5bzYFOkg,MS 6 G3/1b
http://rdfh.ch/0112/roud-oeuvres/HVwqm2jISXeG3mEX418NGw,MS 6 F2/2a
http://rdfh.ch/0112/roud-oeuvres/AH1WZ9TJRCOwKPNEDMNAeQ,MS 6 G4/1a
http://rdfh.ch/0112/roud-oeuvres/xj7Q0SI_Sn6LduMiKknJHw,MS 6 F2/1g
http://rdfh.ch/0112/roud-oeuvres/5eAcmZMaQPiiGT40KAW31A,MS 6 G4/1b
http://rdfh.ch/0112/roud-oeuvres/9A4lxjgtTpC941H88gqaJQ,MS 6 G2/1a
http://rdfh.ch/0112/roud-oeuvres/S8Jy8Xz4R-Svxp2TrmxorA,MS 6 G2/1b
http://rdfh.ch/0112/roud-oeuvres/-zi26u_URbiqKJiQjWR5LQ,MS 6 G2/1c
http://rdfh.ch/0112/roud-oeuvres/be9kLbmCS-GpjnQSe8iRaQ,MS 6 G2/1d
http://rdfh.ch/0112/roud-oeuvres/-FtQggAqSXeZHXNqbm0_BA,MS 6 G5/1a
http://rdfh.ch/0112/roud-oeuvres/UwQXiplRToeYu5X8fs6Auw,MS 6 G5/1b
http://rdfh.ch/0112/roud-oeuvres/l8q8AI2wTOGk1ghVMK59HA,MS 6 F3/1a
http://rdfh.ch/0112/roud-oeuvres/aUBf5px9QtCQZOROhscQuQ,MS 6 G5/1b
http://rdfh.ch/0112/roud-oeuvres/ZkXrih-JR9-3kSb85QawoQ,MS 6 F3/1b
http://rdfh.ch/0112/roud-oeuvres/8sIb4mCsRyeWYyn32lHJwQ,MS 6 F3/2a
http://rdfh.ch/0112/roud-oeuvres/olWnWhD6ScSqrhl3w26G8Q,MS 6 G5/1c
http://rdfh.ch/0112/roud-oeuvres/dKaiAbsDS1GVejXeeouFfg,MS 6 G5/1d
http://rdfh.ch/0112/roud-oeuvres/669KKFdWTNawk9KC4c7RRA,MS 6 G5/2a
http://rdfh.ch/0112/roud-oeuvres/WmNKntweROKTZwF4rOO7CA,MS 6 G5/3a
http://rdfh.ch/0112/roud-oeuvres/UmQiwLr_SzaEpL5CYwy05w,MS 6 F4/1a
http://rdfh.ch/0112/roud-oeuvres/kVju5x6RQvq9PsNKgfakmA,MS 6 G5/4a
http://rdfh.ch/0112/roud-oeuvres/VOHQrkHpQuOhsd2rxjfamA,MS 6 F4/1b
http://rdfh.ch/0112/roud-oeuvres/98QTw5dQQ4qysQx3yES_Pw,MS 6 G5/4b
http://rdfh.ch/0112/roud-oeuvres/b2FiMXIHTLWtDVRP6jSaxQ,MS 6 F4/1c
http://rdfh.ch/0112/roud-oeuvres/qrs4lntiRCu33l8HJ1wYhw,MS 6 F4/1d
http://rdfh.ch/0112/roud-oeuvres/NWwtqE4jSZucYv8KI3uL1w,MS 6 G5/5a
http://rdfh.ch/0112/roud-oeuvres/liIGBiILREmSCh9kdB_V6g,MS 6 F4/1e
http://rdfh.ch/0112/roud-oeuvres/ZShvE4yLSru6qYTldt__3Q,MS 6 G6/1a
http://rdfh.ch/0112/roud-oeuvres/KfT-i4ntSY-ttygVk5oiGg,MS 6 G6/1b
http://rdfh.ch/0112/roud-oeuvres/QHqp_swHQCOqQ46Ufh1hXQ,MS 6 F4/2a
http://rdfh.ch/0112/roud-oeuvres/_zmRKX3PQ8WSI3BJQ2xjyg,MS 6 F4/2b
http://rdfh.ch/0112/roud-oeuvres/e5T-wbqsRMidY8o9QfOTfw,MS 6 F4/2c
http://rdfh.ch/0112/roud-oeuvres/NeqlqRnkQXySD9CvrrHC0g,MS 6 F4/3a
http://rdfh.ch/0112/roud-oeuvres/rO8cDqw8SIGBh6s4VKHnFA,MS 6 F4/3b
http://rdfh.ch/0112/roud-oeuvres/U5TudK0KQ--qKbFamAyhZg,MS 6 F4/3c
http://rdfh.ch/0112/roud-oeuvres/9mDfDvGwQxqSbxjZWwT8fA,MS 106/59
http://rdfh.ch/0112/roud-oeuvres/E2-WdVB2Q92ZZ4jKHRqvYw,MS 6 F4/4a
http://rdfh.ch/0112/roud-oeuvres/YssfER2rTlaQypN1Sg6QOA,MS 6 F4/4b
http://rdfh.ch/0112/roud-oeuvres/hnkyh9tVQxKL1NnkXMAW1g,MS 6 F4/5a
http://rdfh.ch/0112/roud-oeuvres/1xsffY0_TlioRXDhEuoeYA,MS 6 F4/5b
http://rdfh.ch/0112/roud-oeuvres/TYhcpavIQ8--6dU2KEgdIg,MS 106/60
http://rdfh.ch/0112/roud-oeuvres/EJqW881ZR_6QIX7FwXc7qg,MS 6 F5/1a
http://rdfh.ch/0112/roud-oeuvres/geccqKA7Q7yyPvf44NXj6g,MS 6 F7/1a
http://rdfh.ch/0112/roud-oeuvres/5qS6lmWRQ9SrgtAFntWBQg,MS 106/61
http://rdfh.ch/0112/roud-oeuvres/XmD1maCQSFKZbltw3mCR4A,MS 106/62
http://rdfh.ch/0112/roud-oeuvres/dcOH1kEaS12-w4k9D4cHqA,MS 6 F8/1a
http://rdfh.ch/0112/roud-oeuvres/EYvJasCGSx-EI38ytkVEKw,MS 106/63
http://rdfh.ch/0112/roud-oeuvres/Z7wZSSYOQP2rwG6Uc_ZnEA,MS 6 F8/1b
http://rdfh.ch/0112/roud-oeuvres/xre8F7vFRQC68miRSn8utg,MS 106/64
http://rdfh.ch/0112/roud-oeuvres/d8P0lV58SiWGm6gNB4wL4A,MS 106/65
http://rdfh.ch/0112/roud-oeuvres/pkrrjCe-THKrux0E09-95w,MS 6 F8/1c
http://rdfh.ch/0112/roud-oeuvres/jbROYb26QQidSQYaGlojCg,MS 6 F8/1d
http://rdfh.ch/0112/roud-oeuvres/hiTQyEeQTDijapVJkVmocA,MS 106/67
http://rdfh.ch/0112/roud-oeuvres/bz9Ha5cWSL6jWfeEMWL1yg,MS 106/68
http://rdfh.ch/0112/roud-oeuvres/KoExGGlySlKTcEVou6CvKA,MS 106/69
http://rdfh.ch/0112/roud-oeuvres/EOy_MtzSQ8i3UO_vD3d4nQ,MS 106/70
http://rdfh.ch/0112/roud-oeuvres/tlPncmYOQte4AVBS901s_Q,MS 6 F9/1a
http://rdfh.ch/0112/roud-oeuvres/DFVYfL7AQN26RlUUdL2-SA,MS 6 F9/1a
http://rdfh.ch/0112/roud-oeuvres/luakbiZVSqOG--fZgggnvw,MS 106/71
http://rdfh.ch/0112/roud-oeuvres/nx7adkqERuuhTzMVg50b5Q,MS 6 F9/1b
http://rdfh.ch/0112/roud-oeuvres/j2GssfyzR9CqQFQp0OD_qQ,MS 106/72
http://rdfh.ch/0112/roud-oeuvres/3YV1IM59TMC3HA_NiB1yIw,MS 106/73
http://rdfh.ch/0112/roud-oeuvres/HjQyOv9NRCOltWK4d8CFzg,MS 106/73
http://rdfh.ch/0112/roud-oeuvres/N4ASVpnLQXe25A71iQn6cw,MS 6 F10/1a
http://rdfh.ch/0112/roud-oeuvres/QNGA452vQkKeJAG_RN_XhQ,MS 106/73
http://rdfh.ch/0112/roud-oeuvres/AhZtUPgfRcySznQ1-Y1VfQ,MS 106/73
http://rdfh.ch/0112/roud-oeuvres/65SU6rYcQ_2wYF2lYVWvkg,MS 6 F10/1b
http://rdfh.ch/0112/roud-oeuvres/JBpVq7ONRlu3ojCffvRScw,MS 106/74
http://rdfh.ch/0112/roud-oeuvres/UTvzk0SLQM6wZMLUn3nq5Q,MS GF 10/1c
http://rdfh.ch/0112/roud-oeuvres/1BFkKldwQbexYHuQ8ILYXA,MS 106/75
http://rdfh.ch/0112/roud-oeuvres/CT9JfUx5QkyORHH1cechUA,MS 6 F14/1a
http://rdfh.ch/0112/roud-oeuvres/kxM6hLV8RwOibjtZql4yfQ,MS 106/77
http://rdfh.ch/0112/roud-oeuvres/35FSkA2PSJS_Fvx0pJD-Kg,MS 106/78
http://rdfh.ch/0112/roud-oeuvres/ypmMysFgSbCA_p1RKCjTNg,MS 106/79
http://rdfh.ch/0112/roud-oeuvres/uKhaGJiBQKWmN8qCTbGW7Q,MS 6 F14/2a
http://rdfh.ch/0112/roud-oeuvres/YJOupN1BTSCMQpy-Mh6MnA,MS 106/80
http://rdfh.ch/0112/roud-oeuvres/YAsV1uGvQDKYCUPRBU-OHg,MS 106/81
http://rdfh.ch/0112/roud-oeuvres/6xh8i1IQQEe-lxA6nU03Tw,MS 6 F14/2b
http://rdfh.ch/0112/roud-oeuvres/1qaQM6E4T2u-eAy_2-7FDQ,MS 106/82
http://rdfh.ch/0112/roud-oeuvres/11LBjSe8QTabWmCzrHOTkA,MS 6 F14/3a
http://rdfh.ch/0112/roud-oeuvres/ASYMIxWfRvqsnm4vrzwVlQ,MS 6 F14/3b
http://rdfh.ch/0112/roud-oeuvres/tGOd7wBEQQyCBiulVRbvdg,MS 6 F14/3b
http://rdfh.ch/0112/roud-oeuvres/zQM3zAJyROy0ykBPDANaLg,MS 6 F14/3c
http://rdfh.ch/0112/roud-oeuvres/YR4rHiljTlSSzorkOYhFnw,MS 6 F15/1a
http://rdfh.ch/0112/roud-oeuvres/OQSB-RZwTJ-FUivSwjlEyw,MS 6 F15/1b
http://rdfh.ch/0112/roud-oeuvres/5xMWfpoFTJKrwmLWLUiuiA,MS 6 F15/1c
http://rdfh.ch/0112/roud-oeuvres/P-SI3GLmTramX1gcjqfogQ,MS 6 F15/1d
http://rdfh.ch/0112/roud-oeuvres/CxvH1fOzTJaosJ5b4u1U0A,MS 6 F15/1e
http://rdfh.ch/0112/roud-oeuvres/y9TmbKWSSgqZ6Db6bxglqw,MS 6 F15/1f
http://rdfh.ch/0112/roud-oeuvres/6Lsp2sB9TY6jiW5kKlTh3Q,MS 6 F15/2a
http://rdfh.ch/0112/roud-oeuvres/IWJ8XaitRRuK-gokKQoFlQ,MS 6 F15/2b
http://rdfh.ch/0112/roud-oeuvres/6GX2EEOGQhO4G2daHZ42Lg,MS 6 F15/2c
http://rdfh.ch/0112/roud-oeuvres/mRthMRTsT2Ktw6u-e_txDA,MS 6 F15/2d
http://rdfh.ch/0112/roud-oeuvres/hLLDTY4dTU6u_1uO_XkBXg,MS 6 F15/2e
http://rdfh.ch/0112/roud-oeuvres/3kVAk52gQRi7zcFJt7jUqA,MS 6 F15/2f
http://rdfh.ch/0112/roud-oeuvres/1ZzfMK-iTOudjTp2GsMuzw,MS 6 F15/2g
http://rdfh.ch/0112/roud-oeuvres/XopkBIQHQNKJzPuhWRlwDQ,MS 6 F15/2h
http://rdfh.ch/0112/roud-oeuvres/qmyIZqXQQZ6ir0ag9MB7Hg,MS 6 F15/2i
http://rdfh.ch/0112/roud-oeuvres/5eRVSN5JR96mUEhswc4USQ,MS 6 F16/1a
http://rdfh.ch/0112/roud-oeuvres/fqYVqmyiRFWrXsAApfbh_g,MS 6 F16/1c
http://rdfh.ch/0112/roud-oeuvres/vDKDU0D0QQG3Zzv07Uysxw,MS 6 F17/1a
http://rdfh.ch/0112/roud-oeuvres/etIN0rQjRBq_otqlKBVOOA,MS 6 F17/1b
http://rdfh.ch/0112/roud-oeuvres/8h9wQLkPQ_iP-24WiRdsiw,MS 6 F17/1c
http://rdfh.ch/0112/roud-oeuvres/wacGy-eAQNCQJwcM4rFXFA,MS 6 F17/1d
http://rdfh.ch/0112/roud-oeuvres/Wd4xyzicSBCsYf-voQb0pA,MS 6 F17/1e
http://rdfh.ch/0112/roud-oeuvres/SpYqHNqOToWp5qWSq6wmTw,MS 6 F18/1a
http://rdfh.ch/0112/roud-oeuvres/f2f0BTeISAO99OPPR9r47g,MS 6 F18/1b
http://rdfh.ch/0112/roud-oeuvres/5-dAwh7dTCu86nh84vhtuQ,MS 6 G6/1c
http://rdfh.ch/0112/roud-oeuvres/KoCkPo4tSEKb5P0vf6_l9Q,MS 6 G6/1d
http://rdfh.ch/0112/roud-oeuvres/6ikGubT1TFi5iGPMqRKspA,MS 6 H/1a
http://rdfh.ch/0112/roud-oeuvres/8vwWYQ4gSdeAtFav3jFTVQ,MS 6 H/2a
http://rdfh.ch/0112/roud-oeuvres/VkEOjS5JSMKQlR4qxDTbOA,MS 6 H/2b
http://rdfh.ch/0112/roud-oeuvres/7TRtDy5VQFOMWXJfYw7hJw,MS 6 H/3a
http://rdfh.ch/0112/roud-oeuvres/kRllKiV_R4m_FyMeHTYVTQ,MS 6 H/4a
http://rdfh.ch/0112/roud-oeuvres/epDGe68lSL6a32DfQAUDaQ,MS 6 H/5a
http://rdfh.ch/0112/roud-oeuvres/D9AhLiOsTtKjAadMeAW5_w,MS 6 H/6a
http://rdfh.ch/0112/roud-oeuvres/OZb3KMfoRvmHJ23-YuFxsA,MS 6 H/7a
http://rdfh.ch/0112/roud-oeuvres/_BWxSRgcTsS-8jHL-nfyQg,MS 6 H/7b
http://rdfh.ch/0112/roud-oeuvres/6mRp_2JCQW6IYSCOYGOe2Q,MS 6 H/8a
http://rdfh.ch/0112/roud-oeuvres/wMAmmdDcQJK55TPCi0upLA,MS 6 H/9a
http://rdfh.ch/0112/roud-oeuvres/9WhXyqkFQGiBChXamKpi4w,ALS Fonds Chappaz MCH B-2-ROUD.2
http://rdfh.ch/0112/roud-oeuvres/WtXwFVZaRSupe7tkDnPxXg,ALS Fonds Chappaz D-11-ROU/4
http://rdfh.ch/0112/roud-oeuvres/YPhcKRi3Q2Sdu6hUf_M50w,ALS Archiv SSV 01-b-01-1946
http://rdfh.ch/0112/roud-oeuvres/2qceOpwLQm22OaDBjEtMJw,MS 3 A/10b
http://rdfh.ch/0112/roud-oeuvres/btcY0rBFSuKwjiQ_cRHEZA,MS 2 F/5z
http://rdfh.ch/0112/roud-oeuvres/2ISme_PxTnubzxXV8dQeGQ,MS 3 A/11a
http://rdfh.ch/0112/roud-oeuvres/5kt7VZleRz2JUfebv6tUNg,MS 3 A/11b
http://rdfh.ch/0112/roud-oeuvres/WP2sdT3KQP2yMXvC-9wOAQ,MS 3 A/11c
http://rdfh.ch/0112/roud-oeuvres/Ohwk2G9NSJ6s8PnGRO1uug,MS 3 A/12a
http://rdfh.ch/0112/roud-oeuvres/YO3GtP4oT9epGyPL-DgrGA,MS 3 A/13a
http://rdfh.ch/0112/roud-oeuvres/Ya8YdI4mSJGuXFieqdinTA,MS 3 A/15a
http://rdfh.ch/0112/roud-oeuvres/X8RE9haYRrWqmyy-I_0rPw,MS 3 A/16a
http://rdfh.ch/0112/roud-oeuvres/Dh91Wc5eRimbdbpDinsO1A,MS 3 A/17a
http://rdfh.ch/0112/roud-oeuvres/tK2YGc-oR5Wgh6cNn5vJZg,MS 3 B/1a
http://rdfh.ch/0112/roud-oeuvres/0o9BCbmxR7aWSGHE0OMPNw,MS 3 B/2a
http://rdfh.ch/0112/roud-oeuvres/WvX2TDhKQj6u4pHMvD2Xdg,MS 3 B/3a
http://rdfh.ch/0112/roud-oeuvres/M-591tbTQ5CRftnksmM3SA,MS 3 B/3b
http://rdfh.ch/0112/roud-oeuvres/0aieRN1bRI6EZ6nvHoUTAg,MS 3 B/4a
http://rdfh.ch/0112/roud-oeuvres/v3IJ_L6GS9y2A_grBCGKzA,MS 5 A/13b
http://rdfh.ch/0112/roud-oeuvres/VUhB2I8bRQa4TaH6qC9Q6Q,MS 5 A/17a
http://rdfh.ch/0112/roud-oeuvres/_26UzpMxQwuDN7XmDgrYVQ,MS 5 A/22a
http://rdfh.ch/0112/roud-oeuvres/C7t1aRkeSl2V-bYA41ROSA,MS 5 A/23a
http://rdfh.ch/0112/roud-oeuvres/0msk85nhTEeb2Vy-Y02MGg,MS 5 B/1a
http://rdfh.ch/0112/roud-oeuvres/J38FdRRoQNChK9-zYYab4Q,MS 5 B/2a
http://rdfh.ch/0112/roud-oeuvres/AZm2MJWgQxO6uCBWkloV_w,MS 5 B/3a
http://rdfh.ch/0112/roud-oeuvres/lUBjTGaYTL-JcbZZ0PdbCQ,MS 5 B/3b
http://rdfh.ch/0112/roud-oeuvres/0pxVJfV-StKwwLg74Mo_uQ,MS 5 B/3c
http://rdfh.ch/0112/roud-oeuvres/ifTdzpQlQiC_zdMBbGvtXg,MS 5 B/4a
http://rdfh.ch/0112/roud-oeuvres/pmRAPRDcT4ma3zFhCk2cVQ,MS 5 B/4b
http://rdfh.ch/0112/roud-oeuvres/Gm9I2-8IRhC7n2D8sLmOIg,MS 5 B/4c
http://rdfh.ch/0112/roud-oeuvres/WUBPMzXERpKeAp6xD-jMIw,MS 5 B/4d
http://rdfh.ch/0112/roud-oeuvres/xaucf8ENTdig9zTMMDUXQg,MS 5 B/4e
http://rdfh.ch/0112/roud-oeuvres/0jDHrmIJTnmFLA-m-ALLMw,MS 5 B/4f
http://rdfh.ch/0112/roud-oeuvres/xLN0d_jFRwyKwRgQrZ3x3w,MS 5 B/4g
http://rdfh.ch/0112/roud-oeuvres/38-lflmNRbWiqEAp5DCGVA,MS 5 B/4h
http://rdfh.ch/0112/roud-oeuvres/_krK14slQUy0JK4_u9vGKg,MS 5 B/4i
http://rdfh.ch/0112/roud-oeuvres/B66rDoZIQtiruGrXZ-syPQ,MS 5 B/4j
http://rdfh.ch/0112/roud-oeuvres/v6CYrGgxT9SXrPSzklM9cw,MS 5 B/4k
http://rdfh.ch/0112/roud-oeuvres/5WqZNHUjSSG6B41AzO1bbw,MS 5 B/4l
http://rdfh.ch/0112/roud-oeuvres/z9GG4-5ARlic3QSVwoGh4g,MS 5 C/1a
http://rdfh.ch/0112/roud-oeuvres/7QizIiRJRx-dMjAhRNaAMQ,MS 5 C/2a
http://rdfh.ch/0112/roud-oeuvres/g2mUU-3_TECwfkON8mLkOQ,MS 5 C/3a
http://rdfh.ch/0112/roud-oeuvres/MOtQUmUSTBm1rPFXbjLmsg,MS 5 C/3b
http://rdfh.ch/0112/roud-oeuvres/uOoXlRrBRUGD5rxrMH0dag,MS 5 C/4a
http://rdfh.ch/0112/roud-oeuvres/C7_G0sJTS6mqORtUm52FOA,MS 5 D/2a
http://rdfh.ch/0112/roud-oeuvres/tEbpvN8HSmyOcIz6RxA-1w,MS 5 D/3a
http://rdfh.ch/0112/roud-oeuvres/KrZqxjMNTVSrlLGpDfwNtQ,MS 5 D/4a
http://rdfh.ch/0112/roud-oeuvres/sxAHhhkLTAy9U5UvnG4WuA,MS 5 D/5a
http://rdfh.ch/0112/roud-oeuvres/A2U4ZtAlQt2gAfPHHFW99Q,MS 5 D/6a
http://rdfh.ch/0112/roud-oeuvres/e3D3XXbGQbiS1bvXmof59A,MS 5 E/1a
http://rdfh.ch/0112/roud-oeuvres/H6E6ZJi_TRaajnfMKbEgsA,MS 5 E/2a
http://rdfh.ch/0112/roud-oeuvres/_CD6j77rQWO-7Kpqq8e9Bw,MS 5 E/3a
http://rdfh.ch/0112/roud-oeuvres/JPIQ50ULQcms8znpNymVvw,MS 5 E/5a
http://rdfh.ch/0112/roud-oeuvres/GDoinL7cRqWM6rTY8B6TSg,MS 4 B/8a
http://rdfh.ch/0112/roud-oeuvres/arNxbLAhQmO4PFCx_ijPwQ,MS 4 B/15a
